stratum	rank	selection_blake3	chrom	donor	acceptor	archives_present	archive_ids
one_archive	1	00000b4fa8a9aa5c751c5967e59620f4d91a04243e302d0de2cbc371044581d0	chr17	29417118	29515203	1	G
one_archive	2	0000177a6c8989feeab5514b85bfaeb4d0f7cdab61faaf289d13e5f60e706536	chr11	65225950	65499682	1	F
one_archive	3	000042fc7f98195acf1aa5430e84b778abfc5d42e6a3d45e313efffb65dc0f18	chr7	151576883	151585028	1	F
one_archive	4	0000543b732f2e1aaf5e8e5a8bdf6382b76ef7e242ca3b74c0a47ee5cb011e98	chr15	38311874	38312163	1	A
one_archive	5	00007159d8358c97e17093cae1689a8c95ebe44c428907e7e239e4293228f7de	chr1	32265118	32276988	1	D
one_archive	6	00008c8ef8a27ee145b5e03fa02b1b9671b9c932baf9b2143dea9aeec3c93bc1	chr7	36978916	37134525	1	G
one_archive	7	00009842caa92c9aa5129dd22e78fbf3a4177b40a7ee87f34ebe6341dc22a509	chr19	4130509	4227709	1	G
one_archive	8	0000abf1bbc4165094678713220e604ee776fec2a2ee178ce7c21810acabfa9e	chr7	44835658	44843276	1	G
one_archive	9	0000b1a383bfe95cfdc9f58f743009bb12c1663d3c742fae936c0d4d5e00c184	chr15	61013156	61015912	1	A
one_archive	10	0000bdf173ba5636a9fccee55f4c79bec5ac71e4a83b8aba46a641495f655793	chr14	38716997	38717344	1	D
one_archive	11	0000cbd6597cdbe5d84eea5047fd764b0c2b7c898ffcdf70acd658e29ba27a87	chr10	114474903	114486164	1	A
one_archive	12	0000d87f74e1ce6592fb7462cd5b3005726ba382cdac51d92183fd84ba30b5f4	chr12	8874527	8874970	1	B
one_archive	13	0000f75ee4e2213aed430b3add1d43c8a0f9501133b39b4424fabaf039d58c5b	chr19	32940872	33058044	1	D
one_archive	14	0000fc66902d84207f1f8b6321c4f7f560d8904d85151f1b0ea90aa8ad080e70	chr10	86273059	86279360	1	D
one_archive	15	0000ff09889080c4334b738dec918b42c8d4a624c75c3add02bc0e97c54b3427	chr18	12437031	12512261	1	G
one_archive	16	000100d7bdc8cb4c49e816bb312b59f4bded3ca8a9b676beec7a17fb6dda0802	chr10	109951743	109974334	1	G
one_archive	17	000113f9afa928bfb649afe41a24691a96c1a406f398159115bfc666979b923a	chr18	26458590	26458771	1	D
one_archive	18	0001284e510b0e5b6f6655447ed54e91c20c9b210b8a10d010abaaa5e17c4175	chr10	60468979	60469710	1	A
one_archive	19	00012a2448e917a0ec76c7cf5adf10616b9885001798f7c772652e3024a13285	chr5	132981825	133085597	1	B
one_archive	20	000140e37ee0cc10c8f9a5989d4dd4ea525faad2066fb04a94d6b3e4b432cafd	chr4	116355475	116363708	1	D
one_archive	21	000141a581ca5d8c8377f055231d8742260160d68cfe79a2909cd77e9cf7683f	chr15	52608318	52610128	1	G
one_archive	22	00014aa1b06d221e118db73cdfece145773a4826393c3fd69ecdc8aff2417266	chrX	20869793	21480847	1	G
one_archive	23	000152bc2726778093cce420047cbd399fc8f8e585d1743aa51ece12a2cc65db	chrX	21359424	21949111	1	D
one_archive	24	00015cc9859b2990522c78c9c61093f001cda2b38672983643f4919eafabdf9a	chr2	135624114	135624428	1	D
two_to_three_archives	1	000025d50fa2e62df31913d0a6a4d61178def90bbacc7f95374a586d9ac493a6	chr17	48933346	48936130	2	A,H
two_to_three_archives	2	0000b94401473c1981cb9d2ad1ef6ce5d9ea78d6e693ba2c955fdd4affddadb2	chr4	21650509	21654577	2	A,D
two_to_three_archives	3	0000c343dbfe57d14394a51461993d059d78f07a189f9ea3188ab5b16dcee3a6	chr18	45751063	45786466	2	D,G
two_to_three_archives	4	00022ed7d77e462090c8ace75152dbe491a3b18b0db3f1df40aaf3df0275ba8b	chr12	56782232	56784852	2	D,E
two_to_three_archives	5	0004658e0a7e70eb0fca630f5d24bb8ca782e5c0df1072c1f16c21bd793ee7d5	chr9	32645434	32870935	3	B,C,G
two_to_three_archives	6	0004d9fefb58293f672d7b4aa3f7ba29859691c4cce3e159cacfef8da91f64b2	chr7	52702263	52745682	2	D,G
two_to_three_archives	7	00067649e342afd3b802fecf02da0982b6c94d0e90a41d1879d4ad04a87574e5	chr1	17491855	17591642	3	C,D,G
two_to_three_archives	8	0006a54ebbd2bdc6065a01c5b6ccd8cedee51a19b2fdd71e95731951985dff67	chr17	29457590	29515203	2	F,G
two_to_three_archives	9	0007a9006ddf58258d4b34210332afc52247a10ac1d2fbd4e69258d81208ac5a	chr14	29412320	29509186	2	D,G
two_to_three_archives	10	0008cf958464729ec9b0ae2080cac1cc59d6f9faa37676ac0960b76056e3ddba	chr11	65499600	65499670	2	D,G
two_to_three_archives	11	0008ee1fe7ce3849ea5ec625561293b8fcd9609a1141d8c09833ff41e4247cfd	chr19	58344927	58528546	3	D,E,G
two_to_three_archives	12	000d171cc0729ddea2d0907c047326bccf9bd7a46d2c4b83aeea80533067d1ed	chr2	18890238	18919212	3	A,D,G
two_to_three_archives	13	000d491572bac6ab526b8cc8b6375be82ccbd268aec107e44a6c5a9c8a484be2	chr2	95889994	95891831	2	D,H
two_to_three_archives	14	000d547617e4a37744d1ee85b87626d266ebd34070bbe1d94136ff44d32874ac	chr19	17493856	17494557	3	A,B,H
two_to_three_archives	15	000e0d767d0300d2e26194503e667a1f14595fca76475636781f1aac82d243f0	chr2	202961426	202966977	3	D,G,H
two_to_three_archives	16	000e33cdd1ac18c6b9ca44d1647c6f9d0aa7b8eacb9ab53349a4a013addc1b40	chr19	10216867	10465926	2	B,G
two_to_three_archives	17	000e66a2b1c4a317f8170ffa6a17128cbd4dd476a73c6da9019d534510b4385f	chr12	51690616	51696783	2	B,D
two_to_three_archives	18	000f38a3de8319c764a9f487d3240dd63ee22a68c3314c6fd4cf24b9953730d3	chr11	65499518	65499661	2	D,G
two_to_three_archives	19	000f5c7d37fc1507c656ef03bf2ece6e36895e899fe48e8e65f5102971e1de14	chr15	88905901	88906625	3	A,C,D
two_to_three_archives	20	000fb8850bfe6663b532f265749f6692d338da5993031f86e831cf6f64fa6a2d	chr16	29413628	29514832	2	D,F
two_to_three_archives	21	00103115434714244c566fe7cfafdf95ebdbd29dcbd3497c7b561c7ffa3f1295	chr17	29276498	29401400	2	G,H
two_to_three_archives	22	00117112a2242c73539b6831e8b8ada38872cb534f4280edc5e80bc8ae5df608	chr7	67560317	67857452	3	B,C,F
two_to_three_archives	23	0012c42903c0e16bb3a761c37e8b16630fc3afb98995ea28ed3ef1fe8c60b261	chr17	29419342	29515202	2	B,G
two_to_three_archives	24	001302b08cac3bf9c31059c8b4396bca3e2fe3904d13958e9f71df6e833e60d4	chr8	97682314	97717615	3	D,F,G
four_to_seven_archives	1	0000ac759a6be802a94c937add4f54f55496ee77ceeea6b0ae6ea338ac3d13f7	chr2	152619718	152622536	5	B,D,E,F,G
four_to_seven_archives	2	0000c4b4e80353e63ead89c4a0d0ba974c18542d2f0cc1210c927429e86db155	chr10	28596041	28608185	6	B,D,E,F,G,H
four_to_seven_archives	3	0001c11731be9db252fc66b223001ec95192eb2aa61c604637207d2738f2f851	chr7	67824198	67857452	4	B,C,F,H
four_to_seven_archives	4	000524eb9268a949be7e0e0d08e4b2cce3cf0fb0e7aeb209c4b59cc8cc92c3bb	chr9	125311071	125313831	4	A,B,C,D
four_to_seven_archives	5	0005a48423a95c451609de0a09a82e8920e98c86ac3d48c72da00d52d7670b8a	chr17	4938253	4938338	4	A,F,G,H
four_to_seven_archives	6	0006494e91e3beccd716c6a892f344cee7187e36d0d473709040888f5579c04a	chr2	36356623	36396613	6	B,C,D,E,F,G
four_to_seven_archives	7	0006e30eed440b24301306992bc24f2d97dd0b0330563018ae831a005a3953da	chr11	65499445	65499567	5	A,B,D,G,H
four_to_seven_archives	8	00072aa2d2eeb6b0df86c934f5a0608ce5bbea7b4816d7e3a01d7080e9d2fcb6	chr12	112081134	112087682	7	A,B,D,E,F,G,H
four_to_seven_archives	9	000852ca2fb469d2f079d7647a45afd76a53b140d2726662de10faed2a31bae6	chr1	92324375	92333390	4	A,C,D,G
four_to_seven_archives	10	00092a5af808814bf9a66fac6286a734f8bde1a7660fe2415af74234ca66d6a8	chr14	23081836	23090521	7	A,B,C,D,F,G,H
four_to_seven_archives	11	000a2891d0e7a144aadc68450099215bdc634b65d5f60fcf5098b8a299cdffcb	chr10	112433281	112434296	4	D,E,G,H
four_to_seven_archives	12	000bdaf6d9ec1994f771a2ffbc2be9376972ba04c9bb1e2b9288555fee35c2ad	chr5	59382406	59768241	6	B,D,E,F,G,H
four_to_seven_archives	13	000c1b3e5886b9770438e35f83adb59d9041a6e255767a3a4a8e42f218f56af9	chrX	46462874	46463197	6	B,D,E,F,G,H
four_to_seven_archives	14	000c5ac9094e58d88769b310de5bae475cca6f40c8368b624b63ec80cc0aaff6	chr11	94821821	94830049	4	A,D,E,G
four_to_seven_archives	15	000c69030c2926172ef1d03c9c7de903447f69f1c174186a8ffe09d7c19ca08a	chr12	105177262	105188272	6	B,C,D,F,G,H
four_to_seven_archives	16	000e5e92e3363e1f59cab6f293168f9f19fabd7964e967f445356197bf84b095	chr6	89853234	89854816	6	A,D,E,F,G,H
four_to_seven_archives	17	000f9bddf9f5b455f136b05ad0f1303680bf4384c09e5ba6e61a0aaa878f7333	chr2	209697051	209700276	4	A,D,F,G
four_to_seven_archives	18	000fc37ab8b1164f66bbf632a36841efa7e7f657bea04b69abd4afd11f541a1c	chr17	29352367	29373974	4	B,C,G,H
four_to_seven_archives	19	00101d698c59c5d0058629a85bb7d2757798f59e0ca2c81a22dd9502032bb72f	chr17	72428298	72431127	6	A,D,E,F,G,H
four_to_seven_archives	20	00105c40c81b9f0a73eb8b3811b419cc6879a30031292c520f6767361b7bafc7	chr4	186197602	186198956	7	A,B,C,D,F,G,H
four_to_seven_archives	21	0010d04aec5c918691500176a095f5a11529290aec7a89ef2c6bd79699a30c48	chr2	148510135	148512869	5	A,E,F,G,H
four_to_seven_archives	22	00142a97c1928fab6b0e064d19c0e5f71950fbac17fafd3754e3c2dba882ef6f	chr14	58215284	58219693	6	A,C,D,E,F,G
four_to_seven_archives	23	0015664eebda70821766d9c4bba854f39f87dfb7fac0926a1d8e0ec4edfc679e	chr15	65671886	65676444	5	B,C,D,G,H
four_to_seven_archives	24	001806e35e8f5fda876f6d8474799d03a94344b407b7fae9d941873548119912	chr6	10942746	10955115	5	B,D,E,F,G
eight_archives	1	000321ce6ca666311c17b9d57a8092cffb24913de383a377a5ac3359e5cbe579	chr8	68027323	68030496	8	A,B,C,D,E,F,G,H
eight_archives	2	0004b55ac223250eeb2c41cbb6a6796ba201c1f8874356a6f64fd09b3abf13f8	chr9	5656690	5689958	8	A,B,C,D,E,F,G,H
eight_archives	3	00080276a1abb42129d0e99002272fce5ec8c675528a92baed93e84b7f02ec98	chr15	22542850	22542942	8	A,B,C,D,E,F,G,H
eight_archives	4	000987f7a5a7d3260272bad05a95c6194602066168246a63ff7bfe990cc00c3c	chrX	129506211	129507940	8	A,B,C,D,E,F,G,H
eight_archives	5	000f2054d1c2719958c399fec02a2e7856da1b07beef6771e682a37b41bc3378	chr21	21280652	21284193	8	A,B,C,D,E,F,G,H
eight_archives	6	00108e1e88c5e17bae94762a9632dbb4751a890e5c2b76ffa6871fc919ac1bb5	chr12	94994257	95002738	8	A,B,C,D,E,F,G,H
eight_archives	7	001221c4f0f7c3dcb3529a38cd4fcf15d41f310d8981d371933022c1fba93d5c	chr5	65720829	65721916	8	A,B,C,D,E,F,G,H
eight_archives	8	0013072241ab5dcbf0d22ea99299138be5ea9ac73faa98cc29a9044bc958946d	chr17	2467876	2473523	8	A,B,C,D,E,F,G,H
eight_archives	9	0014a5db36341bca5b7de3f1b9463392af1abb9bba91e097e81d62af61305a17	chr17	31201159	31201410	8	A,B,C,D,E,F,G,H
eight_archives	10	001584b2746b34f0c71de28752eb036de47fd79d70087e6c07cb4a64411355d4	chr2	95962424	95962518	8	A,B,C,D,E,F,G,H
eight_archives	11	0017d3737aeabce5c904d8c82a85fb90559f93eb04de4efd57cde4ea17c8dad6	chr20	47291888	47294665	8	A,B,C,D,E,F,G,H
eight_archives	12	001a2fecdf84816245e87f98ebf261592abcbb21e33cc990499e3a7a98305c2e	chr4	15026458	15290004	8	A,B,C,D,E,F,G,H
eight_archives	13	001caa35aca759a54f02e3b7c24594500e075019dd5dcd5cd9adc420be17eaca	chr5	177511927	177512095	8	A,B,C,D,E,F,G,H
eight_archives	14	00215d437092aa30fab83e45a15e8089f2da698ce9f6817e93c3ece8076e6bd5	chr12	6534569	6534809	8	A,B,C,D,E,F,G,H
eight_archives	15	002160442a15b77358717dfe9b05468cb33e528b53bc5ac23dd162b94ac9dd52	chr5	174046884	174064231	8	A,B,C,D,E,F,G,H
eight_archives	16	0028e43de999ac14b234f767e784da93ad55e5116dfed6cf505b3142056850f1	chr4	88278642	88284405	8	A,B,C,D,E,F,G,H
eight_archives	17	00297e94c3329e3e737e116f85262d83bffe0d709062d58eb55701424ed8a4a7	chr12	66147941	66152270	8	A,B,C,D,E,F,G,H
eight_archives	18	002de893036223ddcba4aee2fb6f3b01804a6482724e7b48ca5756c3b65c43d1	chr7	17891635	17893331	8	A,B,C,D,E,F,G,H
eight_archives	19	002f263b4d4f4967b80a5907fe3cec885ec0608293e0fa4272123e826f271549	chr8	13110823	13115585	8	A,B,C,D,E,F,G,H
eight_archives	20	00328a4265314c954fd38e0a2b4f7d5cf7136ec4dc1aa043edf7360765723763	chr4	1090838	1096764	8	A,B,C,D,E,F,G,H
eight_archives	21	00330c708f856a17f91edf828c54d69dd4c25579d13de63ff2b04eac40224a88	chr12	120114860	120166456	8	A,B,C,D,E,F,G,H
eight_archives	22	00362b87081a84e640d9a156b51ba38ae0f5ae2ed0d85b5e7487c01fed10b47e	chr4	183666426	183667059	8	A,B,C,D,E,F,G,H
eight_archives	23	00377c3a1129f4ab349b6ca39fe96c8645f42e1d231f2b91b87d439d6906bd42	chr21	37159745	37160801	8	A,B,C,D,E,F,G,H
eight_archives	24	0038d02544b5ec150e254c99b37439a6def17210333656b2be32ba131b965c60	chr7	143267733	143268090	8	A,B,C,D,E,F,G,H
