AATCACGAGCATTGAA	g0
AATCACGCAAGTCGTT	g0
AATCACGCACAAATCC	g1
AATCACGCACAGAGAC	g0
AATCACGCAGGGAATC	g1
AATCACGGTCTTCATT	g2
AATCACGTCAGGGATG	g3
AATCACGTCCAATCCC	g0
AATCACGTCCTTCACG	g1
AATCACGTCGTAGAGG	g1
ACAGAAAAGGCCTAGA	g4
ACAGAAAAGGTCTACT	g2
ACAGAAAAGTAATTGG	g4
ACAGAAACAATCTCGA	g0
ACAGAAACACGCGCAT	g3
ACAGAAACAGTGTGCC	g3
ACAGAAAGTAGGTTTC	g2
ACAGAAAGTATGCGTT	g0
ACAGAAAGTCACTCGG	g0
ACCCTTGAGTAGTCTC	g2
ACCCTTGCAAGTAGTA	g1
ACCCTTGCAAGTCGTT	g3
ACCCTTGCACTACACA	g3
ACCCTTGCAGGGAATC	g4
ACCCTTGCAGTTTCGA	g3
ACCCTTGCATCTCCCA	g0
ACCCTTGTCAAGAAAC	g3
ACCCTTGTCTCTAGGA	g3
ACCCTTGTCTGTGCGG	g4
ACGTCCTAGGAACTCG	g1
ACGTCCTAGGTACAGC	g3
ACGTCCTAGTCATCCA	g0
ACGTCCTCAATCTGCA	g5
ACGTCCTCACTTCAGA	g5
ACGTCCTCAGACCTAT	g4
ACGTCCTCATCTCCCA	g2
ACGTCCTGTGGCTTAT	g2
ACGTCCTTCACAAGAA	g0
ACGTCCTTCAGGGATG	g4
ACGTCCTTCGCCACTT	g4
ACTATTCAGACCAGAC	g0
ACTATTCAGTAGGAAG	g4
ACTATTCAGTGCGTCC	g2
ACTATTCAGTGTTGAA	g0
ACTATTCCACCAGCGT	g0
ACTATTCCATCCTATT	g3
ACTATTCGTGGCTTAT	g4
ACTGTGAAGGTCTACT	g4
ACTGTGAAGTAGGAAG	g0
ACTGTGACAATAGTAG	g2
ACTGTGACACATGAAA	g5
ACTGTGAGTGACGCCT	g1
ACTGTGATCCGCTTAC	g4
ACTGTGATCTGCCCTA	g1
ACTTTCAAGAGAGCGG	g2
ACTTTCACAGCTGCCA	g0
ACTTTCACATGAATAG	g5
ACTTTCAGTCCCGTGA	g0
ACTTTCAGTCCTTAAG	g3
ACTTTCAGTGACGCCT	g1
ACTTTCATCCTTATCA	g1
ACTTTCATCTCCAATT	g3
ACTTTCATCTGTGCGG	g4
AGACACTAGCCTCTGG	g0
AGACACTAGCGAATGC	g1
AGACACTAGCGACATG	g2
AGACACTAGGGCGAAG	g0
AGACACTCAATTAGGA	g4
AGACACTCACCGTGAC	g4
AGACACTCACTTCAGA	g4
AGACACTCATATCTGG	g3
AGACACTGTGACGCCT	g0
AGACACTGTTCGGCTG	g4
AGACACTTCCGAGAAG	g6
AGACACTTCTCTAGGA	g4
AGGGAGTAGAAATTGC	g0
AGGGAGTAGCACCTGC	g1
AGGGAGTAGCCTCTTC	g0
AGGGAGTAGGATCACG	g5
AGGGAGTAGGCCTAGA	g0
AGGGAGTAGGTACAGC	g0
AGGGAGTAGTAATTGG	g4
AGGGAGTAGTGTGTTC	g4
AGGGAGTCAAACCATC	g0
AGGGAGTCACAAATCC	g0
AGGGAGTCATCAGTGT	g3
AGGGAGTGTGATTGGG	g0
AGGGAGTGTGTCTAAC	g3
AGGGAGTTCCCAAGCG	g0
AGGGAGTTCGAACGCC	g3
AGGGAGTTCGCCTTGT	g3
AGGGAGTTCGTTTACT	g0
AGGGAGTTCTTCCTAA	g4
AGGGTGAAGCACTCTA	g0
AGGGTGAAGCTTGTTG	g4
AGGGTGAAGGTACAGC	g4
AGGGTGAAGTCCCAAT	g4
AGGGTGAAGTGTTGAA	g0
AGGGTGACAAGAGAGA	g0
AGGGTGACACAAATCC	g3
AGGGTGACACTACCGG	g4
AGGGTGACAGCTACTA	g0
AGGGTGACATCTCCCA	g4
AGGGTGACATGAAGCG	g2
AGGGTGAGTAACGCGA	g1
AGGGTGAGTAGCGTAG	g2
AGGGTGAGTTACACAC	g3
AGGGTGAGTTCGAAGG	g3
AGGGTGAGTTGGAGGT	g3
AGGGTGATCAAAGGTA	g4
AGGGTGATCCACGTAA	g4
AGGGTGATCCCGTTGT	g0
AGGGTGATCGTCGGGT	g4
AGTAACCAGACCATTC	g4
AGTAACCAGAGAGCGG	g5
AGTAACCAGCCTCTGG	g2
AGTAACCAGGTTGGAC	g1
AGTAACCAGTGCGTCC	g0
AGTAACCCAACGCATT	g6
AGTAACCCAGGGAATC	g1
AGTAACCCAGTGTGCC	g3
AGTAACCGTAACTTCG	g3
AGTAACCGTACGGGAT	g0
AGTAACCGTCACTCGG	g4
AGTAACCGTTCGAAGG	g2
AGTAACCTCCAACTAG	g0
AGTAACCTCCTGCTAC	g6
AGTAACCTCTAGTCAG	g3
AGTAACCTCTCCGAGG	g0
AGTAACCTCTGAATCG	g4
AGTAGTCAGATACCAA	g3
AGTAGTCAGGCGTTAG	g4
AGTAGTCAGGCTCAAG	g2
AGTAGTCAGTCCCAAT	g4
AGTAGTCAGTGTGTTC	g4
AGTAGTCGTAACTTCG	g0
AGTAGTCGTCACTCGG	g1
AGTAGTCGTCCCGGTA	g0
AGTAGTCGTCCTTAAG	g4
AGTAGTCGTCGAATGG	g0
AGTAGTCGTGACGCCT	g5
AGTAGTCTCAAAGGTA	g0
AGTAGTCTCGCCACTT	g3
AGTAGTCTCTGCCCTA	g1
AGTGACTAGCATTGAA	g2
AGTGACTAGCTTGTTG	g3
AGTGACTAGGTTACAA	g4
AGTGACTCACACCGCA	g2
AGTGACTCACCCTCTA	g0
AGTGACTCACTTCAGA	g1
AGTGACTCATCAGTGT	g4
AGTGACTGTAATGCTC	g4
AGTGACTGTCAAGCGA	g3
AGTGACTGTGGCTTAT	g3
AGTGACTGTTCGAAGG	g5
AGTGACTTCCTGCTAC	g4
AGTGACTTCGACGCGT	g3
AGTGACTTCGCGGTAC	g4
AGTGACTTCGTTCCTG	g3
AGTGACTTCTAGTCAG	g3
AGTGACTTCTCCGAGG	g5
AGTGACTTCTGGCTGG	g0
ATGAGTCAGGTTACAA	g0
ATGAGTCAGTAATTGG	g5
ATGAGTCCAAGTAGTA	g1
ATGAGTCCACAGAGAC	g0
ATGAGTCCAGGTTCAT	g4
ATGAGTCCATATCTGG	g3
ATGAGTCCATTATGCG	g1
ATGAGTCGTGATTGGG	g3
ATGAGTCGTGGCTTAT	g0
ATGAGTCTCAAGAAAC	g5
ATGAGTCTCATCGCTC	g0
ATGAGTCTCCAACTAG	g4
ATGAGTCTCTGAATCG	g6
CACAGATCAAGAGTAT	g0
CACAGATCAGACCTAT	g5
CACAGATCAGCTGCCA	g5
CACAGATCAGGGAATC	g4
CACAGATGTACTGAGG	g0
CACAGATGTAGAATGT	g6
CACAGATGTATGAGCG	g2
CACAGATGTATGCGTT	g4
CACAGATGTTCGGCTG	g4
CACAGATTCGAACGCC	g2
CACAGATTCGCCCAGA	g4
CAGCAGCAGATGCTTC	g3
CAGCAGCAGCATTGAA	g1
CAGCAGCAGCGAATGC	g1
CAGCAGCAGGTTGCCC	g0
CAGCAGCCACATGAAA	g2
CAGCAGCCACCGTGAC	g4
CAGCAGCCATCTCCCA	g0
CAGCAGCGTACGGGAT	g4
CAGCAGCGTAGTGTGG	g1
CAGCAGCGTCCCGTGA	g3
CAGCAGCGTCGGTGTC	g4
CAGCAGCGTGACAGGT	g4
CAGCGTGAGCATTGAA	g4
CAGCGTGCAAGAGAGA	g4
CAGCGTGCAATCAAGA	g0
CAGCGTGCATGTTCGA	g0
CAGCGTGGTTACACAC	g5
CAGCGTGGTTAGGAGC	g2
CAGCGTGGTTCCACGG	g0
CAGCGTGTCATGCCCT	g2
CAGCGTGTCTAGTCAG	g3
CAGCGTGTCTTAGCAG	g3
CAGGCCAAGCATTGAA	g0
CAGGCCAAGCTGGTGA	g1
CAGGCCACACAAATCC	g0
CAGGCCACATCAGTGT	g0
CAGGCCATCCGCTTAC	g0
CATACAGAGCAATTAG	g2
CATACAGAGCGACATG	g3
CATACAGAGGCTCAAG	g4
CATACAGAGTGTTGAA	g4
CATACAGCAATCTGCA	g4
CATACAGCAGACCTAT	g1
CATACAGCAGGGAATC	g0
CATACAGCATGAAGCG	g3
CATACAGGTCCTTAAG	g1
CATACAGGTCTTCATT	g3
CATACAGGTGCACAAG	g0
CATACAGGTGTCTAAC	g4
CATACAGGTTCGAAGG	g2
CATACAGTCCATTGCC	g4
CATACAGTCGTTCCTG	g1
CATACAGTCTCCAATT	g4
CATACAGTCTTAGCCC	g1
CCCTCTCAGCAATTAG	g1
CCCTCTCAGGTTACAA	g0
CCCTCTCCAATCTCGA	g4
CCCTCTCCAGGTTCAT	g6
CCCTCTCGTAGTGTGG	g0
CCCTCTCGTCCACACG	g0
CCCTCTCGTCCCGGTA	g0
CCCTCTCGTGCACAAG	g0
CCCTCTCTCGTCGGGT	g2
CGGCAGTAGGAACTCG	g3
CGGCAGTAGGTTACAA	g6
CGGCAGTAGTATAACG	g4
CGGCAGTCAAGTAGTA	g5
CGGCAGTCACTACGGC	g3
CGGCAGTCAGTTTCGA	g0
CGGCAGTCATATCTGG	g4
CGGCAGTGTCCACACG	g0
CGGCAGTGTTAAGTCC	g5
CGGCAGTGTTACACAC	g0
CGGCAGTGTTGGAGGT	g3
CGGCAGTTCCACGTAA	g0
CGTCCATAGCCTCTTC	g0
CGTCCATAGTAGTCTC	g0
CGTCCATCAGCTGCCA	g5
CGTCCATGTAGGTTTC	g5
CGTCCATGTATGAGCG	g3
CGTCCATGTCCACACG	g4
CGTCCATTCAGGGATG	g4
CGTCCATTCCTTATCA	g3
CGTCCATTCGCCCAGA	g2
CGTCCATTCTCGAGTA	g3
CGTCCATTCTTAGCCC	g3
GAGGGTAAGACGTCCC	g3
GAGGGTAAGCTCTGTA	g3
GAGGGTAAGTGTTGAA	g2
GAGGGTACAACCAATC	g3
GAGGGTACAATCTGCA	g0
GAGGGTACACCCTCTA	g5
GAGGGTACATGGCTAT	g2
GAGGGTAGTATACCTG	g3
GAGGGTAGTCACGCTG	g0
GAGGGTATCCGAGAAG	g2
GAGTTGTAGCTTGTTG	g5
GAGTTGTAGGTTGGAC	g3
GAGTTGTCAATCAAGA	g4
GAGTTGTCAATTAGGA	g2
GAGTTGTCAGACCTAT	g4
GAGTTGTCAGGGAATC	g3
GAGTTGTCATTATGCG	g5
GAGTTGTGTAACGCGA	g5
GAGTTGTGTATACCTG	g0
GAGTTGTGTCCACACG	g0
GAGTTGTGTCCCGGTA	g3
GAGTTGTGTTAAGACA	g0
GAGTTGTGTTAAGTCC	g0
GAGTTGTTCAAAGGTA	g2
GAGTTGTTCAAGAAAC	g5
GAGTTGTTCCATTGCC	g6
GAGTTGTTCCTGCTAC	g0
GAGTTGTTCGTCGGGT	g0
GAGTTGTTCTCCAATT	g2
GAGTTGTTCTCTAGGA	g2
GCGTTTCAGACCATTC	g1
GCGTTTCAGCCTCTGG	g3
GCGTTTCAGGATCACG	g2
GCGTTTCCAAGTAGTA	g1
GCGTTTCCAGCAGTGA	g0
GCGTTTCGTCCTTAAG	g0
GCGTTTCGTTAGGAGC	g0
GCGTTTCGTTCCGTTC	g0
GCGTTTCGTTGGAGGT	g0
GCGTTTCTCCCGTTGT	g0
GCGTTTCTCCGAGAAG	g2
GCGTTTCTCCTTATCA	g4
GGTAACTAGCATTGAA	g6
GGTAACTAGGCCTAGA	g3
GGTAACTAGTGTGTTC	g5
GGTAACTCAAGTCGTT	g4
GGTAACTCACGCGCAT	g0
GGTAACTCATGAAGCG	g0
GGTAACTCATGGCTAT	g2
GGTAACTGTAACTTCG	g0
GGTAACTGTACGGGAT	g0
GGTAACTGTCACTCGG	g4
GGTAACTGTCCACACG	g1
GGTAACTGTGTCTAAC	g3
GGTAACTGTTCGGCTG	g4
GGTAACTTCCCAACTC	g0
GGTAACTTCTGCCCTA	g0
GGTAACTTCTTAGCAG	g1
GGTAATCAGAAATTGC	g3
GGTAATCAGCTTGTTG	g1
GGTAATCAGGTTGCCC	g3
GGTAATCAGTAGTCTC	g0
GGTAATCAGTATAACG	g0
GGTAATCCACCCTCTA	g1
GGTAATCCATGGCTAT	g0
GGTAATCGTGCGGTAA	g4
GGTAATCGTTAAGTCC	g0
GGTAATCTCATTTGGG	g0
GGTAATCTCGCCCAGA	g0
GGTAATCTCTAGTCAG	g1
GTCAAGTAGCTCTGTA	g4
GTCAAGTAGGAACTCG	g3
GTCAAGTAGTCTTGGT	g0
GTCAAGTCAAGTAGTA	g2
GTCAAGTCACTTCAGA	g4
GTCAAGTGTAATGCTC	g1
GTCAAGTGTATGAGCG	g1
GTCAAGTTCATGCCCT	g4
GTCAAGTTCCGCACGA	g1
GTCAAGTTCCGTATGA	g5
GTCAAGTTCGCCCAGA	g0
GTGAGCCAGCCTCTGG	g4
GTGAGCCAGGAACTCG	g2
GTGAGCCCAATTAGGA	g4
GTGAGCCCACTATGTG	g0
GTGAGCCCATATCTGG	g4
GTGAGCCGTAGTGTGG	g0
GTGAGCCGTATGCGTT	g3
GTGAGCCGTCCCGTGA	g3
GTGAGCCGTGTCTAAC	g4
GTGAGCCTCGTTCCTG	g0
GTGAGCCTCGTTTACT	g3
GTGAGCCTCTCGAGTA	g4
GTGGAGAAGATCGCCC	g0
GTGGAGAAGCAGGTCA	g1
GTGGAGAAGGCTCAAG	g6
GTGGAGAAGGTTACAA	g2
GTGGAGAAGTAATTGG	g0
GTGGAGACACCCTCTA	g0
GTGGAGACATGAAGCG	g3
GTGGAGAGTATGAGCG	g5
GTGGAGAGTCAAGCCC	g3
GTGGAGATCCGGACGT	g4
GTGGAGATCCTACAAG	g4
GTGGAGATCGTTTACT	g0
GTGGAGATCTTCCTAA	g0
GTGTGGCAGCATTGAA	g3
GTGTGGCAGGCGTTAG	g4
GTGTGGCAGGTCTACT	g5
GTGTGGCAGTCCCAAT	g1
GTGTGGCCAATAGTAG	g3
GTGTGGCGTAACTTCG	g2
GTGTGGCGTACGGGAT	g1
GTGTGGCGTTCCGTTC	g5
GTGTGGCTCAAAGGTA	g0
GTGTGGCTCGCCTTGT	g4
GTGTGGCTCGTCGGGT	g4
TAACACGCACCCTCTA	g2
TAACACGCATGAAGGC	g0
TAACACGGTCACTCGG	g3
TAACACGGTCGGTGTC	g0
TAACACGGTTGGGATG	g2
TAACACGTCAATCCAG	g2
TAACACGTCCAACTAG	g0
TAGGAGGAGCCTCTTC	g2
TAGGAGGAGGAACTCG	g3
TAGGAGGAGGATCACG	g0
TAGGAGGAGGCTCAAG	g4
TAGGAGGAGTAGTCTC	g3
TAGGAGGCAAGAGTAT	g0
TAGGAGGCAATAGTAG	g4
TAGGAGGCACATGAAA	g3
TAGGAGGCAGACCTAT	g3
TAGGAGGCATGGCTAT	g4
TAGGAGGGTATACCTG	g3
TAGGAGGGTCCACACG	g1
TAGGAGGGTGGCTTAT	g4
TAGGAGGGTTCCGTTC	g6
TAGGAGGTCTCCAATT	g0
TATTGCTAGAGAGCGA	g4
TATTGCTAGAGAGCGG	g4
TATTGCTAGCGAATGC	g0
TATTGCTAGCTCTGTA	g3
TATTGCTAGTAGGAAG	g1
TATTGCTAGTAGTCTC	g0
TATTGCTAGTCCCAAT	g5
TATTGCTCACACCGCA	g5
TATTGCTCACAGAGAC	g2
TATTGCTCACATGAAA	g0
TATTGCTCACTACACA	g6
TATTGCTCAGCAGTGA	g0
TATTGCTCAGCTACTA	g3
TATTGCTCATCTCCCA	g2
TATTGCTGTAGAATGT	g0
TATTGCTTCCATTGCC	g0
TATTGCTTCCTACAAG	g3
TCACGCTAGACGTCGA	g0
TCACGCTCAATCAAGA	g2
TCACGCTCATGAATAG	g3
TCACGCTGTGCCTTCT	g2
TCACGCTTCCTTCACG	g0
TCACGCTTCGTCGGGT	g2
TCACGCTTCGTTCCTG	g4
TCACGCTTCTCCGAGG	g0
TCCAGAAAGCTCACTA	g5
TCCAGAAAGTAGTCTC	g2
TCCAGAAAGTGTGTTC	g4
TCCAGAACACTACCGG	g2
TCCAGAACAGCAGTGA	g1
TCCAGAAGTAGGTTTC	g0
TCCAGAAGTCAAGCCC	g0
TCCAGAAGTCAAGCGA	g1
TCCAGAATCGTTTACT	g2
TCCAGAATCTGTGCGG	g0
TCGAAGTAGACGTCGA	g3
TCGAAGTAGGGAGGTG	g2
TCGAAGTGTACTGAGG	g4
TCGAAGTGTAGGTTTC	g0
TCGAAGTGTCTAGGTT	g3
TCGAAGTGTGTCTAAC	g5
TCGAAGTTCCAATCCC	g1
TCGAAGTTCCCGTTGT	g0
TCGAAGTTCCGGACGT	g0
TCGCTCAAGTAATTGG	g0
TCGCTCACACAAATCC	g2
TCGCTCAGTACGGGAT	g3
TCGCTCAGTGGCTTAT	g0
TCGCTCATCTCCAATT	g3
TGCTCGTAGCTGGTGA	g5
TGCTCGTAGGGCGAAG	g1
TGCTCGTAGTATAACG	g4
TGCTCGTAGTGGCCTC	g0
TGCTCGTCAAATGCGG	g6
TGCTCGTCAACGCATT	g0
TGCTCGTGTATAGGAT	g1
TGCTCGTGTCCTTAAG	g0
TGCTCGTGTCTAGGTT	g4
TGCTCGTGTGACAGGT	g1
TGCTCGTGTTCCGTTC	g0
TGGTACAAGCATTGAA	g0
TGGTACAAGCGACATG	g0
TGGTACAAGGATCACG	g0
TGGTACAAGGGCGAAG	g4
TGGTACAAGGTACAGC	g0
TGGTACAAGGTTGCCC	g1
TGGTACAAGTCCCAAT	g1
TGGTACACAAATGCGG	g0
TGGTACACAATCTGCA	g1
TGGTACACATCCTATT	g3
TGGTACACATTATGCG	g3
TGTCCTGAGACGTCCC	g3
TGTCCTGCACACCGCA	g5
TGTCCTGCAGGGAATC	g2
TGTCCTGGTAACTTCG	g1
TGTCCTGGTATACCTG	g0
TGTCCTGGTTCCGTTC	g0
TGTGATGAGACCAGAC	g5
TGTGATGAGCACTCTA	g5
TGTGATGAGGAACTCG	g2
TGTGATGAGGTACAGC	g2
TGTGATGGTAGGTTTC	g5
TGTGATGGTGACAGGT	g0
TGTGATGTCCGAGAAG	g2
TGTGATGTCGTAGAGG	g1
TGTGATGTCTTAGCAG	g3
TGTGATGTCTTCCTAA	g1
TTACAGGAGAAATTGC	g3
TTACAGGAGAGAGCGA	g4
TTACAGGAGAGAGCGG	g4
TTACAGGAGGAACTCG	g0
TTACAGGAGTCCCAAT	g3
TTACAGGCAAATGCGG	g3
TTACAGGCACCGTGAC	g1
TTACAGGCATCTCCCA	g1
TTACAGGGTCAAGCGA	g0
TTACAGGGTTAAGTCC	g3
TTACAGGGTTACACAC	g5
TTACAGGGTTAGGAGC	g6
TTACAGGTCTAGTCAG	g3
TTACAGGTCTCGAGTA	g2
TTACAGGTCTTAGCCC	g0
TTCGATTAGCACCTGC	g6
TTCGATTAGCTGGTGA	g2
TTCGATTAGGCCTAGA	g0
TTCGATTAGTGTGTTC	g5
TTCGATTCAAGCCATT	g2
TTCGATTCAATCAAGA	g1
TTCGATTCAGTGTGCC	g1
TTCGATTGTAACTTCG	g1
TTCGATTGTATGAGCG	g5
TTCGATTGTCGTATGT	g2
TTCGATTTCACAAGAA	g4
TTCGATTTCCACGTAA	g6
TTCGATTTCCTACAAG	g3
TTGTTTGAGCCTCTTC	g0
TTGTTTGAGGGAGGTG	g6
TTGTTTGAGGTACAGC	g4
TTGTTTGAGGTTACAA	g5
TTGTTTGAGGTTGCCC	g3
TTGTTTGCAATTAGGA	g0
TTGTTTGGTAATGCTC	g0
TTGTTTGGTAGTGTGG	g1
TTGTTTGGTCCTTAAG	g4
TTGTTTGGTGCACAAG	g4
TTGTTTGGTTAAGCAA	g3
TTGTTTGTCATTTGGG	g1
TTGTTTGTCGCCTTGT	g1
TTGTTTGTCTCGAGTA	g0
TTTCATGAGCTGGTGA	g1
TTTCATGAGGTCTACT	g4
TTTCATGAGGTTGCCC	g3
TTTCATGCAAGAGTAT	g2
TTTCATGCACACCGCA	g1
TTTCATGCACGCGCAT	g4
TTTCATGGTCGTATGT	g1
TTTCATGGTGCACAAG	g4
TTTCATGGTTGGAGGT	g3
TTTCATGTCAATCCAG	g0
TTTCATGTCTCGAGTA	g3
TTTCGATAGACCATTC	g6
TTTCGATAGCACTCTA	g1
TTTCGATAGTGCGTCC	g4
TTTCGATCAAGTCGTT	g3
TTTCGATCATCCTTCG	g0
TTTCGATGTAACGCGA	g0
TTTCGATGTATGAGCG	g4
TTTCGATGTGACGCCT	g3
TTTCGATTCCACGTAA	g3
TTTCGATTCCTGCTAC	g6
TTTCGATTCGTCGGGT	g2
TTTGTTGAGCGAATGC	g0
TTTGTTGAGCTCTGTA	g5
TTTGTTGAGGATCACG	g1
TTTGTTGAGTGGCCTC	g5
TTTGTTGCAATCAAGA	g6
TTTGTTGCACAGAGAC	g0
TTTGTTGCACTTCAGA	g2
TTTGTTGGTCCACACG	g4
TTTGTTGGTGCGGTAA	g5
TTTGTTGGTGGCTTAT	g4
TTTGTTGTCATTTGGG	g1
TTTGTTGTCCAACTAG	g2
TTTGTTGTCTCTAGGA	g3
