class	gene	transcript	oracle_umis
gene	ENSG00000003056.9	-	1570
gene	ENSG00000003400.17	-	203
gene	ENSG00000006625.19	-	253
gene	ENSG00000007264.16	-	317
gene	ENSG00000012779.13	-	902
gene	ENSG00000019169.12	-	157
gene	ENSG00000023191.18	-	1800
gene	ENSG00000025434.20	-	25
gene	ENSG00000035403.19	-	548
gene	ENSG00000049768.19	-	20
gene	ENSG00000064607.18	-	500
gene	ENSG00000066135.14	-	78
gene	ENSG00000066583.13	-	128
gene	ENSG00000067082.16	-	9432
gene	ENSG00000069702.12	-	114
gene	ENSG00000070367.18	-	227
gene	ENSG00000070614.16	-	62
gene	ENSG00000073417.16	-	112
gene	ENSG00000074370.20	-	476
gene	ENSG00000075914.14	-	259
gene	ENSG00000076944.18	-	1858
gene	ENSG00000081154.12	-	770
gene	ENSG00000081189.18	-	1386
gene	ENSG00000081760.18	-	52
gene	ENSG00000082996.21	-	711
gene	ENSG00000087269.17	-	184
gene	ENSG00000088833.19	-	406
gene	ENSG00000089060.13	-	175
gene	ENSG00000089094.21	-	314
gene	ENSG00000090266.14	-	1633
gene	ENSG00000095261.15	-	130
gene	ENSG00000097033.16	-	738
gene	ENSG00000099949.23	-	97
gene	ENSG00000100036.13	-	22
gene	ENSG00000100485.13	-	278
gene	ENSG00000100911.17	-	1822
gene	ENSG00000101190.14	-	68
gene	ENSG00000101194.19	-	44
gene	ENSG00000101336.18	-	1226
gene	ENSG00000101347.12	-	2575
gene	ENSG00000102100.17	-	88
gene	ENSG00000102309.16	-	300
gene	ENSG00000102858.14	-	353
gene	ENSG00000104064.19	-	101
gene	ENSG00000104164.12	-	458
gene	ENSG00000104331.10	-	265
gene	ENSG00000104679.12	-	174
gene	ENSG00000104960.15	-	277
gene	ENSG00000104969.12	-	226
gene	ENSG00000105298.15	-	112
gene	ENSG00000105341.19	-	183
gene	ENSG00000105369.10	-	2372
gene	ENSG00000105497.9	-	42
gene	ENSG00000106526.13	-	34
gene	ENSG00000108298.13	-	41715
gene	ENSG00000108528.15	-	472
gene	ENSG00000108587.17	-	290
gene	ENSG00000108828.17	-	78
gene	ENSG00000110455.15	-	52
gene	ENSG00000110665.13	-	347
gene	ENSG00000110880.12	-	335
gene	ENSG00000111252.12	-	564
gene	ENSG00000112118.21	-	229
gene	ENSG00000112561.20	-	352
gene	ENSG00000112578.12	-	55
gene	ENSG00000112977.17	-	449
gene	ENSG00000113360.18	-	92
gene	ENSG00000113552.17	-	190
gene	ENSG00000113712.19	-	478
gene	ENSG00000113916.18	-	548
gene	ENSG00000114812.14	-	148
gene	ENSG00000115318.13	-	37
gene	ENSG00000115325.15	-	202
gene	ENSG00000115738.11	-	2178
gene	ENSG00000115761.18	-	289
gene	ENSG00000115970.20	-	162
gene	ENSG00000117425.16	-	668
gene	ENSG00000118369.14	-	30
gene	ENSG00000120539.16	-	88
gene	ENSG00000122008.17	-	551
gene	ENSG00000122390.20	-	270
gene	ENSG00000122952.18	-	27
gene	ENSG00000123096.13	-	73
gene	ENSG00000123136.16	-	649
gene	ENSG00000124570.22	-	879
gene	ENSG00000126457.23	-	710
gene	ENSG00000126458.5	-	275
gene	ENSG00000127586.18	-	23
gene	ENSG00000128512.24	-	22
gene	ENSG00000129636.14	-	320
gene	ENSG00000131061.16	-	26
gene	ENSG00000131370.17	-	615
gene	ENSG00000131871.16	-	670
gene	ENSG00000132604.12	-	142
gene	ENSG00000132635.18	-	158
gene	ENSG00000132716.20	-	364
gene	ENSG00000132906.19	-	68
gene	ENSG00000134461.17	-	51
gene	ENSG00000134954.15	-	1206
gene	ENSG00000135250.18	-	603
gene	ENSG00000135801.12	-	102
gene	ENSG00000135862.7	-	29
gene	ENSG00000136213.11	-	488
gene	ENSG00000137100.17	-	766
gene	ENSG00000137198.11	-	45
gene	ENSG00000137393.11	-	322
gene	ENSG00000138175.10	-	179
gene	ENSG00000139291.15	-	182
gene	ENSG00000139324.13	-	45
gene	ENSG00000139354.12	-	22
gene	ENSG00000140497.17	-	638
gene	ENSG00000140525.21	-	40
gene	ENSG00000140740.12	-	1052
gene	ENSG00000141098.14	-	74
gene	ENSG00000142765.19	-	861
gene	ENSG00000143314.13	-	270
gene	ENSG00000143324.15	-	98
gene	ENSG00000145386.12	-	27
gene	ENSG00000146278.11	-	3313
gene	ENSG00000146540.16	-	504
gene	ENSG00000146674.17	-	25
gene	ENSG00000146872.20	-	245
gene	ENSG00000147576.18	-	24
gene	ENSG00000147905.19	-	461
gene	ENSG00000148057.17	-	108
gene	ENSG00000148848.15	-	22
gene	ENSG00000149212.12	-	252
gene	ENSG00000150636.18	-	30
gene	ENSG00000150687.13	-	34
gene	ENSG00000151093.9	-	76
gene	ENSG00000151689.14	-	93
gene	ENSG00000151718.17	-	61
gene	ENSG00000151746.16	-	64
gene	ENSG00000151806.15	-	110
gene	ENSG00000152778.10	-	96
gene	ENSG00000153815.18	-	586
gene	ENSG00000154743.20	-	144
gene	ENSG00000155465.22	-	1452
gene	ENSG00000155506.20	-	618
gene	ENSG00000155755.20	-	23
gene	ENSG00000155906.21	-	145
gene	ENSG00000156381.10	-	57
gene	ENSG00000157570.13	-	43
gene	ENSG00000157741.16	-	220
gene	ENSG00000157869.17	-	139
gene	ENSG00000158321.19	-	114
gene	ENSG00000159685.12	-	38
gene	ENSG00000160049.13	-	212
gene	ENSG00000160284.16	-	105
gene	ENSG00000160753.18	-	116
gene	ENSG00000160783.20	-	408
gene	ENSG00000161920.12	-	239
gene	ENSG00000162104.11	-	94
gene	ENSG00000162729.15	-	192
gene	ENSG00000163380.17	-	51
gene	ENSG00000163513.21	-	666
gene	ENSG00000163660.13	-	3405
gene	ENSG00000163918.13	-	113
gene	ENSG00000164086.10	-	150
gene	ENSG00000164244.22	-	228
gene	ENSG00000164251.5	-	34
gene	ENSG00000164403.16	-	98
gene	ENSG00000164620.10	-	91
gene	ENSG00000165118.15	-	71
gene	ENSG00000165689.18	-	231
gene	ENSG00000165934.14	-	290
gene	ENSG00000166135.15	-	199
gene	ENSG00000166452.13	-	105
gene	ENSG00000167264.19	-	125
gene	ENSG00000167283.10	-	6193
gene	ENSG00000167670.17	-	102
gene	ENSG00000167680.19	-	24
gene	ENSG00000167965.19	-	162
gene	ENSG00000168246.7	-	44
gene	ENSG00000168781.25	-	26
gene	ENSG00000169926.12	-	1065
gene	ENSG00000171033.14	-	107
gene	ENSG00000171208.11	-	66
gene	ENSG00000171219.10	-	20
gene	ENSG00000171316.15	-	225
gene	ENSG00000171566.13	-	281
gene	ENSG00000171643.15	-	288
gene	ENSG00000171720.11	-	352
gene	ENSG00000171858.19	-	28222
gene	ENSG00000172977.14	-	201
gene	ENSG00000173273.18	-	153
gene	ENSG00000174695.10	-	853
gene	ENSG00000175193.15	-	512
gene	ENSG00000175376.10	-	123
gene	ENSG00000176248.10	-	102
gene	ENSG00000177189.15	-	879
gene	ENSG00000177628.17	-	28
gene	ENSG00000177721.5	-	467
gene	ENSG00000177917.12	-	457
gene	ENSG00000178789.10	-	363
gene	ENSG00000179240.13	-	41
gene	ENSG00000179456.13	-	218
gene	ENSG00000179632.12	-	835
gene	ENSG00000180370.11	-	1110
gene	ENSG00000180953.11	-	67
gene	ENSG00000180979.11	-	180
gene	ENSG00000181104.7	-	48
gene	ENSG00000181789.15	-	250
gene	ENSG00000181896.12	-	211
gene	ENSG00000182154.8	-	687
gene	ENSG00000182165.21	-	264
gene	ENSG00000182185.19	-	31
gene	ENSG00000182352.9	-	90
gene	ENSG00000182446.15	-	318
gene	ENSG00000182973.21	-	190
gene	ENSG00000183111.13	-	57
gene	ENSG00000183621.16	-	67
gene	ENSG00000184640.21	-	1958
gene	ENSG00000184863.11	-	552
gene	ENSG00000185088.15	-	1448
gene	ENSG00000185115.6	-	631
gene	ENSG00000186010.20	-	1275
gene	ENSG00000186298.12	-	1092
gene	ENSG00000187840.6	-	482
gene	ENSG00000188404.11	-	2341
gene	ENSG00000188868.15	-	36
gene	ENSG00000188878.21	-	25
gene	ENSG00000188986.9	-	321
gene	ENSG00000196453.9	-	71
gene	ENSG00000196937.13	-	342
gene	ENSG00000196967.12	-	49
gene	ENSG00000197249.15	-	2708
gene	ENSG00000197265.10	-	193
gene	ENSG00000197937.14	-	50
gene	ENSG00000198056.17	-	107
gene	ENSG00000198113.4	-	146
gene	ENSG00000198121.16	-	68
gene	ENSG00000198730.10	-	325
gene	ENSG00000198931.12	-	2617
gene	ENSG00000201801.1	-	40
gene	ENSG00000204516.10	-	151
gene	ENSG00000204560.11	-	133
gene	ENSG00000204590.14	-	323
gene	ENSG00000213380.16	-	70
gene	ENSG00000214530.11	-	95
gene	ENSG00000215440.13	-	325
gene	ENSG00000223546.10	-	61
gene	ENSG00000224470.10	-	150
gene	ENSG00000227191.8	-	410
gene	ENSG00000227560.1	-	43
gene	ENSG00000229980.6	-	40
gene	ENSG00000232729.9	-	20
gene	ENSG00000232859.11	-	171
gene	ENSG00000235280.2	-	22
gene	ENSG00000235527.8	-	132
gene	ENSG00000236287.9	-	270
gene	ENSG00000236670.1	-	22
gene	ENSG00000237877.9	-	95
gene	ENSG00000237943.8	-	663
gene	ENSG00000239523.10	-	48
gene	ENSG00000239961.3	-	84
gene	ENSG00000241058.4	-	303
gene	ENSG00000244265.3	-	181
gene	ENSG00000244701.2	-	65
gene	ENSG00000245060.9	-	115
gene	ENSG00000246430.10	-	20
gene	ENSG00000246790.4	-	34
gene	ENSG00000248559.1	-	34
gene	ENSG00000257605.5	-	21
gene	ENSG00000257764.2	-	1562
gene	ENSG00000258940.3	-	45
gene	ENSG00000259448.4	-	56
gene	ENSG00000260093.2	-	36
gene	ENSG00000260231.3	-	59
gene	ENSG00000261094.3	-	22
gene	ENSG00000264278.2	-	33
gene	ENSG00000272221.2	-	52
gene	ENSG00000273064.1	-	47
gene	ENSG00000273221.1	-	102
gene	ENSG00000274021.1	-	26
gene	ENSG00000274460.2	-	21
gene	ENSG00000277450.1	-	20
gene	ENSG00000280138.1	-	626
gene	ENSG00000282980.1	-	45
gene	ENSG00000284428.1	-	37
gene	ENSG00000286314.1	-	89
gene	ENSG00000286646.3	-	131
gene	ENSG00000287070.1	-	738
gene	ENSG00000287778.3	-	51
gene	ENSG00000288704.2	-	27
gene	ENSG00000289047.3	-	106
gene	ENSG00000289152.3	-	227
gene	ENSG00000290115.2	-	39
gene	ENSG00000290127.2	-	42
gene	ENSG00000290846.2	-	50
gene	ENSG00000291035.2	-	145
gene	ENSG00000293505.1	-	28
gene	ENSG00000295636.1	-	39
gene	ENSG00000297388.1	-	89
gene	ENSG00000300739.1	-	33
gene	ENSG00000303860.1	-	94
gene	ENSG00000304625.1	-	42
gene	ENSG00000305451.1	-	34
gene	ENSG00000305756.1	-	45
gene	ENSG00000308356.1	-	38
isoform	ENSG00000070444.16	ENST00000174618.5	282
isoform	ENSG00000075089.11	ENST00000188312.7	186
isoform	ENSG00000100558.10	ENST00000216446.9	22
isoform	ENSG00000100568.12	ENST00000216456.6	447
isoform	ENSG00000115816.16	ENST00000234170.10	287
isoform	ENSG00000221823.11	ENST00000234310.8	336
isoform	ENSG00000121039.11	ENST00000240285.10	25
isoform	ENSG00000122218.18	ENST00000241704.8	1139
isoform	ENSG00000122971.10	ENST00000242592.9	149
isoform	ENSG00000079435.11	ENST00000244289.9	40
isoform	ENSG00000113119.14	ENST00000252100.6	99
isoform	ENSG00000132326.13	ENST00000254657.8	77
isoform	ENSG00000133315.13	ENST00000255681.7	35
isoform	ENSG00000133740.12	ENST00000256117.9	71
isoform	ENSG00000058272.20	ENST00000261207.9	1122
isoform	ENSG00000100393.17	ENST00000263253.9	696
isoform	ENSG00000116017.12	ENST00000263620.8	426
isoform	ENSG00000129810.16	ENST00000263753.8	20
isoform	ENSG00000090432.8	ENST00000264198.5	103
isoform	ENSG00000031081.12	ENST00000264245.9	74
isoform	ENSG00000124571.19	ENST00000265351.12	80
isoform	ENSG00000167074.16	ENST00000266304.9	26
isoform	ENSG00000139289.15	ENST00000266671.10	36
isoform	ENSG00000092330.20	ENST00000267415.12	448
isoform	ENSG00000139970.19	ENST00000267484.10	187
isoform	ENSG00000141424.13	ENST00000269187.10	149
isoform	ENSG00000143368.11	ENST00000271628.9	381
isoform	ENSG00000143772.12	ENST00000272117.8	273
isoform	ENSG00000144136.12	ENST00000272542.8	546
isoform	ENSG00000240682.11	ENST00000273541.12	293
isoform	ENSG00000146007.12	ENST00000274712.8	686
isoform	ENSG00000146281.7	ENST00000275072.5	86
isoform	ENSG00000146909.9	ENST00000275820.4	153
isoform	ENSG00000109670.18	ENST00000281708.10	430
isoform	ENSG00000156650.15	ENST00000287239.10	444
isoform	ENSG00000160813.8	ENST00000292330.3	382
isoform	ENSG00000161405.18	ENST00000293068.9	512
isoform	ENSG00000166278.17	ENST00000299367.10	35
isoform	ENSG00000147804.10	ENST00000301305.8	93
isoform	ENSG00000171522.7	ENST00000302472.4	363
isoform	ENSG00000170571.13	ENST00000303221.10	806
isoform	ENSG00000100731.16	ENST00000304743.7	411
isoform	ENSG00000134955.13	ENST00000308074.4	149
isoform	ENSG00000072062.17	ENST00000308677.9	428
isoform	ENSG00000175548.9	ENST00000308742.9	56
isoform	ENSG00000174579.5	ENST00000309993.3	229
isoform	ENSG00000175482.10	ENST00000312419.8	165
isoform	ENSG00000174238.16	ENST00000313486.12	399
isoform	ENSG00000178149.18	ENST00000313778.9	254
isoform	ENSG00000172831.15	ENST00000317091.10	204
isoform	ENSG00000126391.15	ENST00000317568.10	187
isoform	ENSG00000178449.10	ENST00000317943.6	983
isoform	ENSG00000155970.14	ENST00000318063.10	55
isoform	ENSG00000160185.15	ENST00000319294.11	92
isoform	ENSG00000175115.13	ENST00000320580.9	445
isoform	ENSG00000175711.10	ENST00000320865.4	63
isoform	ENSG00000010327.11	ENST00000321725.10	453
isoform	ENSG00000176182.7	ENST00000322217.6	70
isoform	ENSG00000185920.19	ENST00000331920.11	46
isoform	ENSG00000173065.15	ENST00000341217.7	106
isoform	ENSG00000183337.19	ENST00000342274.8	135
isoform	ENSG00000189046.12	ENST00000343075.7	88
isoform	ENSG00000293476.1	ENST00000343855.6	20
isoform	ENSG00000100852.15	ENST00000345122.8	170
isoform	ENSG00000126561.19	ENST00000345506.8	424
isoform	ENSG00000068024.19	ENST00000345617.7	220
isoform	ENSG00000179361.19	ENST00000346246.10	156
isoform	ENSG00000102181.23	ENST00000346693.8	73
isoform	ENSG00000072121.17	ENST00000347230.9	83
isoform	ENSG00000165138.19	ENST00000353234.5	29
isoform	ENSG00000095485.19	ENST00000354105.10	143
isoform	ENSG00000086619.15	ENST00000354619.10	271
isoform	ENSG00000182557.9	ENST00000355530.7	153
isoform	ENSG00000020129.17	ENST00000356090.8	49
isoform	ENSG00000140326.14	ENST00000356231.4	37
isoform	ENSG00000186350.12	ENST00000356384.4	955
isoform	ENSG00000197728.12	ENST00000356464.10	2559
isoform	ENSG00000182141.11	ENST00000356929.3	321
isoform	ENSG00000196792.13	ENST00000357479.10	181
isoform	ENSG00000108984.17	ENST00000359094.7	168
isoform	ENSG00000168710.19	ENST00000359172.3	593
isoform	ENSG00000198952.9	ENST00000361813.5	192
isoform	ENSG00000135842.18	ENST00000367511.4	420
isoform	ENSG00000126903.17	ENST00000369649.8	144
isoform	ENSG00000197457.11	ENST00000370053.3	387
isoform	ENSG00000117569.21	ENST00000370197.5	183
isoform	ENSG00000101189.8	ENST00000370487.5	165
isoform	ENSG00000112200.18	ENST00000370706.9	385
isoform	ENSG00000159596.8	ENST00000372025.5	167
isoform	ENSG00000196968.11	ENST00000372841.8	170
isoform	ENSG00000137413.17	ENST00000372982.8	238
isoform	ENSG00000204084.15	ENST00000373024.8	100
isoform	ENSG00000165288.11	ENST00000373275.5	205
isoform	ENSG00000171222.12	ENST00000373991.3	1026
isoform	ENSG00000185963.14	ENST00000375512.3	485
isoform	ENSG00000204475.11	ENST00000376071.4	298
isoform	ENSG00000205078.6	ENST00000378644.5	49
isoform	ENSG00000120688.10	ENST00000379487.5	159
isoform	ENSG00000058091.18	ENST00000380050.8	77
isoform	ENSG00000171843.17	ENST00000380338.9	173
isoform	ENSG00000119772.20	ENST00000380756.7	167
isoform	ENSG00000115137.12	ENST00000380809.7	56
isoform	ENSG00000153914.17	ENST00000380918.7	722
isoform	ENSG00000054611.15	ENST00000380995.5	311
isoform	ENSG00000205726.16	ENST00000381318.8	58
isoform	ENSG00000074755.16	ENST00000381638.7	342
isoform	ENSG00000144749.15	ENST00000383703.3	75
isoform	ENSG00000011590.15	ENST00000392197.7	39
isoform	ENSG00000111696.13	ENST00000392876.8	35
isoform	ENSG00000114978.19	ENST00000396049.5	1533
isoform	ENSG00000185219.19	ENST00000396077.8	168
isoform	ENSG00000081052.14	ENST00000396625.5	33
isoform	ENSG00000185163.11	ENST00000397333.4	174
isoform	ENSG00000124523.18	ENST00000397350.7	208
isoform	ENSG00000160216.21	ENST00000398058.5	341
isoform	ENSG00000133216.17	ENST00000400191.7	25
isoform	ENSG00000291031.2	ENST00000400605.5	37
isoform	ENSG00000147533.19	ENST00000405786.3	581
isoform	ENSG00000169635.11	ENST00000407464.7	61
isoform	ENSG00000140691.19	ENST00000408912.7	46
isoform	ENSG00000115084.16	ENST00000409106.5	165
isoform	ENSG00000135974.12	ENST00000410049.1	166
isoform	ENSG00000232931.7	ENST00000412393.5	224
isoform	ENSG00000234072.2	ENST00000412749.2	64
isoform	ENSG00000182004.14	ENST00000414487.7	946
isoform	ENSG00000115415.22	ENST00000415035.2	1070
isoform	ENSG00000241553.14	ENST00000417500.5	1761
isoform	ENSG00000223522.2	ENST00000418963.2	52
isoform	ENSG00000198911.14	ENST00000424354.5	197
isoform	ENSG00000225331.3	ENST00000424921.1	49
isoform	ENSG00000183628.15	ENST00000427407.5	53
isoform	ENSG00000240498.10	ENST00000428597.7	42
isoform	ENSG00000114857.20	ENST00000429888.5	1537
isoform	ENSG00000234545.9	ENST00000438306.5	489
isoform	ENSG00000232234.5	ENST00000439891.3	35
isoform	ENSG00000081237.23	ENST00000442510.8	7974
isoform	ENSG00000174485.17	ENST00000443035.8	323
isoform	ENSG00000160111.16	ENST00000443236.7	25
isoform	ENSG00000002834.20	ENST00000443937.7	738
isoform	ENSG00000236144.10	ENST00000444728.4	44
isoform	ENSG00000136436.17	ENST00000448105.7	681
isoform	ENSG00000071564.20	ENST00000453954.6	246
isoform	ENSG00000231856.5	ENST00000456688.3	57
isoform	ENSG00000198960.12	ENST00000462302.5	27
isoform	ENSG00000163590.14	ENST00000480117.1	62
isoform	ENSG00000136521.14	ENST00000482604.5	999
isoform	ENSG00000004455.19	ENST00000491241.2	524
isoform	ENSG00000135722.10	ENST00000517382.5	68
isoform	ENSG00000203950.7	ENST00000518153.1	125
isoform	ENSG00000273345.6	ENST00000518409.2	76
isoform	ENSG00000037749.14	ENST00000519325.1	53
isoform	ENSG00000184014.10	ENST00000530780.2	588
isoform	ENSG00000149100.14	ENST00000531120.6	1936
isoform	ENSG00000139719.13	ENST00000536212.3	238
isoform	ENSG00000139433.12	ENST00000536390.5	631
isoform	ENSG00000083520.16	ENST00000545453.5	270
isoform	ENSG00000185745.10	ENST00000546318.2	28
isoform	ENSG00000113649.15	ENST00000549332.1	376
isoform	ENSG00000140022.15	ENST00000553821.3	30
isoform	ENSG00000100522.11	ENST00000557604.1	63
isoform	ENSG00000140543.16	ENST00000557842.6	36
isoform	ENSG00000136379.13	ENST00000560126.1	25
isoform	ENSG00000085721.14	ENST00000563559.5	117
isoform	ENSG00000103194.17	ENST00000570191.5	457
isoform	ENSG00000141560.16	ENST00000574356.5	129
isoform	ENSG00000133028.13	ENST00000577335.2	230
isoform	ENSG00000062716.14	ENST00000587259.6	2026
isoform	ENSG00000130813.19	ENST00000587710.5	593
isoform	ENSG00000159885.15	ENST00000590160.1	29
isoform	ENSG00000160469.17	ENST00000590333.5	26
isoform	ENSG00000196110.9	ENST00000591998.6	105
isoform	ENSG00000130311.12	ENST00000593466.5	281
isoform	ENSG00000290898.2	ENST00000603888.2	57
isoform	ENSG00000271503.7	ENST00000605509.2	2695
isoform	ENSG00000170909.15	ENST00000617140.4	366
isoform	ENSG00000197183.15	ENST00000621426.7	163
isoform	ENSG00000102805.16	ENST00000636525.2	269
isoform	ENSG00000204272.14	ENST00000637096.1	663
isoform	ENSG00000197563.12	ENST00000640268.1	101
isoform	ENSG00000073910.23	ENST00000642040.1	190
isoform	ENSG00000018510.19	ENST00000642466.2	343
isoform	ENSG00000204311.16	ENST00000642492.1	38
isoform	ENSG00000291121.2	ENST00000643546.2	35
isoform	ENSG00000136143.17	ENST00000643584.1	210
isoform	ENSG00000197879.18	ENST00000646049.1	80
isoform	ENSG00000163864.19	ENST00000646611.1	26
isoform	ENSG00000254186.4	ENST00000646617.1	48
isoform	ENSG00000070081.19	ENST00000646648.1	643
isoform	ENSG00000131504.18	ENST00000647433.1	966
isoform	ENSG00000117010.18	ENST00000648542.1	46
isoform	ENSG00000165813.21	ENST00000648613.1	344
isoform	ENSG00000172667.12	ENST00000652290.1	280
isoform	ENSG00000205581.12	ENST00000652622.1	2300
isoform	ENSG00000229852.5	ENST00000653052.1	36
isoform	ENSG00000287644.2	ENST00000657921.1	45
isoform	ENSG00000231473.6	ENST00000669900.1	33
isoform	ENSG00000168259.18	ENST00000674179.1	1189
isoform	ENSG00000133706.21	ENST00000674310.1	535
isoform	ENSG00000162885.15	ENST00000675193.1	132
isoform	ENSG00000107959.18	ENST00000678601.1	154
isoform	ENSG00000168610.18	ENST00000678906.1	1025
isoform	ENSG00000137563.14	ENST00000679326.1	51
isoform	ENSG00000102119.13	ENST00000682114.1	397
isoform	ENSG00000175595.16	ENST00000682617.1	173
isoform	ENSG00000143153.15	ENST00000688755.1	112
isoform	ENSG00000197548.14	ENST00000693202.1	319
isoform	ENSG00000196504.22	ENST00000696382.1	1264
isoform	ENSG00000170074.22	ENST00000697105.1	98
isoform	ENSG00000134318.17	ENST00000697752.1	231
isoform	ENSG00000182117.7	ENST00000699934.1	1842
isoform	ENSG00000170006.14	ENST00000705347.1	796
isoform	ENSG00000114302.18	ENST00000706571.1	502
isoform	ENSG00000109519.15	ENST00000706688.1	348
isoform	ENSG00000107796.15	ENST00000713597.1	39
isoform	ENSG00000233806.11	ENST00000715650.1	41
isoform	ENSG00000291082.2	ENST00000716927.1	94
isoform	ENSG00000214894.8	ENST00000719489.1	105
isoform	ENSG00000227908.6	ENST00000720009.1	32
isoform	ENSG00000297027.1	ENST00000744716.1	35
isoform	ENSG00000185168.8	ENST00000773323.1	43
isoform	ENSG00000236528.4	ENST00000775349.1	37
isoform	ENSG00000302389.1	ENST00000786300.1	37
isoform	ENSG00000261366.2	ENST00000791249.1	87
isoform	ENSG00000288891.3	ENST00000792548.1	46
isoform	ENSG00000303589.3	ENST00000795917.1	25
isoform	ENSG00000273008.2	ENST00000796738.1	22
isoform	ENSG00000288851.2	ENST00000809709.1	63
isoform	ENSG00000305512.1	ENST00000811427.1	139
isoform	ENSG00000254802.2	ENST00000829785.1	39
isoform	ENSG00000288061.4	ENST00000836647.1	64
isoform	ENSG00000231074.12	ENST00000844422.1	291
isoform	ENSG00000225948.3	ENST00000850577.1	21
isoform	ENSG00000179630.12	ENST00000851292.1	58
isoform	ENSG00000160752.16	ENST00000851544.1	570
isoform	ENSG00000164818.17	ENST00000852634.1	75
isoform	ENSG00000105223.22	ENST00000853087.1	620
isoform	ENSG00000197779.16	ENST00000853622.1	51
isoform	ENSG00000115365.14	ENST00000853654.1	113
isoform	ENSG00000167136.8	ENST00000854121.1	182
isoform	ENSG00000169136.14	ENST00000858034.1	148
isoform	ENSG00000151413.18	ENST00000858673.1	52
isoform	ENSG00000170677.7	ENST00000859913.1	34
isoform	ENSG00000006744.20	ENST00000860253.1	160
isoform	ENSG00000100600.16	ENST00000862026.1	77
isoform	ENSG00000171476.24	ENST00000867401.1	826
isoform	ENSG00000066855.17	ENST00000867674.1	51
isoform	ENSG00000120725.14	ENST00000868007.1	226
isoform	ENSG00000145332.15	ENST00000868325.1	254
isoform	ENSG00000186660.16	ENST00000870367.1	266
isoform	ENSG00000122378.15	ENST00000870443.1	47
isoform	ENSG00000114520.12	ENST00000873378.1	194
isoform	ENSG00000160445.12	ENST00000873659.1	138
isoform	ENSG00000101773.20	ENST00000873914.1	77
isoform	ENSG00000181523.14	ENST00000874334.1	122
isoform	ENSG00000014164.8	ENST00000875766.1	131
isoform	ENSG00000176597.13	ENST00000877399.1	37
isoform	ENSG00000132676.17	ENST00000878822.1	601
isoform	ENSG00000182551.15	ENST00000879404.1	609
isoform	ENSG00000153767.11	ENST00000881964.1	88
isoform	ENSG00000183386.12	ENST00000882672.1	255
isoform	ENSG00000012124.18	ENST00000884225.1	464
isoform	ENSG00000005194.16	ENST00000884887.1	196
isoform	ENSG00000130309.13	ENST00000886054.1	406
isoform	ENSG00000140750.18	ENST00000886927.1	378
isoform	ENSG00000173926.7	ENST00000892693.1	58
isoform	ENSG00000170854.19	ENST00000894042.1	159
isoform	ENSG00000132406.13	ENST00000898375.1	163
isoform	ENSG00000116688.19	ENST00000898893.1	164
isoform	ENSG00000112078.15	ENST00000901250.1	351
isoform	ENSG00000138386.18	ENST00000903113.1	144
isoform	ENSG00000139514.14	ENST00000907885.1	75
isoform	ENSG00000028528.16	ENST00000909218.1	453
isoform	ENSG00000111540.17	ENST00000910185.1	308
isoform	ENSG00000151552.14	ENST00000910936.1	170
isoform	ENSG00000110344.11	ENST00000911348.1	257
isoform	ENSG00000183150.9	ENST00000912535.1	64
isoform	ENSG00000176595.5	ENST00000914270.1	138
isoform	ENSG00000133619.19	ENST00000915868.1	27
isoform	ENSG00000168273.9	ENST00000916170.1	232
isoform	ENSG00000141027.24	ENST00000917643.1	1239
isoform	ENSG00000174744.15	ENST00000921866.1	415
isoform	ENSG00000023608.6	ENST00000923634.1	61
isoform	ENSG00000100263.15	ENST00000925542.1	43
isoform	ENSG00000204599.17	ENST00000929420.1	137
isoform	ENSG00000107175.13	ENST00000931188.1	167
isoform	ENSG00000077152.13	ENST00000934398.1	51
isoform	ENSG00000181350.13	ENST00000934493.1	279
isoform	ENSG00000072042.14	ENST00000936226.1	410
isoform	ENSG00000065491.9	ENST00000942344.1	49
isoform	ENSG00000040199.19	ENST00000943438.1	50
isoform	ENSG00000103549.23	ENST00000946790.1	188
isoform	ENSG00000069509.7	ENST00000950132.1	161
isoform	ENSG00000166888.14	ENST00000953187.1	725
isoform	ENSG00000113643.10	ENST00000953514.1	280
isoform	ENSG00000151422.15	ENST00000958839.1	60
isoform	ENSG00000151135.11	ENST00000962021.1	164
isoform	ENSG00000137714.4	ENST00000963821.1	494
isoform	ENSG00000101246.21	ENST00000964412.1	374
isoform	ENSG00000166501.15	ENST00000965655.1	2445
isoform	ENSG00000130340.18	ENST00000971713.1	299
utr3	ENSG00000001631.18	-	446
utr3	ENSG00000002933.10	-	252
utr3	ENSG00000003147.20	-	29
utr3	ENSG00000004142.13	-	275
utr3	ENSG00000007341.20	-	88
utr3	ENSG00000007392.18	-	312
utr3	ENSG00000008311.17	-	23
utr3	ENSG00000008405.13	-	67
utr3	ENSG00000010072.17	-	142
utr3	ENSG00000011243.20	-	476
utr3	ENSG00000011260.15	-	284
utr3	ENSG00000013288.10	-	203
utr3	ENSG00000020922.14	-	261
utr3	ENSG00000023909.11	-	169
utr3	ENSG00000029534.22	-	48
utr3	ENSG00000049541.12	-	160
utr3	ENSG00000055044.12	-	584
utr3	ENSG00000057663.17	-	305
utr3	ENSG00000058729.12	-	165
utr3	ENSG00000062524.17	-	103
utr3	ENSG00000064225.14	-	161
utr3	ENSG00000067191.18	-	21
utr3	ENSG00000069399.15	-	101
utr3	ENSG00000070495.16	-	240
utr3	ENSG00000070759.18	-	45
utr3	ENSG00000071794.17	-	93
utr3	ENSG00000072858.13	-	124
utr3	ENSG00000073921.19	-	765
utr3	ENSG00000074416.17	-	108
utr3	ENSG00000078142.15	-	220
utr3	ENSG00000078967.14	-	103
utr3	ENSG00000083720.14	-	127
utr3	ENSG00000086300.18	-	941
utr3	ENSG00000088256.9	-	23
utr3	ENSG00000090372.15	-	269
utr3	ENSG00000091073.21	-	123
utr3	ENSG00000096654.17	-	35
utr3	ENSG00000099246.20	-	764
utr3	ENSG00000099917.18	-	365
utr3	ENSG00000100104.14	-	104
utr3	ENSG00000100106.22	-	421
utr3	ENSG00000100373.11	-	73
utr3	ENSG00000100426.9	-	169
utr3	ENSG00000100575.15	-	347
utr3	ENSG00000100889.13	-	114
utr3	ENSG00000101160.16	-	2385
utr3	ENSG00000101363.14	-	129
utr3	ENSG00000102034.19	-	202
utr3	ENSG00000103196.13	-	207
utr3	ENSG00000104783.16	-	99
utr3	ENSG00000104946.15	-	221
utr3	ENSG00000105171.11	-	277
utr3	ENSG00000105352.12	-	66
utr3	ENSG00000105617.4	-	192
utr3	ENSG00000105722.12	-	63
utr3	ENSG00000107829.16	-	201
utr3	ENSG00000108848.16	-	1942
utr3	ENSG00000109079.11	-	47
utr3	ENSG00000109103.13	-	467
utr3	ENSG00000109113.21	-	184
utr3	ENSG00000109452.15	-	250
utr3	ENSG00000109475.19	-	56182
utr3	ENSG00000109606.14	-	472
utr3	ENSG00000109618.14	-	115
utr3	ENSG00000111224.15	-	150
utr3	ENSG00000111725.11	-	113
utr3	ENSG00000113387.14	-	4086
utr3	ENSG00000114650.22	-	179
utr3	ENSG00000115902.12	-	51
utr3	ENSG00000116489.14	-	1600
utr3	ENSG00000116786.16	-	296
utr3	ENSG00000117091.11	-	5317
utr3	ENSG00000117308.16	-	63
utr3	ENSG00000117419.17	-	210
utr3	ENSG00000117862.15	-	61
utr3	ENSG00000118873.18	-	432
utr3	ENSG00000119559.18	-	430
utr3	ENSG00000119777.21	-	166
utr3	ENSG00000120709.12	-	503
utr3	ENSG00000120925.17	-	206
utr3	ENSG00000121741.18	-	627
utr3	ENSG00000122034.17	-	1998
utr3	ENSG00000122203.16	-	160
utr3	ENSG00000122547.13	-	89
utr3	ENSG00000124243.20	-	200
utr3	ENSG00000124313.19	-	47
utr3	ENSG00000124641.17	-	36
utr3	ENSG00000125457.16	-	434
utr3	ENSG00000125898.14	-	337
utr3	ENSG00000127125.10	-	831
utr3	ENSG00000127838.16	-	532
utr3	ENSG00000128585.19	-	363
utr3	ENSG00000129480.14	-	68
utr3	ENSG00000130150.13	-	356
utr3	ENSG00000130402.15	-	852
utr3	ENSG00000130699.20	-	119
utr3	ENSG00000132128.19	-	258
utr3	ENSG00000135365.18	-	744
utr3	ENSG00000135441.9	-	1603
utr3	ENSG00000135457.12	-	259
utr3	ENSG00000135837.19	-	861
utr3	ENSG00000135940.8	-	2562
utr3	ENSG00000136840.20	-	132
utr3	ENSG00000136868.12	-	147
utr3	ENSG00000136933.18	-	111
utr3	ENSG00000139055.7	-	40
utr3	ENSG00000139146.15	-	373
utr3	ENSG00000139496.19	-	344
utr3	ENSG00000139645.11	-	96
utr3	ENSG00000140280.15	-	589
utr3	ENSG00000140941.15	-	1293
utr3	ENSG00000140983.16	-	466
utr3	ENSG00000142227.13	-	4229
utr3	ENSG00000142534.8	-	16520
utr3	ENSG00000143155.14	-	357
utr3	ENSG00000143819.14	-	48
utr3	ENSG00000143942.6	-	33
utr3	ENSG00000144034.17	-	426
utr3	ENSG00000144580.16	-	229
utr3	ENSG00000144791.11	-	308
utr3	ENSG00000146731.12	-	902
utr3	ENSG00000146802.14	-	261
utr3	ENSG00000148450.14	-	286
utr3	ENSG00000148814.19	-	53
utr3	ENSG00000149600.13	-	722
utr3	ENSG00000150456.12	-	47
utr3	ENSG00000150782.14	-	190
utr3	ENSG00000151470.14	-	133
utr3	ENSG00000151575.16	-	26
utr3	ENSG00000151687.15	-	65
utr3	ENSG00000153066.14	-	257
utr3	ENSG00000154620.6	-	28
utr3	ENSG00000155729.14	-	157
utr3	ENSG00000156384.15	-	123
utr3	ENSG00000157837.17	-	336
utr3	ENSG00000160223.19	-	84
utr3	ENSG00000160226.16	-	178
utr3	ENSG00000160551.13	-	560
utr3	ENSG00000160949.19	-	31
utr3	ENSG00000161016.19	-	25295
utr3	ENSG00000161558.12	-	37
utr3	ENSG00000162227.9	-	90
utr3	ENSG00000162601.13	-	386
utr3	ENSG00000162604.14	-	546
utr3	ENSG00000162607.14	-	347
utr3	ENSG00000163606.11	-	69
utr3	ENSG00000164023.16	-	85
utr3	ENSG00000164038.17	-	35
utr3	ENSG00000164039.16	-	98
utr3	ENSG00000164104.13	-	1658
utr3	ENSG00000164134.15	-	325
utr3	ENSG00000164338.11	-	74
utr3	ENSG00000164465.20	-	26
utr3	ENSG00000164483.17	-	416
utr3	ENSG00000164751.16	-	330
utr3	ENSG00000164885.14	-	104
utr3	ENSG00000165406.17	-	150
utr3	ENSG00000165632.9	-	482
utr3	ENSG00000166130.15	-	279
utr3	ENSG00000166164.17	-	557
utr3	ENSG00000167778.10	-	131
utr3	ENSG00000168081.10	-	153
utr3	ENSG00000168159.15	-	487
utr3	ENSG00000168256.19	-	230
utr3	ENSG00000168591.17	-	387
utr3	ENSG00000170627.12	-	57
utr3	ENSG00000170632.15	-	324
utr3	ENSG00000170889.15	-	27070
utr3	ENSG00000170917.14	-	29
utr3	ENSG00000170919.17	-	401
utr3	ENSG00000170962.14	-	22
utr3	ENSG00000171298.16	-	477
utr3	ENSG00000171606.19	-	275
utr3	ENSG00000171621.15	-	20
utr3	ENSG00000172172.9	-	303
utr3	ENSG00000172543.10	-	1515
utr3	ENSG00000173327.10	-	519
utr3	ENSG00000173715.20	-	51
utr3	ENSG00000174109.5	-	155
utr3	ENSG00000174206.14	-	49
utr3	ENSG00000174437.19	-	392
utr3	ENSG00000174501.15	-	251
utr3	ENSG00000174775.19	-	199
utr3	ENSG00000175573.7	-	197
utr3	ENSG00000176014.14	-	46
utr3	ENSG00000176619.14	-	63
utr3	ENSG00000177105.11	-	1750
utr3	ENSG00000177410.14	-	5154
utr3	ENSG00000177989.15	-	376
utr3	ENSG00000178607.17	-	797
utr3	ENSG00000178977.5	-	138
utr3	ENSG00000179271.4	-	721
utr3	ENSG00000180340.7	-	56
utr3	ENSG00000180354.17	-	162
utr3	ENSG00000181163.15	-	6395
utr3	ENSG00000181274.7	-	555
utr3	ENSG00000181915.6	-	107
utr3	ENSG00000182180.15	-	399
utr3	ENSG00000182199.12	-	363
utr3	ENSG00000183049.14	-	380
utr3	ENSG00000185015.8	-	27
utr3	ENSG00000185019.18	-	63
utr3	ENSG00000185359.15	-	319
utr3	ENSG00000186432.11	-	759
utr3	ENSG00000186635.17	-	548
utr3	ENSG00000186918.15	-	174
utr3	ENSG00000187980.7	-	22
utr3	ENSG00000188021.9	-	350
utr3	ENSG00000188677.15	-	394
utr3	ENSG00000188725.9	-	266
utr3	ENSG00000189042.15	-	107
utr3	ENSG00000196396.11	-	466
utr3	ENSG00000196511.16	-	151
utr3	ENSG00000196526.12	-	38
utr3	ENSG00000196700.10	-	57
utr3	ENSG00000196998.20	-	324
utr3	ENSG00000197323.13	-	578
utr3	ENSG00000197362.16	-	63
utr3	ENSG00000198040.12	-	127
utr3	ENSG00000198133.10	-	67
utr3	ENSG00000203711.17	-	99
utr3	ENSG00000204310.14	-	220
utr3	ENSG00000204946.10	-	68
utr3	ENSG00000205659.13	-	48
utr3	ENSG00000205981.10	-	523
utr3	ENSG00000213058.3	-	60
utr3	ENSG00000213411.2	-	21
utr3	ENSG00000215193.15	-	222
utr3	ENSG00000222020.6	-	65
utr3	ENSG00000223711.3	-	20
utr3	ENSG00000224578.5	-	230
utr3	ENSG00000227388.4	-	22
utr3	ENSG00000228474.7	-	4451
utr3	ENSG00000228495.4	-	20
utr3	ENSG00000228696.13	-	171
utr3	ENSG00000230337.5	-	52
utr3	ENSG00000231154.2	-	25
utr3	ENSG00000231887.10	-	262
utr3	ENSG00000232533.4	-	150
utr3	ENSG00000233184.10	-	122
utr3	ENSG00000237541.4	-	1164
utr3	ENSG00000238197.9	-	49
utr3	ENSG00000239264.10	-	64
utr3	ENSG00000239653.1	-	30
utr3	ENSG00000249471.9	-	34
utr3	ENSG00000255112.3	-	953
utr3	ENSG00000259826.2	-	63
utr3	ENSG00000260806.2	-	28
utr3	ENSG00000261596.2	-	169
utr3	ENSG00000262979.1	-	29
utr3	ENSG00000264112.2	-	57
utr3	ENSG00000264247.3	-	137
utr3	ENSG00000266947.4	-	54
utr3	ENSG00000267104.3	-	51
utr3	ENSG00000267275.2	-	201
utr3	ENSG00000267469.1	-	20
utr3	ENSG00000269293.6	-	522
utr3	ENSG00000269343.9	-	57
utr3	ENSG00000269825.5	-	37
utr3	ENSG00000269911.1	-	62
utr3	ENSG00000270344.5	-	82
utr3	ENSG00000270605.2	-	61
utr3	ENSG00000271270.9	-	21
utr3	ENSG00000272145.3	-	30
utr3	ENSG00000272688.3	-	77
utr3	ENSG00000273284.1	-	23
utr3	ENSG00000273338.2	-	1165
utr3	ENSG00000274514.1	-	45
utr3	ENSG00000277610.1	-	29
utr3	ENSG00000278158.3	-	43
utr3	ENSG00000278743.3	-	272
utr3	ENSG00000278768.5	-	45
utr3	ENSG00000279410.1	-	23
utr3	ENSG00000280402.1	-	56
utr3	ENSG00000285331.2	-	25
utr3	ENSG00000285646.3	-	604
utr3	ENSG00000285803.2	-	24
utr3	ENSG00000285967.2	-	122
utr3	ENSG00000288879.3	-	113
utr3	ENSG00000289169.2	-	39
utr3	ENSG00000289536.1	-	22
utr3	ENSG00000290072.2	-	22
utr3	ENSG00000290418.2	-	138
utr3	ENSG00000290871.2	-	155
utr3	ENSG00000291080.2	-	77
utr3	ENSG00000291178.2	-	243
utr3	ENSG00000293492.2	-	46
utr3	ENSG00000295248.1	-	117
utr3	ENSG00000295914.1	-	95
utr3	ENSG00000297885.1	-	48
utr3	ENSG00000299166.1	-	29
utr3	ENSG00000300592.1	-	47
utr3	ENSG00000302152.1	-	67
utr3	ENSG00000303405.1	-	40
utr3	ENSG00000303901.1	-	20
utr3	ENSG00000304996.1	-	71
utr3	ENSG00000307067.1	-	31
utr3	ENSG00000307289.1	-	60
utr3	ENSG00000309331.1	-	26
utr3	ENSG00000310560.2	-	950
