key	value
date	2026-08-31
scope	D0_D4_development
threads	24
gravlax_commit	0446feaa3b49d5bd657f59584888d3fde71ab888
scripts_commit	2d4a8379e2119da75c524a5c99820d74a2d6c401
aie_binary_sha256	0af35c11894bfbebe094ba51649349f2c07f5dd4b8f341d314a4baa693a166de
manifest_sha256	335f280448e4a9080cd5b4471de19bcb3b552e9a9889d490735a9b4c52c7396b
archive_D0_sha256	d7c11d4258f7b78b5c3a20ebc5349e3a1f1f52a0279425701d14acbf79948842
archive_D4_sha256	031330c0de6c18d0e93eacf76e2dd617db24dbab6b6d0dbb39c537dfefaf97e9
gtf_sha256	ff32fd55c6799b3b94fe10aa17b2b5d4da952fa1de12fe44afadf32e949ec914
groups_D0_sha256	a8ad72b9437af1d06d98ec23e09f3424898e54e35c3abfadad11ea8411c90404
groups_D4_sha256	b5032541a9676ba953c3a65e68d7d058ffd79c93282b608906e41c5bdfbd9ba1
hostname	analysis-host
kernel	Linux 4.18.0-553.156.1.el8_10.x86_64 x86_64 GNU/Linux
