AAACCCAAGCTTCATG	neuronal
AAACCCAAGGCCGCTT	unresolved
AAACGAAAGAGGTCGT	neuronal
AAACGAAAGTGGGAAA	unresolved
AAACGAATCAACGCTA	astrocyte
AAACGAATCCATAAGC	unresolved
AAACGCTAGGTAGCCA	astrocyte
AAACGCTAGTCTAGCT	unresolved
AAACGCTGTGCGTGCT	unresolved
AAACGCTGTTAGGGTG	oligodendrocyte_OPC
AAAGAACAGCATCTTG	oligodendrocyte_OPC
AAAGAACGTGCCGTTG	unresolved
AAAGGATAGCACACAG	unresolved
AAAGGATAGGCCTTGC	unresolved
AAAGGATCACAAATCC	astrocyte
AAAGGATGTCATCAGT	oligodendrocyte_OPC
AAAGGATTCTCGCTCA	oligodendrocyte_OPC
AAAGGGCCAAATTGGA	microglia_immune
AAAGGGCCAGCGTGAA	oligodendrocyte_OPC
AAAGGGCGTCTACACA	unresolved
AAAGGTAAGCAACCAG	astrocyte
AAAGGTAAGGTCACCC	oligodendrocyte_OPC
AAAGTCCAGATGTTCC	unresolved
AAAGTCCAGCTCGACC	astrocyte
AAAGTCCTCGGACCAC	unresolved
AAAGTGAAGTTGGGAC	astrocyte
AAAGTGACACCCTTGT	unresolved
AAATGGAAGAAGTCTA	unresolved
AAATGGAAGGTTCTAC	neuronal
AAATGGAGTACACTCA	astrocyte
AAATGGATCAGTAGGG	unresolved
AACAAAGGTGAGGAAA	oligodendrocyte_OPC
AACAAAGGTTATCTTC	neuronal
AACAAAGTCTCGTGGG	neuronal
AACAAGACACTCATAG	microglia_immune
AACAAGACACTTGAGT	unresolved
AACAAGACAGTGACCC	oligodendrocyte_OPC
AACAAGAGTCTTCTAT	unresolved
AACAAGATCAACACGT	unresolved
AACACACAGAATCCCT	neuronal
AACACACAGCTTTCTT	unresolved
AACACACAGTCCTACA	unresolved
AACACACCAGGATTCT	oligodendrocyte_OPC
AACACACCATCCGGCA	oligodendrocyte_OPC
AACACACGTGTATTGC	oligodendrocyte_OPC
AACACACTCACCATCC	oligodendrocyte_OPC
AACACACTCCCTTGTG	oligodendrocyte_OPC
AACACACTCGTGCAGC	unresolved
AACACACTCTCCTGAC	unresolved
AACACACTCTCGCTCA	unresolved
AACAGGGGTTACGATC	vascular
AACAGGGTCCCTAGGG	oligodendrocyte_OPC
AACAGGGTCGAGTGGA	oligodendrocyte_OPC
AACCACATCTAGACCA	oligodendrocyte_OPC
AACCATGCATGCCATA	oligodendrocyte_OPC
AACCATGCATTCCTCG	neuronal
AACCATGGTGGAAGTC	oligodendrocyte_OPC
AACCCAAAGAGGTCAC	oligodendrocyte_OPC
AACCCAATCTCATTTG	unresolved
AACCTGACACACTGGC	unresolved
AACCTGACATTGAGCT	neuronal
AACCTTTAGCTCCATA	unresolved
AACCTTTCACGGCACT	oligodendrocyte_OPC
AACCTTTCACTGCTTC	unresolved
AACCTTTTCTCGGTAA	unresolved
AACGAAAAGTCATGGG	unresolved
AACGAAACACTGCGAC	astrocyte
AACGGGACACTACCGG	oligodendrocyte_OPC
AACGGGAGTGAGGAAA	unresolved
AACGTCACAAGCCCAC	neuronal
AACGTCAGTATCTCGA	neuronal
AACGTCAGTGGTAACG	microglia_immune
AACGTCATCTGAGAGG	neuronal
AACTTCTAGCGGACAT	unresolved
AACTTCTTCTATTCGT	oligodendrocyte_OPC
AAGAACAAGGCAATGC	neuronal
AAGAACAGTTGTTGCA	unresolved
AAGACAAAGTTAGTGA	neuronal
AAGACAACATCAGCTA	neuronal
AAGACAAGTCTGTGAT	neuronal
AAGACAAGTGAACGGT	unresolved
AAGACAATCACCTCAC	unresolved
AAGACAATCCACTGAA	unresolved
AAGACTCCAAATTAGG	unresolved
AAGACTCCACGTATAC	oligodendrocyte_OPC
AAGACTCTCGAAGCCC	microglia_immune
AAGATAGCAGTACTAC	unresolved
AAGATAGCAGTCGAGA	astrocyte
AAGATAGTCGCTAATG	unresolved
AAGCATCAGTAAGAGG	neuronal
AAGCATCGTCCAAAGG	unresolved
AAGCCATGTCACCGCA	neuronal
AAGCCATGTTACCCTC	neuronal
AAGCGAGCAGAAACCG	neuronal
AAGCGAGGTGATAGTA	astrocyte
AAGCGAGGTTCAGCGC	astrocyte
AAGCGTTAGTATGGCG	oligodendrocyte_OPC
AAGCGTTCAACACGTT	ambiguous_or_doublet
AAGCGTTGTCTTACAG	ambiguous_or_doublet
AAGCGTTTCCTACTGC	oligodendrocyte_OPC
AAGCGTTTCGCCAGAC	oligodendrocyte_OPC
AAGGAATAGTACTCGT	astrocyte
AAGGTAACAGCGAACA	unresolved
AAGGTAAGTGAGCCAA	unresolved
AAGGTAATCGTGTGAT	unresolved
AAGTACCAGTAATCCC	unresolved
AAGTACCTCTCCCTAG	astrocyte
AAGTGAAAGCTTCATG	oligodendrocyte_OPC
AAGTGAAAGGTCATCT	unresolved
AAGTGAAAGTGGAAGA	unresolved
AAGTTCGCAGTAGATA	astrocyte
AAGTTCGGTCCCTCAT	astrocyte
AATAGAGAGTCAATCC	oligodendrocyte_OPC
AATCACGGTCGTCATA	oligodendrocyte_OPC
AATCACGGTTCAAGGG	unresolved
AATCGACAGTCACACT	unresolved
AATCGACCATCGTGGC	unresolved
AATCGTGAGCACTCGC	unresolved
AATCGTGCAGCACACC	neuronal
AATCGTGCATTGAAGA	neuronal
AATCGTGGTATCGCGC	astrocyte
AATGAAGAGAATTTGG	neuronal
AATGAAGAGGTATCTC	unresolved
AATGAAGTCAGCTTCC	unresolved
AATGACCGTCGTCAGC	oligodendrocyte_OPC
AATGACCGTTCTAAGC	unresolved
AATGACCTCCGTCAAA	unresolved
AATGCCACAAGTCCCG	neuronal
AATGGAAAGGTAAGAG	unresolved
AATGGAAGTGGTCTGC	neuronal
AATGGAATCCATGATG	neuronal
AATGGAATCGACATAC	oligodendrocyte_OPC
AATTCCTCAAAGACGC	microglia_immune
AATTCCTCATAGCTGT	astrocyte
AATTCCTTCATTCGGA	oligodendrocyte_OPC
AATTTCCAGCGGGTAT	unresolved
AATTTCCCAAAGGCAC	unresolved
AATTTCCTCCTTATAC	oligodendrocyte_OPC
ACAAAGAAGACATATG	unresolved
ACAAAGAAGCTAGAGC	oligodendrocyte_OPC
ACAAAGACAGACACAG	unresolved
ACAAAGACATCCGAAT	unresolved
ACAAAGACATGTACGT	astrocyte
ACAACCACACGTTGGC	unresolved
ACAACCACAGTTAAAG	oligodendrocyte_OPC
ACAACCATCGTTAGAC	neuronal
ACAAGCTAGGTCTTTG	astrocyte
ACAAGCTCAAGAGTGC	oligodendrocyte_OPC
ACAAGCTGTATGCTTG	neuronal
ACAAGCTTCGTAGGAG	oligodendrocyte_OPC
ACACAGTAGGGCTTCC	neuronal
ACACAGTGTTCATCTT	oligodendrocyte_OPC
ACACCAACAAATACGA	oligodendrocyte_OPC
ACACCAACACGATAGG	oligodendrocyte_OPC
ACACCAACATGGCGCT	astrocyte
ACACCAAGTGAGAGGG	unresolved
ACACCAATCCGACGGT	unresolved
ACACGCGCATGAGTAA	unresolved
ACACGCGGTAAGACCG	astrocyte
ACACTGAAGAGCCGAT	astrocyte
ACACTGATCAAGTGTC	neuronal
ACAGAAACATCTGTTT	unresolved
ACAGAAAGTAAGGCTG	oligodendrocyte_OPC
ACAGAAAGTGACCGTC	unresolved
ACAGAAATCCGTGGCA	unresolved
ACAGCCGAGCCGAATG	unresolved
ACAGCCGTCGCAGATT	unresolved
ACAGGGAAGCTCTATG	astrocyte
ACATCCCAGTGTGTTC	oligodendrocyte_OPC
ACATCCCGTCGAATGG	oligodendrocyte_OPC
ACATCCCTCAAGCTTG	neuronal
ACATCGAAGACAAGCC	vascular
ACATCGAGTGCATGTT	oligodendrocyte_OPC
ACATGCAAGCAAATGT	unresolved
ACATGCAAGGGCAATC	unresolved
ACATGCACAACTTGGT	unresolved
ACATGCAGTATTCCGA	astrocyte
ACATGCATCTTTCCAA	unresolved
ACATTTCAGTCCGTCG	microglia_immune
ACATTTCTCATGGGAG	oligodendrocyte_OPC
ACCAAACAGACATACA	oligodendrocyte_OPC
ACCAAACGTCTGTGTA	oligodendrocyte_OPC
ACCAACAGTCCCGTGA	astrocyte
ACCAACATCCTACTGC	oligodendrocyte_OPC
ACCACAAGTGGTCTGC	neuronal
ACCATTTCAAACTAAG	oligodendrocyte_OPC
ACCATTTCACTTCATT	vascular
ACCATTTCAGTAGAAT	oligodendrocyte_OPC
ACCATTTGTGGCCCAT	oligodendrocyte_OPC
ACCCAAAGTTATGTCG	unresolved
ACCCAAATCTTTCCAA	neuronal
ACCCTCATCACAAGAA	unresolved
ACCCTCATCACACCGG	unresolved
ACCCTCATCCTTCAGC	neuronal
ACCCTTGAGATCCGAG	unresolved
ACCCTTGAGGACGCTA	unresolved
ACCCTTGCACCAGCTG	astrocyte
ACCCTTGTCTCTGCCA	neuronal
ACCGTTCCAACATCGT	astrocyte
ACCGTTCCAGAGACTG	oligodendrocyte_OPC
ACCGTTCGTGAGCGAT	unresolved
ACCGTTCTCAAGTGTC	neuronal
ACCTACCAGACTAGAT	oligodendrocyte_OPC
ACCTACCCAACCACAT	oligodendrocyte_OPC
ACCTACCCACAAACGG	astrocyte
ACCTACCCAGAGAATT	astrocyte
ACCTACCGTGCCTATA	unresolved
ACCTGAAAGGTTCTAC	ambiguous_or_doublet
ACCTGAAAGTGCCCGT	neuronal
ACCTGAATCAACTTTC	oligodendrocyte_OPC
ACGATCAAGAGTCGAC	astrocyte
ACGATCACAACGACTT	neuronal
ACGATCAGTGTGGACA	unresolved
ACGATCATCCGCTAGG	neuronal
ACGATGTAGCGATGAC	astrocyte
ACGATGTCATCGTGGC	astrocyte
ACGATGTCATTGTACG	neuronal
ACGATGTTCCAATCCC	neuronal
ACGATGTTCCCTTTGG	unresolved
ACGCACGAGAGTCTTC	unresolved
ACGCACGCAATGCTCA	neuronal
ACGCACGGTATTCTCT	neuronal
ACGCACGTCTGTCGTC	oligodendrocyte_OPC
ACGGAAGAGAGTACCG	unresolved
ACGGAAGAGTCACTCA	neuronal
ACGGAAGCAGTCGTTA	unresolved
ACGGAAGGTAGCGCTC	astrocyte
ACGGAAGTCGTTCCCA	astrocyte
ACGGAAGTCTAACGGT	astrocyte
ACGGAAGTCTCGGTAA	unresolved
ACGGGTCGTTAAGAAC	neuronal
ACGGGTCTCATCACTT	neuronal
ACGGGTCTCCCTGTTG	unresolved
ACGGGTCTCGTCTACC	neuronal
ACGGTCGAGTGAACAT	unresolved
ACGGTCGCACAAGCAG	astrocyte
ACGGTCGTCCATGATG	oligodendrocyte_OPC
ACGGTTAGTCTACAGT	vascular
ACGGTTAGTGCTCTTC	unresolved
ACGGTTAGTTAGAAGT	unresolved
ACGGTTATCCTCATAT	unresolved
ACGGTTATCGAGAGCA	oligodendrocyte_OPC
ACGGTTATCGTAACCA	unresolved
ACGTAACCACACCTTC	neuronal
ACGTAACGTACGTGTT	astrocyte
ACGTAACTCCATAGGT	neuronal
ACGTACAAGGTCACAG	astrocyte
ACGTACATCGAACGCC	astrocyte
ACGTAGTCACTTCAGA	oligodendrocyte_OPC
ACGTAGTGTATTTCGG	unresolved
ACGTAGTGTGAACGGT	astrocyte
ACGTCCTAGGCCTTGC	unresolved
ACGTCCTTCGGCTATA	unresolved
ACGTCCTTCGGCTGTG	oligodendrocyte_OPC
ACGTCCTTCTGGCTGG	vascular
ACGTTCCAGCAGGCAT	oligodendrocyte_OPC
ACGTTCCCATCGGAGA	unresolved
ACGTTCCGTAGCTGTT	oligodendrocyte_OPC
ACGTTCCTCAACCGAT	neuronal
ACGTTCCTCCTGCCAT	neuronal
ACTACGAAGAGTTGCG	microglia_immune
ACTACGAAGGTCGACA	unresolved
ACTACGAGTATGTCCA	unresolved
ACTACGATCTACCACC	neuronal
ACTATCTAGGGAGGCA	unresolved
ACTATCTTCCGACATA	oligodendrocyte_OPC
ACTATGGGTGCAATAA	unresolved
ACTATGGGTTGCAAGG	oligodendrocyte_OPC
ACTATTCGTGGGCTTC	astrocyte
ACTATTCTCATGGGAG	astrocyte
ACTCCCAAGAGCAGTC	unresolved
ACTCCCAAGTAACCGG	astrocyte
ACTCCCAGTACTCGAT	oligodendrocyte_OPC
ACTCTCGAGGCATTTC	astrocyte
ACTCTCGGTGGAAGTC	astrocyte
ACTCTCGGTGTTATCG	neuronal
ACTGATGAGCCTCTTC	neuronal
ACTGATGCAGCTGAGA	unresolved
ACTGATGTCTCTCTTC	oligodendrocyte_OPC
ACTGCAAAGCGTGTTT	oligodendrocyte_OPC
ACTGCAAGTATCGTTG	astrocyte
ACTGTCCCAGAGGAAA	oligodendrocyte_OPC
ACTGTCCGTCTCGGAC	oligodendrocyte_OPC
ACTGTCCGTTAAGTCC	neuronal
ACTGTCCTCATGAGAA	oligodendrocyte_OPC
ACTGTGAAGAGAGCCT	oligodendrocyte_OPC
ACTGTGACACGACGTC	unresolved
ACTGTGAGTTCGTAAC	unresolved
ACTGTGATCTTTGCAT	neuronal
ACTTAGGAGGCATCGA	neuronal
ACTTAGGCAACTACGT	unresolved
ACTTAGGGTCAACCAT	neuronal
ACTTAGGGTCTTGAAC	vascular
ACTTATCAGTACGAGC	neuronal
ACTTATCTCTGACAGT	unresolved
ACTTCCGAGGCTTTCA	neuronal
ACTTCCGGTATACCTG	microglia_immune
ACTTCCGGTATACGGG	unresolved
ACTTCCGGTGGATCGA	astrocyte
ACTTCCGGTTGGACTT	vascular
ACTTCCGTCATTTGGG	astrocyte
ACTTCCGTCTTACACT	astrocyte
ACTTCGCAGAGAGGGC	astrocyte
ACTTCGCCACAAGCTT	oligodendrocyte_OPC
ACTTCGCGTGGTCTAT	unresolved
ACTTTCAAGTTCGCAT	neuronal
ACTTTCACACTTCCTG	astrocyte
ACTTTCACAGTGTATC	oligodendrocyte_OPC
ACTTTCAGTAAGGTCG	unresolved
ACTTTCAGTATTGCCA	unresolved
ACTTTCAGTGCGTTTA	neuronal
ACTTTCAGTGTGCTTA	unresolved
ACTTTCATCATCCTGC	oligodendrocyte_OPC
ACTTTGTCAACAACAA	unresolved
ACTTTGTCACACACTA	unresolved
ACTTTGTGTTTGACAC	unresolved
AGAAATGCAGACATCT	oligodendrocyte_OPC
AGAAATGGTGGCTTGC	neuronal
AGAAATGGTGTCCAAT	unresolved
AGAAATGTCGACATCA	oligodendrocyte_OPC
AGAACAAGTTTGGAGG	unresolved
AGAACAATCTTCGGAA	oligodendrocyte_OPC
AGAACCTCAAACACGG	neuronal
AGAACCTCAAATGAAC	neuronal
AGAACCTGTAGTATAG	neuronal
AGAAGCGCAAGGAGTC	astrocyte
AGAAGCGGTCGTCTCT	astrocyte
AGAAGTAAGAGTCGAC	oligodendrocyte_OPC
AGAAGTACAACCACAT	neuronal
AGAAGTAGTATTCTCT	unresolved
AGAAGTATCAGTCACA	oligodendrocyte_OPC
AGACAAAAGAGAGGTA	astrocyte
AGACAAAAGATCGCCC	microglia_immune
AGACAAAAGGGTGAAA	unresolved
AGACAAAGTTTACGAC	unresolved
AGACAAATCGCTCATC	oligodendrocyte_OPC
AGACACTAGCCGTTAT	oligodendrocyte_OPC
AGACACTGTCGTTCAA	neuronal
AGACACTGTCTTGCTC	neuronal
AGACACTTCCCTTTGG	unresolved
AGACAGGCATCATTGG	unresolved
AGACAGGGTATGTCCA	oligodendrocyte_OPC
AGACAGGGTCTATGAC	unresolved
AGACCATAGGGTAATT	astrocyte
AGACCCGAGTGGTTCT	unresolved
AGACCCGCAACCCTAA	oligodendrocyte_OPC
AGACCCGCATCAGTGT	neuronal
AGACCCGTCATCTGTT	neuronal
AGACCCGTCTTGCGCT	unresolved
AGACTCAAGTGGGAAA	astrocyte
AGACTCAGTGTGATGG	neuronal
AGACTCAGTTTCCATT	astrocyte
AGACTCATCGAGTACT	astrocyte
AGACTCATCTGTACAG	astrocyte
AGAGAATAGATGACAT	unresolved
AGAGAATAGTTTCGAC	astrocyte
AGAGAGCAGAGCTGAC	vascular
AGAGAGCCAGCAATTC	oligodendrocyte_OPC
AGAGAGCGTTCCGGTG	oligodendrocyte_OPC
AGAGAGCGTTTCTTAC	vascular
AGAGCAGCAGACCGCT	oligodendrocyte_OPC
AGAGCAGCAGGATGAC	oligodendrocyte_OPC
AGAGCCCCAGACAAGC	neuronal
AGAGCCCTCCGCTAGG	neuronal
AGATAGACAATGGCCC	oligodendrocyte_OPC
AGATAGATCCATCTGC	unresolved
AGATAGATCCATGATG	oligodendrocyte_OPC
AGATCCAAGATCCGAG	oligodendrocyte_OPC
AGATCCACAACACAGG	neuronal
AGATCCACATCCGGCA	unresolved
AGATCCACATGTGCCG	neuronal
AGATCCAGTTAAACAG	oligodendrocyte_OPC
AGATCGTGTCTGATCA	neuronal
AGATCGTTCATTACGG	oligodendrocyte_OPC
AGATCGTTCCGTATAG	astrocyte
AGATGAACACCGTACG	unresolved
AGATGCTAGAGCCATG	unresolved
AGATGCTAGGCATTTC	unresolved
AGATGCTAGTAACCTC	neuronal
AGATGCTCAACAAGTA	oligodendrocyte_OPC
AGATGCTGTTCTCGTC	oligodendrocyte_OPC
AGATGCTTCACTGGGC	neuronal
AGCATCAAGCAACTCT	oligodendrocyte_OPC
AGCATCACATCGATCA	neuronal
AGCATCATCGCCGAAC	unresolved
AGCATCATCGTAACAC	oligodendrocyte_OPC
AGCCAATAGATGCGAC	vascular
AGCCAATAGCCTCTGG	neuronal
AGCCAATAGTCATGGG	astrocyte
AGCCAATGTAACTTCG	neuronal
AGCCAATGTAGAGGAA	unresolved
AGCCAATTCCAGTGTA	astrocyte
AGCCACGCACTGAGGA	unresolved
AGCCACGGTGAATTGA	astrocyte
AGCCACGGTGACAGGT	unresolved
AGCCACGGTGTTAACC	neuronal
AGCCACGGTTGGACCC	unresolved
AGCCAGCAGCAAGCCA	astrocyte
AGCCAGCAGGGAGGGT	neuronal
AGCCAGCAGTAGACAT	oligodendrocyte_OPC
AGCCAGCCATCACAGT	neuronal
AGCCAGCGTACCTGTA	astrocyte
AGCCAGCTCGTGAGAG	oligodendrocyte_OPC
AGCCAGCTCTAAGAAG	neuronal
AGCGATTCATCCGAGC	astrocyte
AGCGATTGTCGTCTCT	astrocyte
AGCGATTTCAAGAGTA	neuronal
AGCGATTTCAGAGTTC	neuronal
AGCGCCACAAGTACCT	unresolved
AGCGCCACATCAGCTA	oligodendrocyte_OPC
AGCGTATCATCCGAAT	unresolved
AGCTACAAGGGATGTC	astrocyte
AGCTACACAACCCGCA	unresolved
AGCTACACAGGCACTC	neuronal
AGCTCAAAGGAACATT	unresolved
AGCTTCCAGTGGATTA	oligodendrocyte_OPC
AGCTTCCCAAATCGGG	unresolved
AGCTTCCCAACGACTT	oligodendrocyte_OPC
AGCTTCCCACTCCGAG	neuronal
AGCTTCCCAGCACAAG	oligodendrocyte_OPC
AGCTTCCGTAGAAACT	unresolved
AGCTTCCTCACGGGCT	neuronal
AGGAAATAGCTAAACA	astrocyte
AGGAAATAGTCACACT	unresolved
AGGAAATCAATGAACA	unresolved
AGGAAATCACAAACGG	oligodendrocyte_OPC
AGGAAATCAGCCGTTG	unresolved
AGGAATAAGAGTGAAG	neuronal
AGGAATACATGGAAGC	neuronal
AGGAATAGTCATGCAT	oligodendrocyte_OPC
AGGAATAGTTGTGTTG	unresolved
AGGAATATCATTTACC	neuronal
AGGACGACAATGTCTG	astrocyte
AGGACGAGTCGTCAGC	vascular
AGGACTTCACTACCGG	unresolved
AGGACTTGTTCTCCAC	unresolved
AGGACTTTCTACCAGA	astrocyte
AGGAGGTCAACACAAA	astrocyte
AGGAGGTGTCTTCTAT	unresolved
AGGATAAAGAGGGTCT	astrocyte
AGGATAAAGTATTAGG	astrocyte
AGGATAAAGTTGGCTT	unresolved
AGGATAAGTCGATTAC	oligodendrocyte_OPC
AGGATAATCCCTTGGT	neuronal
AGGATAATCTCATGCC	astrocyte
AGGATCTAGATCCCAT	oligodendrocyte_OPC
AGGATCTAGATCGACG	oligodendrocyte_OPC
AGGATCTCATGATCTG	oligodendrocyte_OPC
AGGATCTTCTACTTCA	unresolved
AGGATCTTCTTCGTGC	unresolved
AGGCATTAGCGGCTCT	unresolved
AGGCATTAGCTGAGTG	unresolved
AGGCATTCACTGCATA	ambiguous_or_doublet
AGGCATTGTGGATCAG	astrocyte
AGGCATTTCCGCATAA	oligodendrocyte_OPC
AGGCATTTCGTGTCAA	neuronal
AGGCCACAGCTGAGTG	oligodendrocyte_OPC
AGGCCACGTCCTCCTA	unresolved
AGGCCACGTCGCACGT	unresolved
AGGCCACTCCGACAGC	oligodendrocyte_OPC
AGGCTGCCAGGTCTCG	unresolved
AGGGAGTCACGACGAA	neuronal
AGGGAGTGTAGGTAGC	astrocyte
AGGGAGTGTTAAAGTG	unresolved
AGGGAGTTCAAATAGG	oligodendrocyte_OPC
AGGGCCTAGGTAAGGA	neuronal
AGGGCCTGTTTAGTCG	unresolved
AGGGCCTTCTTACGGA	neuronal
AGGGCTCAGGCACCAA	unresolved
AGGGCTCGTCTGCGCA	oligodendrocyte_OPC
AGGGCTCTCGCCTTTG	oligodendrocyte_OPC
AGGGTCCAGGAAAGAC	vascular
AGGGTCCGTTCAACGT	astrocyte
AGGGTCCTCTGGGAGA	unresolved
AGGGTGAGTCACTACA	neuronal
AGGGTTTGTTAGGGTG	unresolved
AGGGTTTTCTGACGCG	oligodendrocyte_OPC
AGGTAGGAGAACAAGG	unresolved
AGGTAGGAGGACCCAA	unresolved
AGGTCATAGAAGCCAC	unresolved
AGGTCATTCGTACACA	microglia_immune
AGGTCATTCGTCGGGT	neuronal
AGGTCTAAGCACTTTG	unresolved
AGGTCTAGTAGCTTTG	astrocyte
AGGTGTTAGAGTCTTC	astrocyte
AGGTGTTAGCTTACGT	astrocyte
AGGTGTTAGGTCCCTG	neuronal
AGGTGTTCATCCAATG	microglia_immune
AGGTGTTTCAAACCCA	neuronal
AGGTGTTTCCTCTAGC	neuronal
AGGTGTTTCGAACTCA	neuronal
AGGTTACAGATAGGGA	oligodendrocyte_OPC
AGGTTACAGGCCTGCT	unresolved
AGGTTACCACATGTTG	neuronal
AGGTTACCACTCCGGA	unresolved
AGGTTACTCTAACACG	unresolved
AGTAACCAGCACTAAA	oligodendrocyte_OPC
AGTAACCCAGCGACCT	oligodendrocyte_OPC
AGTAACCGTCCACACG	ambiguous_or_doublet
AGTAACCTCGTACCTC	oligodendrocyte_OPC
AGTACCAAGCGGGTAT	unresolved
AGTACCAAGTCTTCGA	astrocyte
AGTACCACAGTGAGCA	oligodendrocyte_OPC
AGTACCATCGAGTGAG	unresolved
AGTACCATCTGTGCTC	astrocyte
AGTACTGTCTAAGAAG	astrocyte
AGTAGTCCAGATTCGT	neuronal
AGTCAACAGTACCGGA	oligodendrocyte_OPC
AGTCAACCAAGAGCTG	neuronal
AGTCAACTCCACGAAT	oligodendrocyte_OPC
AGTCACACATCGAACT	astrocyte
AGTCACATCATCGCCT	astrocyte
AGTCATGGTCGCTTAA	astrocyte
AGTCATGGTTATGGTC	oligodendrocyte_OPC
AGTCATGTCGGTGTTA	oligodendrocyte_OPC
AGTGACTAGCGCACAA	unresolved
AGTGACTAGGGTAGCT	oligodendrocyte_OPC
AGTGACTCATGCGGTC	oligodendrocyte_OPC
AGTGACTGTGGACCTC	neuronal
AGTGACTTCGTTGCCT	unresolved
AGTGATCCATTGAAGA	unresolved
AGTGATCGTGCATTAC	astrocyte
AGTGATCTCGCAGTGC	neuronal
AGTGATCTCGCGTGCA	microglia_immune
AGTGATCTCTCGGTAA	oligodendrocyte_OPC
AGTGCCGAGCGGGTTA	oligodendrocyte_OPC
AGTGCCGCAACAGCCC	neuronal
AGTGCCGGTGTCATGT	oligodendrocyte_OPC
AGTGCCGGTTCGGCCA	microglia_immune
AGTGCCGTCAGCATTG	oligodendrocyte_OPC
AGTGCCGTCCAGTTCC	unresolved
AGTGTTGAGGATAATC	astrocyte
AGTTAGCCATAACTCG	oligodendrocyte_OPC
AGTTAGCGTTCTATCT	astrocyte
AGTTCCCCATTAGGCT	neuronal
ATACCGAAGCGACTTT	astrocyte
ATACCGAAGCTAGTTC	neuronal
ATACCGAAGTAGAATC	unresolved
ATACCGACAAGTTGGG	microglia_immune
ATACCTTCATGTGTCA	unresolved
ATACCTTTCGTTATCT	oligodendrocyte_OPC
ATACTTCAGGCCCAAA	neuronal
ATACTTCTCTTCGCTG	unresolved
ATAGACCAGCGACTTT	oligodendrocyte_OPC
ATAGACCCACCCTGTT	unresolved
ATAGACCGTCCAGCAC	unresolved
ATAGACCTCGCGTAGC	unresolved
ATAGACCTCTATACGG	oligodendrocyte_OPC
ATAGAGAGTTAAGTCC	oligodendrocyte_OPC
ATAGAGATCATTCATC	astrocyte
ATAGGCTAGAGGTCAC	neuronal
ATAGGCTCATAAGATG	microglia_immune
ATAGGCTGTCTTCGAA	unresolved
ATATCCTCAACCGCCA	neuronal
ATATCCTGTGCATTAC	neuronal
ATATCCTGTTCTGACA	unresolved
ATATCCTGTTTCACAG	oligodendrocyte_OPC
ATATCCTTCAGTCAGT	neuronal
ATCACAGCAACGTTAC	neuronal
ATCACTTAGTCAACAA	neuronal
ATCACTTTCATTATCC	oligodendrocyte_OPC
ATCACTTTCTATCCAT	oligodendrocyte_OPC
ATCAGGTAGGTATTGA	neuronal
ATCAGGTGTCACTTCC	oligodendrocyte_OPC
ATCAGGTTCACCCTGT	oligodendrocyte_OPC
ATCAGGTTCCGCATAA	oligodendrocyte_OPC
ATCATTCAGTTTGGCT	unresolved
ATCATTCCAGAACGCA	neuronal
ATCCACCAGATAACGT	oligodendrocyte_OPC
ATCCACCAGCACTCTA	oligodendrocyte_OPC
ATCCACCCAACACAAA	unresolved
ATCCACCCAGCTGTCG	astrocyte
ATCCACCCAGGTGGAT	neuronal
ATCCATTCAATTGTGC	unresolved
ATCCCTGCATCCGGCA	oligodendrocyte_OPC
ATCCGTCAGCGCAATG	oligodendrocyte_OPC
ATCCGTCGTCGATTAC	astrocyte
ATCCGTCTCACGAGGA	unresolved
ATCCTATGTCGCAACC	oligodendrocyte_OPC
ATCGATGTCAAGAGGC	oligodendrocyte_OPC
ATCGCCTAGTCCCAGC	unresolved
ATCGCCTTCAGAACCT	oligodendrocyte_OPC
ATCGCCTTCTAAGGAA	astrocyte
ATCGGATAGGTTCTTG	astrocyte
ATCGGATAGTGGCGAT	oligodendrocyte_OPC
ATCGGATGTATACGGG	oligodendrocyte_OPC
ATCGGATGTGTGTCCG	oligodendrocyte_OPC
ATCGGATGTTCAGCGC	unresolved
ATCGGATTCCAGTGCG	astrocyte
ATCGGCGCACTAGGTT	microglia_immune
ATCGGCGCAGCGATTT	neuronal
ATCGGCGGTAGCTTAC	astrocyte
ATCGGCGTCGACCACG	oligodendrocyte_OPC
ATCGTAGCACCTATCC	unresolved
ATCGTAGTCGAGTCCG	unresolved
ATCGTCCAGACTCTAC	microglia_immune
ATCGTCCAGCGCGTTC	oligodendrocyte_OPC
ATCGTCCTCTGGTGGC	oligodendrocyte_OPC
ATCGTGAAGCTTCTAG	microglia_immune
ATCTCTAAGAGAGTTT	unresolved
ATCTCTAAGTTGCGAG	neuronal
ATCTTCAAGATGAATC	oligodendrocyte_OPC
ATCTTCACAGTTAGAA	astrocyte
ATGAAAGGTAGCTCGC	oligodendrocyte_OPC
ATGAAAGTCACTCACC	astrocyte
ATGAAAGTCATGCCCT	astrocyte
ATGACCAAGACCTGGA	microglia_immune
ATGACCACAAAGGGCT	oligodendrocyte_OPC
ATGACCACATCTCAAG	oligodendrocyte_OPC
ATGACCATCGTGCGAC	oligodendrocyte_OPC
ATGAGGGCAGCGCGTT	oligodendrocyte_OPC
ATGAGGGGTCTACACA	oligodendrocyte_OPC
ATGAGTCAGATGTAGT	neuronal
ATGAGTCCATCGATGT	neuronal
ATGAGTCTCATGCCCT	neuronal
ATGAGTCTCCCTATTA	oligodendrocyte_OPC
ATGATCGAGACTTCCA	astrocyte
ATGATCGCACAATGCT	unresolved
ATGATCGCACTCTCGT	unresolved
ATGATCGCAGCAGTAG	astrocyte
ATGATCGGTGAAGCTG	oligodendrocyte_OPC
ATGATCGTCGTAGGGA	unresolved
ATGCATGAGACGGATC	neuronal
ATGCCTCCAAGTGATA	neuronal
ATGCCTCGTAGCCCTG	astrocyte
ATGCCTCGTCAGCTTA	unresolved
ATGCGATCACAGAGCA	oligodendrocyte_OPC
ATGCGATTCCAACACA	unresolved
ATGCGATTCCGAGCTG	neuronal
ATGGAGGAGCAACTCT	neuronal
ATGGAGGAGCTTAAGA	oligodendrocyte_OPC
ATGGAGGAGTGCTAGG	ambiguous_or_doublet
ATGGAGGAGTTGCATC	neuronal
ATGGAGGTCCACGGAC	unresolved
ATGGATCAGAAGCCAC	unresolved
ATGGATCCATCGATAC	astrocyte
ATGGATCCATGGCCAC	oligodendrocyte_OPC
ATGGGAGAGACACACG	oligodendrocyte_OPC
ATGGGAGAGCAGCGAT	oligodendrocyte_OPC
ATGGGAGAGTATAGGT	oligodendrocyte_OPC
ATGGGAGCACTTCCTG	oligodendrocyte_OPC
ATGGGTTCACTTGTGA	astrocyte
ATGGGTTCAGGCCCTA	unresolved
ATGTCCCCATACCAGT	unresolved
ATGTCCCCATTCTTCA	neuronal
ATGTCCCCATTGAGCT	neuronal
ATGTCCCTCATTTCGT	oligodendrocyte_OPC
ATGTCTTAGTCCGCGT	unresolved
ATGTCTTGTTTGATCG	astrocyte
ATGTCTTTCAGCCTTC	astrocyte
ATTACCTAGCAATTCC	astrocyte
ATTACCTCACTTGTGA	neuronal
ATTACCTCAGTGCGCT	unresolved
ATTACCTGTCAAAGCG	unresolved
ATTACCTTCTAGACAC	oligodendrocyte_OPC
ATTACTCAGCTTTCTT	astrocyte
ATTACTCGTCACTTAG	astrocyte
ATTATCCAGAGTCAGC	unresolved
ATTCACTAGACTCCGC	astrocyte
ATTCACTTCCCACAGG	unresolved
ATTCAGGCATGCCGGT	neuronal
ATTCATCAGGTAATCA	unresolved
ATTCATCAGGTTGGTG	neuronal
ATTCATCCAAGGCTTT	oligodendrocyte_OPC
ATTCATCGTGTGCCTG	oligodendrocyte_OPC
ATTCCATAGAGGTCAC	unresolved
ATTCCATCAAGCGAGT	astrocyte
ATTCCATGTAAGAACT	oligodendrocyte_OPC
ATTCCCGAGAAGGTAG	neuronal
ATTCCCGAGCGAGAAA	oligodendrocyte_OPC
ATTCCCGCATTGCTGA	oligodendrocyte_OPC
ATTCCTAGTTACAGCT	oligodendrocyte_OPC
ATTCGTTAGAATTCAG	unresolved
ATTCTACCACCTTCCA	oligodendrocyte_OPC
ATTCTACGTCTGTCAA	oligodendrocyte_OPC
ATTCTACGTCTTCCGT	astrocyte
ATTCTACTCAGAGCAG	unresolved
ATTCTACTCATTCGTT	oligodendrocyte_OPC
ATTCTACTCGAGATAA	neuronal
ATTCTACTCTGCGATA	vascular
ATTCTTGAGCGCTGAA	unresolved
ATTCTTGCACCCTTGT	neuronal
ATTCTTGCAGCCGGTT	neuronal
ATTCTTGTCTAGGCCG	microglia_immune
ATTGGGTCAGCTGTTA	oligodendrocyte_OPC
ATTGGGTGTAATCAAG	unresolved
ATTGGGTGTTCACGAT	neuronal
ATTGGGTTCATCACAG	unresolved
ATTGGGTTCTGTAACG	neuronal
ATTGTTCAGACAAGCC	oligodendrocyte_OPC
ATTGTTCAGCAAGTGC	oligodendrocyte_OPC
ATTGTTCCATACTGTG	unresolved
ATTGTTCTCCGTGTCT	astrocyte
ATTTACCCACAGTGTT	neuronal
ATTTACCCACGCACCA	oligodendrocyte_OPC
ATTTACCGTCGAACGA	unresolved
ATTTACCGTCTGTCAA	oligodendrocyte_OPC
ATTTACCGTTCTCCTG	oligodendrocyte_OPC
ATTTACCTCCATCACC	astrocyte
ATTTCACAGGGCCTCT	microglia_immune
ATTTCACCAATGTTGC	astrocyte
ATTTCACGTCTAGGTT	oligodendrocyte_OPC
ATTTCACTCCTAAACG	unresolved
ATTTCTGCAAGAATAC	neuronal
ATTTCTGCACTATCGA	oligodendrocyte_OPC
ATTTCTGGTCAACATC	unresolved
CAAAGAAAGCCGATTT	neuronal
CAAAGAATCTGGGCAC	unresolved
CAACAGTGTGATAGTA	unresolved
CAACAGTGTGTATACC	astrocyte
CAACAGTGTTAGGCTT	vascular
CAACAGTTCTAGTTCT	astrocyte
CAACCAAAGGACTTCT	neuronal
CAACCAAAGTATGCAA	unresolved
CAACCAACAACAAGTA	oligodendrocyte_OPC
CAACCAAGTACTCCCT	neuronal
CAACCAATCATGCAGT	unresolved
CAACCAATCGCACTCT	neuronal
CAACCTCCAATTAGGA	neuronal
CAACCTCGTAGCTTGT	neuronal
CAACCTCGTGTCTTAG	unresolved
CAACGATCACGCTGTG	astrocyte
CAACGGCAGAATGTTG	astrocyte
CAACGGCGTCTTTATC	unresolved
CAAGACTAGACCAAGC	unresolved
CAAGACTGTTGCAAGG	unresolved
CAAGACTTCATTATCC	neuronal
CAAGAGGGTACCTTCC	oligodendrocyte_OPC
CAAGAGGTCCCTAGGG	unresolved
CAAGCTAGTACCTAAC	oligodendrocyte_OPC
CAAGCTAGTAGACGTG	oligodendrocyte_OPC
CAAGCTATCGCCTTGT	astrocyte
CAATACGGTACCAATC	unresolved
CAATACGTCCGTTGGG	oligodendrocyte_OPC
CAATCGAAGTTAACGA	oligodendrocyte_OPC
CAATCGAGTGTAGCAG	unresolved
CAATGACAGAGCATCG	astrocyte
CAATGACGTGACTAAA	unresolved
CAATGACGTGAGCCAA	oligodendrocyte_OPC
CACAACAAGTTCCGGC	neuronal
CACAACACAAGCTCTA	unresolved
CACAACATCTGTCGTC	oligodendrocyte_OPC
CACACAAAGACTGAGC	unresolved
CACACAAAGCGCCGTT	unresolved
CACACAACAGACCATT	unresolved
CACACAAGTGTTTCTT	neuronal
CACACAATCAAGTAAG	unresolved
CACACAATCCGCACGA	unresolved
CACACAATCTTGAACG	astrocyte
CACAGATAGAGATTCA	unresolved
CACAGATAGCGGATCA	oligodendrocyte_OPC
CACAGATAGCTACTAC	unresolved
CACAGATCACCTTCCA	oligodendrocyte_OPC
CACAGATGTGAGGAAA	oligodendrocyte_OPC
CACAGGCCACATAGCT	oligodendrocyte_OPC
CACAGGCTCGCTACGG	neuronal
CACCAAATCCTCGATC	neuronal
CACCGTTAGGATTTCC	unresolved
CACCGTTAGGTGCCTC	microglia_immune
CACCGTTCACAATGAA	astrocyte
CACCGTTTCAATCCAG	oligodendrocyte_OPC
CACGAATAGAAATTCG	unresolved
CACGAATTCTATACGG	neuronal
CACGGGTAGATACATG	neuronal
CACGGGTAGCCTGAAG	astrocyte
CACGGGTAGGTCGAGT	microglia_immune
CACGGGTCAACGAGGT	astrocyte
CACGGGTTCTCCGAGG	unresolved
CACGTGGAGGTTGCCC	astrocyte
CACGTGGCACGGGCTT	neuronal
CACGTGGGTAGCTGTT	microglia_immune
CACGTTCCAATAAGGT	neuronal
CACGTTCCACGAGGTA	oligodendrocyte_OPC
CACTAAGAGAGTGGCT	neuronal
CACTAAGAGTGCGTCC	neuronal
CACTAAGGTCGGATTT	neuronal
CACTAAGGTGTGTGGA	oligodendrocyte_OPC
CACTAAGTCAAATGCC	ambiguous_or_doublet
CACTAAGTCAGCGCGT	unresolved
CACTGAAGTACTGCCG	unresolved
CACTGAAGTTTAGACC	oligodendrocyte_OPC
CACTGGGAGCATGCGA	unresolved
CACTGGGCATACAGAA	unresolved
CACTGGGGTGTCCGGT	oligodendrocyte_OPC
CACTGGGTCATGCTAG	astrocyte
CACTGGGTCCTCATAT	neuronal
CACTGTCAGCTTACGT	unresolved
CACTGTCAGGGTACGT	oligodendrocyte_OPC
CACTGTCCAAATTGGA	neuronal
CACTGTCGTACTCCGG	astrocyte
CACTGTCTCCCGAGTG	unresolved
CACTTCGGTCATTCCC	neuronal
CACTTCGGTCCTTGTC	oligodendrocyte_OPC
CAGAGCCAGAACCCGA	astrocyte
CAGAGCCCAACCTAAC	astrocyte
CAGAGCCCAATTCTTC	unresolved
CAGAGCCTCCGCTAGG	astrocyte
CAGAGCCTCCTAGAGT	oligodendrocyte_OPC
CAGATACAGTTTGAGA	neuronal
CAGATACTCTTACACT	neuronal
CAGATCACAAGATGGC	unresolved
CAGATCATCGATTGAC	unresolved
CAGATCATCTCCCATG	unresolved
CAGATTGAGCAGCCTC	astrocyte
CAGATTGAGCAGGTCA	astrocyte
CAGATTGCACGACGCT	neuronal
CAGATTGCATCCCACT	oligodendrocyte_OPC
CAGATTGGTAATTGGA	astrocyte
CAGATTGGTCTGTTAG	unresolved
CAGATTGTCCTACGAA	microglia_immune
CAGCAATAGCAGCAGT	oligodendrocyte_OPC
CAGCAATAGGAGCTGT	oligodendrocyte_OPC
CAGCAATCATGGAAGC	unresolved
CAGCAATTCGTTTACT	unresolved
CAGCACGAGCTATCCA	astrocyte
CAGCACGCAATTTCTC	unresolved
CAGCACGCAGCAATTC	unresolved
CAGCACGGTCAGATTC	astrocyte
CAGCAGCAGGGACTGT	neuronal
CAGCAGCCAACGCCCA	unresolved
CAGCAGCGTACTTGTG	oligodendrocyte_OPC
CAGCCAGAGGGCAGAG	astrocyte
CAGCCAGCATAGAATG	oligodendrocyte_OPC
CAGCCAGGTATTGACC	vascular
CAGCCAGTCATTACTC	unresolved
CAGCCAGTCCTACAAG	neuronal
CAGCGTGAGTTTCAGC	oligodendrocyte_OPC
CAGCGTGCACCACTGG	vascular
CAGCGTGGTCGTGTTA	unresolved
CAGCGTGTCGATCCAA	astrocyte
CAGGCCAAGAACGTGC	unresolved
CAGGCCACATTCTGTT	neuronal
CAGGCCAGTCATCCGG	microglia_immune
CAGGCCAGTCTTCCGT	unresolved
CAGGCCATCAAGTGGG	unresolved
CAGGGCTTCTCGGTAA	oligodendrocyte_OPC
CAGGTATAGACTCATC	microglia_immune
CAGTGCGAGCCTCAAT	oligodendrocyte_OPC
CAGTGCGCAGTGGTGA	unresolved
CAGTGCGGTGGGATTG	oligodendrocyte_OPC
CAGTGCGGTTGCATGT	neuronal
CAGTGCGTCCTAGCCT	astrocyte
CAGTTCCCAGAAGCTG	ambiguous_or_doublet
CAGTTCCTCACTGAAC	unresolved
CAGTTCCTCCTTACCG	unresolved
CATAAGCAGATGACCG	oligodendrocyte_OPC
CATAAGCAGGTTCTTG	oligodendrocyte_OPC
CATAAGCGTACATACC	neuronal
CATAAGCGTATCCCAA	unresolved
CATAAGCTCCGACATA	oligodendrocyte_OPC
CATACAGAGTATAGGT	oligodendrocyte_OPC
CATACAGCAAAGCAAT	neuronal
CATACAGTCATCTACT	neuronal
CATACCCAGCTGTCCG	neuronal
CATACCCCACCAGCTG	unresolved
CATACCCCAGATTTCG	unresolved
CATACCCGTACAGTTC	astrocyte
CATACTTGTCGCCTAG	unresolved
CATACTTTCCTTCTAA	unresolved
CATAGACCACGGATCC	unresolved
CATAGACTCCGGTAGC	unresolved
CATCAAGAGACACACG	neuronal
CATCAAGAGTGTACAA	astrocyte
CATCAAGCACAGTATC	astrocyte
CATCAAGTCTTCGGTC	oligodendrocyte_OPC
CATCCACCAATTTCTC	unresolved
CATCCACCAGTCAGTT	neuronal
CATCCACCATAGGCGA	oligodendrocyte_OPC
CATCCACTCCTACCGT	astrocyte
CATCCCATCTCAACGA	oligodendrocyte_OPC
CATCCGTAGATGTAGT	astrocyte
CATCCGTAGCGAACTG	neuronal
CATCCGTCATGACTGT	oligodendrocyte_OPC
CATCCGTGTCGGTGTC	neuronal
CATCGCTAGACCGTTT	oligodendrocyte_OPC
CATCGCTAGGTTCATC	unresolved
CATCGCTCACACTGGC	neuronal
CATCGCTGTAACACGG	astrocyte
CATCGCTGTCTCTCTG	unresolved
CATCGGGAGATGGCGT	unresolved
CATCGGGCAAGCTGTT	neuronal
CATCGGGGTCACAGTT	unresolved
CATCGGGTCTGCGGCA	neuronal
CATCGTCTCAACTGGT	oligodendrocyte_OPC
CATGAGTAGGACGGAG	unresolved
CATGAGTCAGAGAAAG	astrocyte
CATGAGTCAGCTATTG	oligodendrocyte_OPC
CATGAGTCAGGTCAAG	neuronal
CATGAGTGTAGTCACT	neuronal
CATGCAACAACAGCCC	oligodendrocyte_OPC
CATGCAACAGGTCCCA	unresolved
CATGCAATCATCCCGT	oligodendrocyte_OPC
CATGCCTAGCCTCTTC	oligodendrocyte_OPC
CATGCCTGTGGTATGG	unresolved
CATGCCTGTGTGATGG	neuronal
CATGCGGGTATTTCGG	unresolved
CATGCGGGTCCGGCAT	unresolved
CATGCTCCACAGTCAT	astrocyte
CATGCTCCAGGAGGAG	unresolved
CATGCTCCAGTATACC	oligodendrocyte_OPC
CATGCTCGTAGCGTTT	unresolved
CATGCTCGTCTAGGCC	unresolved
CATGGATAGACGCCCT	vascular
CATGGATAGAGCAAGA	oligodendrocyte_OPC
CATGGATAGGAGCAAA	unresolved
CATGGATCAGACACCC	astrocyte
CATGGATCAGATCATC	unresolved
CATGGATGTGTCTAAC	astrocyte
CATGGATTCGGTAACT	neuronal
CATGGTAAGAAGAACG	neuronal
CATGGTAAGGTTGGAC	neuronal
CATGGTAAGTCCCTAA	microglia_immune
CATGGTACAGAGGCAT	unresolved
CATGGTAGTAGAATAC	astrocyte
CATTCATAGCCGTTGC	neuronal
CATTCATGTGGCTACC	astrocyte
CATTCATTCAAGTGGG	unresolved
CATTCATTCGTTAGAC	neuronal
CATTCCGAGAATAGTC	oligodendrocyte_OPC
CATTCCGAGTTCATCG	oligodendrocyte_OPC
CATTCCGCAAGGCTTT	unresolved
CATTCCGCACTTGGGC	unresolved
CATTCCGTCAGTGTTG	astrocyte
CATTCCGTCGAACGGA	astrocyte
CATTCTACACAAACGG	oligodendrocyte_OPC
CATTCTACACTACTTT	neuronal
CATTCTACATTCGGGC	unresolved
CATTCTAGTTATCTTC	oligodendrocyte_OPC
CATTGAGTCGCTGCGA	vascular
CATTGAGTCGTAGTGT	unresolved
CATTGCCCAATTGCGT	neuronal
CATTGCCGTGCCTACG	unresolved
CATTGTTAGAACAAGG	oligodendrocyte_OPC
CATTTCAAGGAAAGAC	neuronal
CCAAGCGAGGCCATAG	oligodendrocyte_OPC
CCAAGCGAGTCAGCCC	oligodendrocyte_OPC
CCAAGCGCACTGAATC	unresolved
CCAAGCGGTATGCTAC	unresolved
CCAAGCGTCACGATAC	unresolved
CCAATGACAGACCTAT	unresolved
CCAATTTAGTCCCGAC	astrocyte
CCAATTTCATATAGCC	oligodendrocyte_OPC
CCAATTTGTCAGCGTC	oligodendrocyte_OPC
CCAATTTGTGTTCGAT	neuronal
CCACAAAAGAAGGATG	oligodendrocyte_OPC
CCACAAACAGGTGTTT	unresolved
CCACAAATCACTTCTA	astrocyte
CCACACTAGCTGGCTC	oligodendrocyte_OPC
CCACACTAGGCGCTCT	unresolved
CCACACTAGGTCACCC	oligodendrocyte_OPC
CCACACTGTACCTATG	vascular
CCACACTGTAGTCACT	unresolved
CCACACTTCAGCTTGA	unresolved
CCACCATAGGTACTGG	astrocyte
CCACCATTCTACTATC	neuronal
CCACCATTCTATCGGA	oligodendrocyte_OPC
CCACGAGAGATGCGAC	unresolved
CCACGAGCATAGGCGA	unresolved
CCACGAGCATGACAAA	oligodendrocyte_OPC
CCACGAGGTGGCAACA	neuronal
CCACGAGTCGTCCTTG	unresolved
CCACGTTCAAGGGCAT	oligodendrocyte_OPC
CCACGTTCACCCTTGT	unresolved
CCACGTTGTTCTAAGC	unresolved
CCACTTGCATACCGTA	astrocyte
CCACTTGGTCATCCGG	oligodendrocyte_OPC
CCACTTGTCGTCAACA	oligodendrocyte_OPC
CCATAAGGTGGGTTGA	neuronal
CCATCACAGACCATTC	neuronal
CCATCACAGACCCTTA	neuronal
CCATCACAGATAACAC	unresolved
CCATCACAGGCGTTAG	unresolved
CCATCACGTCTCACGG	neuronal
CCATCACGTGTGGACA	unresolved
CCATCACGTTGCCATA	astrocyte
CCCAACTCACCTATCC	unresolved
CCCAACTGTTGAGAGC	oligodendrocyte_OPC
CCCAACTGTTGGCCGT	oligodendrocyte_OPC
CCCATTGCACTGGCGT	unresolved
CCCATTGGTATTGACC	oligodendrocyte_OPC
CCCGAAGAGCTTGTGT	astrocyte
CCCGAAGCACCTCAGG	oligodendrocyte_OPC
CCCGAAGGTATCGAGG	oligodendrocyte_OPC
CCCGAAGGTCTGGTTA	astrocyte
CCCTAACGTTCAAACC	microglia_immune
CCCTAACTCAAAGCCT	astrocyte
CCCTAACTCGTGGCGT	unresolved
CCCTCAAAGCCAGACA	unresolved
CCCTCAACACTCAGAT	oligodendrocyte_OPC
CCCTCAACAGCGAACA	microglia_immune
CCCTCAAGTTCCGCTT	unresolved
CCCTCAATCGAAACAA	microglia_immune
CCCTCTCAGAGAGGGC	neuronal
CCCTCTCGTGCAGTGA	unresolved
CCCTCTCGTGCCTTCT	neuronal
CCCTCTCTCAATCTTC	astrocyte
CCCTGATCACCTGCTT	unresolved
CCCTTAGCACCAACAT	unresolved
CCCTTAGCATACGCAT	neuronal
CCCTTAGGTGTAGTGG	neuronal
CCCTTAGTCAGCTTCC	microglia_immune
CCGATCTAGTCGCCAC	neuronal
CCGATCTCATCCTATT	astrocyte
CCGATCTGTAGGACTG	neuronal
CCGATCTGTCCGTACG	microglia_immune
CCGATCTTCACAGTGT	astrocyte
CCGATCTTCCACTTCG	vascular
CCGATCTTCGTAGGGA	unresolved
CCGATGGCAACACGTT	oligodendrocyte_OPC
CCGATGGTCGTGCACG	astrocyte
CCGCAAGGTCGTCAGC	unresolved
CCGCAAGGTGGCTTGC	astrocyte
CCGGACAGTTGGACTT	unresolved
CCGGACATCCATCTAT	oligodendrocyte_OPC
CCGGACATCGCCGTGA	unresolved
CCGGGTAAGAAACTCA	astrocyte
CCGGGTACATGACAGG	oligodendrocyte_OPC
CCGGGTATCAACTACG	astrocyte
CCGGGTATCTGGTTGA	oligodendrocyte_OPC
CCGGTAGCAACCAACT	astrocyte
CCGGTAGCATGGCCAC	unresolved
CCGGTGATCAGTCCGG	astrocyte
CCGTAGGGTCGCGTCA	unresolved
CCGTAGGTCGAGCCAC	oligodendrocyte_OPC
CCGTGAGAGTCCCAGC	unresolved
CCGTGAGCAAGGTCTT	unresolved
CCGTGAGGTACAAAGT	oligodendrocyte_OPC
CCGTGAGTCGGTAAGG	astrocyte
CCGTTCACAACTTGGT	oligodendrocyte_OPC
CCGTTCATCGTTCATT	neuronal
CCGTTCATCTAGCATG	microglia_immune
CCTAACCAGCAACAAT	neuronal
CCTAACCAGCGTCTCG	oligodendrocyte_OPC
CCTAACCAGTTACGGG	unresolved
CCTAACCCAGTCGGTC	oligodendrocyte_OPC
CCTAACCGTATCATGC	microglia_immune
CCTAACCTCTGGTGCG	unresolved
CCTAAGAAGAGAGTGA	neuronal
CCTAAGAGTCTCACGG	unresolved
CCTAAGAGTTCTCACC	oligodendrocyte_OPC
CCTAAGAGTTGTCATG	oligodendrocyte_OPC
CCTACGTCAAAGGTTA	unresolved
CCTACGTGTACAGAGC	oligodendrocyte_OPC
CCTACGTGTCCGGCAT	neuronal
CCTACGTTCGTTGCCT	unresolved
CCTATCGAGTAGACAT	oligodendrocyte_OPC
CCTCAACAGGCTCACC	unresolved
CCTCAACAGTAGTCCT	oligodendrocyte_OPC
CCTCAACCAGCTGAAG	neuronal
CCTCACAAGGTACAGC	vascular
CCTCACAAGTCCTGCG	astrocyte
CCTCAGTCATAACGGG	astrocyte
CCTCAGTGTGGTCTTA	astrocyte
CCTCATGCATTAAGCC	neuronal
CCTCATGGTAACATGA	neuronal
CCTCATGGTCGACTTA	astrocyte
CCTCCAAAGGGAGATA	unresolved
CCTCCAACAGCCCACA	unresolved
CCTCCTCCACACCGCA	astrocyte
CCTCCTCGTGGAGAAA	unresolved
CCTCTAGTCCTACGAA	oligodendrocyte_OPC
CCTCTCCAGACCACGA	oligodendrocyte_OPC
CCTCTCCAGCAATAGT	neuronal
CCTCTCCAGCTGGCTC	unresolved
CCTCTCCAGTAAACGT	astrocyte
CCTCTCCCAAGCACCC	unresolved
CCTCTCCCACTGTCGG	unresolved
CCTCTCCTCGAGAAAT	oligodendrocyte_OPC
CCTCTCCTCTGGTCAA	oligodendrocyte_OPC
CCTGCATCAGCTAACT	microglia_immune
CCTGCATGTATTCTCT	astrocyte
CCTGCATTCAAGCGTT	astrocyte
CCTGTTGCAGGACAGT	unresolved
CCTGTTGGTCTCAGGC	neuronal
CCTTCAGAGGATACGC	unresolved
CCTTCAGCAATCAAGA	neuronal
CCTTCAGGTCACATTG	unresolved
CCTTCAGGTTTCGTTT	unresolved
CCTTGTGGTTCTCGCT	astrocyte
CCTTTGGCAACAGCTT	neuronal
CCTTTGGCAAGTCATC	unresolved
CCTTTGGGTATGTCTG	oligodendrocyte_OPC
CCTTTGGTCGGTAGGA	astrocyte
CGAAGGAAGAGCCATG	astrocyte
CGAAGGAAGCGTGAAC	neuronal
CGAAGGAAGTGTGTTC	unresolved
CGAAGTTGTCAGTTTG	oligodendrocyte_OPC
CGAATTGGTTTCCCAC	astrocyte
CGAATTGTCAAGTTGC	neuronal
CGACAGCAGCTACAAA	neuronal
CGACAGCCAAGGGCAT	unresolved
CGACAGCTCGCAGTCG	unresolved
CGAGAAGAGGACAGCT	unresolved
CGAGAAGGTTAACAGA	oligodendrocyte_OPC
CGAGGAAAGAGCAAGA	oligodendrocyte_OPC
CGAGGAACAGGTTCCG	astrocyte
CGAGGAAGTGATAGAT	unresolved
CGAGGCTCACAGCATT	unresolved
CGAGGCTTCAGTCACA	oligodendrocyte_OPC
CGAGTGCTCATTATCC	microglia_immune
CGAGTTAAGCGCTGAA	unresolved
CGAGTTACACTACACA	oligodendrocyte_OPC
CGAGTTAGTTCAACGT	unresolved
CGATCGGCAGCAGTAG	astrocyte
CGATCGGGTTAAGACA	oligodendrocyte_OPC
CGATCGGTCACTGGGC	astrocyte
CGATCGGTCCATCTAT	unresolved
CGATGCGAGAACTGAT	oligodendrocyte_OPC
CGATGCGAGGCACTCC	neuronal
CGATGCGCATGACGGA	astrocyte
CGATGCGGTTAGGCTT	oligodendrocyte_OPC
CGATGGCTCGCGAAGA	unresolved
CGATGGCTCGCGTAGC	oligodendrocyte_OPC
CGCAGGTCACCCTGAG	oligodendrocyte_OPC
CGCAGGTTCAATCGGT	astrocyte
CGCAGGTTCGTTCCTG	oligodendrocyte_OPC
CGCAGGTTCTAGATCG	oligodendrocyte_OPC
CGCATAAAGCTGCCTG	astrocyte
CGCATAACACCCAACG	neuronal
CGCATAACAGACTCTA	microglia_immune
CGCATAACAGGCGATA	astrocyte
CGCATGGAGGGCAATC	unresolved
CGCCAGACACCAACAT	unresolved
CGCCAGAGTAACTTCG	unresolved
CGCCAGAGTGCGCTCA	unresolved
CGCCATTTCCGGACTG	neuronal
CGCGTGAAGCAGCCTC	oligodendrocyte_OPC
CGCGTGAAGCCTAACT	neuronal
CGCGTGAGTAGCCCTG	neuronal
CGCGTGATCACACCCT	unresolved
CGCGTGATCGTGCAGC	neuronal
CGGAACCAGCTAGTTC	unresolved
CGGAACCAGTGCTAGG	oligodendrocyte_OPC
CGGAACCCAGGCCCTA	unresolved
CGGAACCTCTACGGGC	neuronal
CGGAACCTCTTCACAT	astrocyte
CGGAATTGTGTGAGCA	oligodendrocyte_OPC
CGGAATTTCTTACCAT	unresolved
CGGACACAGACGACGT	oligodendrocyte_OPC
CGGACACAGGATATAC	neuronal
CGGACACCATCGAACT	astrocyte
CGGAGAACACCCTTGT	oligodendrocyte_OPC
CGGAGAACAGCTACTA	unresolved
CGGAGAAGTCCTCCAT	neuronal
CGGCAGTGTTATGACC	oligodendrocyte_OPC
CGGGACTAGCAGGCTA	neuronal
CGGGACTAGTTCATCG	oligodendrocyte_OPC
CGGGCATAGATACCAA	neuronal
CGGGCATAGCCATTTG	astrocyte
CGGGCATAGTCTCGTA	oligodendrocyte_OPC
CGGGCATAGTCTGGTT	oligodendrocyte_OPC
CGGGTCAAGTCCTGCG	astrocyte
CGGGTCACACAGTCGC	unresolved
CGGGTCACATAGACTC	astrocyte
CGGGTCAGTCTCAGGC	oligodendrocyte_OPC
CGGGTCAGTGACTAAA	oligodendrocyte_OPC
CGGGTCATCAACTACG	astrocyte
CGGGTCATCTAGTGTG	unresolved
CGGGTGTGTAACGCGA	astrocyte
CGGGTGTGTGTCATGT	oligodendrocyte_OPC
CGGTCAGGTATACAGA	neuronal
CGGTCAGGTCTACATG	oligodendrocyte_OPC
CGGTCAGGTTCGGTTA	oligodendrocyte_OPC
CGTAATGGTCTACTGA	unresolved
CGTAGTAAGGAATGTT	astrocyte
CGTAGTAGTAATGATG	astrocyte
CGTAGTAGTCAAGCCC	neuronal
CGTAGTATCCGATGCG	astrocyte
CGTCCATAGATGCTGG	unresolved
CGTCCATGTCACTACA	oligodendrocyte_OPC
CGTCCATTCGTACCTC	astrocyte
CGTCCATTCGTTCGCT	oligodendrocyte_OPC
CGTCCATTCTGTGCTC	neuronal
CGTGAATCAACACTAC	oligodendrocyte_OPC
CGTGAATGTACGTAGG	unresolved
CGTGAATGTAGACGGT	neuronal
CGTGCTTAGTCCCGAC	neuronal
CGTGCTTTCAAACCCA	unresolved
CGTGCTTTCACCTACC	oligodendrocyte_OPC
CGTGTCTAGCATCCCG	neuronal
CGTTAGAAGGGATCAC	astrocyte
CGTTCTGTCTCCTGTG	neuronal
CGTTGGGCAAGAGATT	oligodendrocyte_OPC
CGTTGGGTCAACCCGG	oligodendrocyte_OPC
CGTTGGGTCGTCAAAC	neuronal
CTAACCCCAGTCGGTC	neuronal
CTAACCCGTACGCTTA	neuronal
CTAACCCTCGAAGCAG	unresolved
CTAACTTTCGCATTGA	oligodendrocyte_OPC
CTAAGTGTCCTCACCA	oligodendrocyte_OPC
CTACATTTCCGACAGC	neuronal
CTACATTTCCGTCAAA	neuronal
CTACCCATCCATAGAC	neuronal
CTACCTGAGGGAACAA	unresolved
CTACCTGAGGGCAGGA	unresolved
CTACCTGGTCAGTCGC	unresolved
CTACCTGGTGTTCGTA	oligodendrocyte_OPC
CTACGGGAGACAACAT	neuronal
CTACGGGAGCATACTC	oligodendrocyte_OPC
CTACGGGGTACTCGCG	neuronal
CTACGGGGTTCAAGTC	astrocyte
CTACGGGTCAGTGATC	microglia_immune
CTACTATAGTCGAGGT	oligodendrocyte_OPC
CTACTATGTGCCTAAT	oligodendrocyte_OPC
CTAGACAAGAATTCAG	oligodendrocyte_OPC
CTAGACAAGCCAGACA	oligodendrocyte_OPC
CTAGACAAGCGTATAA	unresolved
CTAGGTAAGGCGTTAG	oligodendrocyte_OPC
CTAGGTACATAGGCGA	astrocyte
CTAGGTAGTGATTAGA	astrocyte
CTAGGTATCGCACTCT	neuronal
CTAGGTATCGCAGTTA	neuronal
CTATAGGGTGACCGTC	neuronal
CTATCCGCAGAGAAAG	astrocyte
CTATCCGTCATTTGTC	neuronal
CTATCTATCTTGGCTC	neuronal
CTCAACCGTAGGTCAG	microglia_immune
CTCAACCTCTACGGGC	oligodendrocyte_OPC
CTCAAGAAGTCGAAGC	astrocyte
CTCAAGACAGCAGTCC	neuronal
CTCAAGAGTATTGACC	oligodendrocyte_OPC
CTCAAGATCGTGGGAA	astrocyte
CTCAATTAGAACCGCA	unresolved
CTCAATTCAGAACCGA	astrocyte
CTCAATTGTCCGGTGT	unresolved
CTCAATTGTCTATGAC	neuronal
CTCAATTTCTCCCTAG	neuronal
CTCAATTTCTTGTTAC	unresolved
CTCACTGAGGGTAGCT	astrocyte
CTCACTGGTAGACTGG	microglia_immune
CTCACTGGTTCGTGCG	astrocyte
CTCAGAAGTATATGGA	neuronal
CTCAGGGAGAAATTGC	vascular
CTCAGGGAGCGCCTAC	oligodendrocyte_OPC
CTCAGGGAGGCTCTCG	unresolved
CTCAGTCCACTGGATT	unresolved
CTCAGTCCAGCGGTCT	unresolved
CTCAGTCGTCTGTGAT	unresolved
CTCAGTCTCCCGTGTT	neuronal
CTCATCGAGTAATTGG	oligodendrocyte_OPC
CTCATCGTCGAGAACG	microglia_immune
CTCATCGTCTTCCCAG	oligodendrocyte_OPC
CTCATGCCACCGTCTT	unresolved
CTCATGCCAGGAGGAG	oligodendrocyte_OPC
CTCATTACAGGCGATA	astrocyte
CTCATTACAGGTCAGA	neuronal
CTCCAACAGTTAGTAG	oligodendrocyte_OPC
CTCCACACAGGAGGAG	neuronal
CTCCACATCGACGAGA	oligodendrocyte_OPC
CTCCACATCGATACGT	microglia_immune
CTCCATGAGGTCATAA	unresolved
CTCCATGCAGGTTCCG	oligodendrocyte_OPC
CTCCATGGTTTGGGTT	astrocyte
CTCCATGTCTTACTGT	neuronal
CTCCCAAAGCCGATCC	oligodendrocyte_OPC
CTCCCAACAAGTGGAC	unresolved
CTCCCAAGTGGCGCTT	unresolved
CTCCCTCAGATGCGAC	neuronal
CTCCCTCAGGTAGTAT	astrocyte
CTCCCTCGTACCGGAA	microglia_immune
CTCCCTCGTCGTCAGC	microglia_immune
CTCCGATAGGCGTTAG	oligodendrocyte_OPC
CTCCGATCAAACCACT	unresolved
CTCCGATCAGACATCT	vascular
CTCCGATGTACAAGCG	unresolved
CTCCGATGTACTGACT	oligodendrocyte_OPC
CTCCTCCCATTCACAG	oligodendrocyte_OPC
CTCCTCCGTAGACACG	vascular
CTCCTCCTCCAGTGCG	oligodendrocyte_OPC
CTCCTTTCAAATGCTC	oligodendrocyte_OPC
CTCCTTTCAATAGTCC	neuronal
CTCCTTTCAGGCAATG	neuronal
CTCCTTTTCTCATAGG	oligodendrocyte_OPC
CTCGAGGCAAGGCGTA	oligodendrocyte_OPC
CTCTCAGCACGCGTCA	astrocyte
CTCTCAGGTCATATGC	unresolved
CTCTCAGTCCATGAGT	neuronal
CTCTCGAAGTCCCAAT	oligodendrocyte_OPC
CTCTCGATCACCTCTG	unresolved
CTCTCGATCATAGCAC	microglia_immune
CTCTGGTAGGACTTCT	oligodendrocyte_OPC
CTCTGGTGTCGGTGTC	oligodendrocyte_OPC
CTGAATGCACATACGT	oligodendrocyte_OPC
CTGAATGCACATGACT	astrocyte
CTGAATGTCAAGCTTG	astrocyte
CTGAATGTCAATCTTC	neuronal
CTGAATGTCCTCTGCA	astrocyte
CTGAGGCAGGATCACG	oligodendrocyte_OPC
CTGAGGCCAGACTCTA	oligodendrocyte_OPC
CTGAGGCTCGGTAGGA	oligodendrocyte_OPC
CTGATCCAGCGATCGA	astrocyte
CTGATCCGTGCCTACG	astrocyte
CTGATCCTCGAGAAGC	unresolved
CTGCAGGAGAGCAGCT	astrocyte
CTGCAGGTCACTGGTA	ambiguous_or_doublet
CTGCAGGTCATCACCC	oligodendrocyte_OPC
CTGCAGGTCATGGTAC	astrocyte
CTGCAGGTCGCCATAA	neuronal
CTGCATCAGCCAACCC	neuronal
CTGCATCGTATGATCC	oligodendrocyte_OPC
CTGCCATAGAGTGAAG	unresolved
CTGCCATAGCGTGTTT	unresolved
CTGCCATAGGTCTACT	unresolved
CTGCCATAGTGATCGG	unresolved
CTGCCATGTCGTGGAA	oligodendrocyte_OPC
CTGCCATGTGTAAATG	neuronal
CTGCCATTCACCTCGT	oligodendrocyte_OPC
CTGCCTACAACTCCAA	unresolved
CTGCCTAGTATGCGGA	unresolved
CTGCGAGCAGAGTCTT	neuronal
CTGCGAGGTGACAGGT	astrocyte
CTGCGAGTCTGTCAGA	astrocyte
CTGCTCAAGTAAGGGA	neuronal
CTGCTCAGTAAGGTCG	neuronal
CTGCTCATCAGCCTCT	astrocyte
CTGCTCATCGTAGTGT	neuronal
CTGGACGCACAAGTTC	astrocyte
CTGGACGGTAGGGTAC	vascular
CTGGACGGTGGCACTC	unresolved
CTGGCAGTCTGAGGTT	unresolved
CTGGTCTAGACATACA	oligodendrocyte_OPC
CTGGTCTGTCAAGTTC	unresolved
CTGGTCTTCTCCAAGA	oligodendrocyte_OPC
CTGTACCCATCTAACG	unresolved
CTGTACCGTCGCACAC	astrocyte
CTGTACCTCTCATAGG	microglia_immune
CTGTAGACATTGACTG	unresolved
CTGTAGATCTCGCTCA	oligodendrocyte_OPC
CTGTATTAGAAATCCA	neuronal
CTGTATTAGCGTCTCG	unresolved
CTGTATTGTACCGCGT	oligodendrocyte_OPC
CTGTATTGTTACTCAG	oligodendrocyte_OPC
CTGTCGTAGCACGGAT	unresolved
CTGTCGTTCCCAAGCG	unresolved
CTGTGAAAGGCTCTCG	neuronal
CTGTGAAAGGGATCAC	oligodendrocyte_OPC
CTGTGAACAGCAAGAC	astrocyte
CTGTGGGGTGTCATCA	oligodendrocyte_OPC
CTGTGGGGTTGGAGAC	ambiguous_or_doublet
CTTACCGAGGGTTAGC	unresolved
CTTACCGCAAAGCTCT	unresolved
CTTACCGGTTGGGTAG	unresolved
CTTACCGTCATACGGT	oligodendrocyte_OPC
CTTACCGTCTCTCGAC	neuronal
CTTACCGTCTTACTGT	astrocyte
CTTAGGAAGCTGTTAC	neuronal
CTTAGGAAGGTAAGAG	microglia_immune
CTTAGGACAAAGGCTG	vascular
CTTCAATCAGAGTTCT	oligodendrocyte_OPC
CTTCAATTCAGACTGT	oligodendrocyte_OPC
CTTCAATTCCACACAA	oligodendrocyte_OPC
CTTCAATTCCCATACC	oligodendrocyte_OPC
CTTCAATTCCGAAATC	neuronal
CTTCAATTCTGGCTGG	neuronal
CTTCCGATCATTCGTT	neuronal
CTTCTAAAGCGCCCAT	unresolved
CTTCTAACAACTCCAA	astrocyte
CTTCTAACACTCCGGA	oligodendrocyte_OPC
CTTCTCTAGACCTCCG	neuronal
CTTCTCTAGCAGGCAT	neuronal
CTTCTCTCACATACGT	unresolved
CTTCTCTGTCGAGTGA	astrocyte
CTTCTCTGTTCTCCTG	unresolved
CTTCTCTTCCCGTTGT	oligodendrocyte_OPC
CTTGAGAAGCATCGAG	astrocyte
CTTGAGAGTGACAGGT	oligodendrocyte_OPC
CTTGAGAGTTCCTAGA	unresolved
CTTGAGATCGCCAATA	neuronal
CTTGAGATCTAGTCAG	astrocyte
CTTGATTAGGTAAGGA	neuronal
CTTGATTAGTAAACGT	unresolved
CTTGATTCACCTCTAC	oligodendrocyte_OPC
CTTTCAACAAGTCCCG	neuronal
CTTTCAACACGAAAGC	unresolved
CTTTCAAGTAAGGCCA	unresolved
CTTTCAAGTATCACCA	oligodendrocyte_OPC
CTTTCAAGTCGCTCGA	neuronal
CTTTCAATCTGGACCG	unresolved
CTTTCGGAGAGAGGGC	astrocyte
CTTTCGGAGATGCTGG	unresolved
CTTTCGGGTCTCCTGT	unresolved
GAAACCTCACTATGTG	astrocyte
GAAACCTCAGCTAACT	unresolved
GAAACCTTCACCTTAT	unresolved
GAAACCTTCTAGTCAG	neuronal
GAAATGACAGTGTATC	oligodendrocyte_OPC
GAAATGAGTTTGGGAG	unresolved
GAACACTTCACGAGGA	neuronal
GAACACTTCGCAACAT	oligodendrocyte_OPC
GAACGTTTCACCTCAC	neuronal
GAACTGTCAATCTCGA	unresolved
GAACTGTCACAGCCTG	ambiguous_or_doublet
GAACTGTGTATGAAGT	vascular
GAACTGTTCGAAGCAG	oligodendrocyte_OPC
GAAGAATTCCATTGGA	neuronal
GAAGCCCCAGGTTTAC	oligodendrocyte_OPC
GAAGCCCCATGATCTG	unresolved
GAAGGACCAATCAAGA	oligodendrocyte_OPC
GAAGGACGTCCAGCAC	unresolved
GAAGGGTCACCGTGGT	oligodendrocyte_OPC
GAAGGGTTCGCGATCG	neuronal
GAAGTAAAGACTACCT	unresolved
GAAGTAAAGAGTCAGC	oligodendrocyte_OPC
GAAGTAACACATGGTT	neuronal
GAATAGAAGCTCGACC	unresolved
GAATAGACAATCAAGA	unresolved
GAATAGAGTTGATGTC	neuronal
GAATCACAGCGACAGT	neuronal
GAATCACCATGTTACG	unresolved
GAATCGTTCAGACAAA	neuronal
GACACGCCAAGCTGCC	oligodendrocyte_OPC
GACACGCCACAGTCCG	oligodendrocyte_OPC
GACACGCCACTCCGGA	ambiguous_or_doublet
GACACGCCACTCTAGA	astrocyte
GACACGCCATCTCAAG	astrocyte
GACACGCGTAAGACCG	astrocyte
GACAGCCCATGTGGCC	unresolved
GACAGCCTCAGACCTA	neuronal
GACAGCCTCCCTATTA	neuronal
GACAGCCTCTCTAGGA	unresolved
GACATCAAGGCATCTT	oligodendrocyte_OPC
GACATCACACGCGCAT	oligodendrocyte_OPC
GACATCATCCCAACTC	astrocyte
GACCAATAGCATCCCG	neuronal
GACCAATCAACGATTC	neuronal
GACCAATCATTAAAGG	unresolved
GACCAATTCGTTGTAG	unresolved
GACCCAGAGGGCAGAG	unresolved
GACCCTTCAAGAGGTC	unresolved
GACCCTTCACTGTGTA	oligodendrocyte_OPC
GACCGTGCACATGAAA	unresolved
GACCGTGTCCCTCTAG	oligodendrocyte_OPC
GACCTTCAGATTCGAA	microglia_immune
GACCTTCTCGCAATTG	unresolved
GACGCTGAGAAGTATC	astrocyte
GACGCTGAGTACCGGA	vascular
GACGCTGGTTTCACTT	neuronal
GACGTTAAGACTCCGC	unresolved
GACGTTACAGTGGCTC	oligodendrocyte_OPC
GACGTTAGTTCTTGCC	oligodendrocyte_OPC
GACGTTAGTTGTGCCG	oligodendrocyte_OPC
GACGTTATCCAAGCTA	astrocyte
GACTATGAGACTGAGC	unresolved
GACTATGAGGTGCATG	astrocyte
GACTATGCAGTCTCTC	astrocyte
GACTATGGTCTAGATC	astrocyte
GACTATGTCAGCTAGT	oligodendrocyte_OPC
GACTATGTCTTAAGGC	neuronal
GACTCAAAGCTCGGCT	oligodendrocyte_OPC
GACTCAAGTCCGGATC	unresolved
GACTCAATCTGCCCTA	astrocyte
GACTCTCGTACGAGTG	oligodendrocyte_OPC
GACTCTCGTCGTCATA	astrocyte
GACTCTCGTGACAGCA	oligodendrocyte_OPC
GACTCTCTCAGTCAGT	oligodendrocyte_OPC
GACTCTCTCCTCACTG	oligodendrocyte_OPC
GACTGATCACCCTAAA	unresolved
GACTGATCACGATAGG	neuronal
GACTGATCAGGCTCTG	neuronal
GACTTCCAGCTGAAGC	unresolved
GACTTCCAGTTTGCTG	vascular
GACTTCCGTTATAGAG	oligodendrocyte_OPC
GACTTCCGTTGCCGAC	neuronal
GACTTCCTCGATCCAA	oligodendrocyte_OPC
GAGACCCCAACTCCAA	oligodendrocyte_OPC
GAGACCCGTTAGGCCC	astrocyte
GAGACTTAGAGATGCC	oligodendrocyte_OPC
GAGACTTAGATCCTAC	unresolved
GAGACTTCACAAGGTG	oligodendrocyte_OPC
GAGACTTCACATTCGA	oligodendrocyte_OPC
GAGACTTGTGAGGAAA	oligodendrocyte_OPC
GAGACTTTCATTACTC	microglia_immune
GAGACTTTCTCGGGAC	neuronal
GAGATGGAGAGTGGCT	microglia_immune
GAGATGGCAGTCAGAG	unresolved
GAGATGGTCGAAGTGG	neuronal
GAGATGGTCGGACCAC	oligodendrocyte_OPC
GAGCCTGAGACTGGGT	neuronal
GAGCCTGCAGGGTCTC	astrocyte
GAGCTGCCAAGCCCAC	astrocyte
GAGCTGCCATGTACGT	unresolved
GAGGCCTAGAACAGGA	oligodendrocyte_OPC
GAGGCCTGTTCTCTAT	oligodendrocyte_OPC
GAGGGATAGAGTTGCG	vascular
GAGGGATCATTGGATC	astrocyte
GAGGGATGTAGACGTG	unresolved
GAGGGTAAGCACGATG	astrocyte
GAGGGTAAGCTCCCTT	unresolved
GAGGGTAAGGTTAGTA	oligodendrocyte_OPC
GAGGGTACACAACCGC	astrocyte
GAGGGTATCTTCTCAA	neuronal
GAGTCATAGTAGTCCT	neuronal
GAGTCATGTCCAGAAG	astrocyte
GAGTCATTCACTTGGA	unresolved
GAGTCATTCCTATGGA	neuronal
GAGTCTAGTGCCGTAC	unresolved
GAGTCTATCGTTCCTG	unresolved
GAGTGAGGTTGGGATG	oligodendrocyte_OPC
GAGTGAGTCATCGACA	unresolved
GAGTTACAGCGAAACC	astrocyte
GAGTTACAGCTAGATA	neuronal
GAGTTACGTACCACGC	oligodendrocyte_OPC
GAGTTACGTACGTGAG	unresolved
GAGTTGTAGATGCGAC	oligodendrocyte_OPC
GAGTTGTAGCCATCCG	unresolved
GAGTTGTAGGCCTTCG	astrocyte
GAGTTGTCAATACCCA	unresolved
GAGTTTGAGTACTGTC	astrocyte
GAGTTTGCATGACGGA	unresolved
GAGTTTGGTACTCGCG	astrocyte
GATAGCTGTAAGGTCG	unresolved
GATAGCTGTTCCACGG	unresolved
GATAGCTGTTGGGAAC	vascular
GATAGCTTCGAACGGA	unresolved
GATAGCTTCTTACACT	astrocyte
GATCACAAGTGCTACT	oligodendrocyte_OPC
GATCAGTCAGAGGAAA	astrocyte
GATCAGTGTAGGTCAG	astrocyte
GATCAGTTCTTCGATT	unresolved
GATCATGAGGCTTAAA	astrocyte
GATCATGCAACCGATT	oligodendrocyte_OPC
GATCATGGTCGGATTT	unresolved
GATCCCTAGCGTTAGG	astrocyte
GATCCCTCATTGACAC	unresolved
GATCCCTGTCGTTCAA	astrocyte
GATCCCTGTGGACCAA	oligodendrocyte_OPC
GATCCCTTCGGACTGC	astrocyte
GATCGTAAGCCTAGGA	unresolved
GATCGTACAACAGAGC	neuronal
GATCGTAGTCAACACT	oligodendrocyte_OPC
GATGACTAGTGATAGT	neuronal
GATGACTGTTAAACAG	unresolved
GATGACTTCGGCTCTT	unresolved
GATGACTTCGTCGGGT	neuronal
GATGAGGCACGTCATA	unresolved
GATGAGGTCTCATGCC	unresolved
GATGCTAGTATCCTCC	unresolved
GATGCTATCATTGCCC	unresolved
GATGGAGCACACGTGC	unresolved
GATGTTGAGCACTCGC	unresolved
GATGTTGCAACGATCT	neuronal
GATGTTGCACACACGC	oligodendrocyte_OPC
GATGTTGCATGTACGT	astrocyte
GATTCGAGTTGGGTAG	oligodendrocyte_OPC
GATTCGATCGATTTCT	oligodendrocyte_OPC
GATTCTTCAGCTATTG	astrocyte
GATTCTTGTGATTCAC	unresolved
GATTCTTGTGGTCTCG	neuronal
GATTCTTGTTCGGCTG	unresolved
GATTGGTCAGAGATTA	neuronal
GATTGGTTCCCAAGTA	astrocyte
GATTTCTAGACTAAGT	neuronal
GATTTCTAGGACACTG	oligodendrocyte_OPC
GATTTCTCATGCACTA	unresolved
GATTTCTGTCATCGCG	microglia_immune
GATTTCTGTGATACAA	neuronal
GATTTCTTCTCTAAGG	oligodendrocyte_OPC
GCAACATAGGACACTG	neuronal
GCAACATGTCGTGCCA	neuronal
GCAACCGTCCAAGGGA	oligodendrocyte_OPC
GCACATAAGCACCTGC	unresolved
GCACATAAGGAGGCAG	neuronal
GCACATAAGGGTTAGC	unresolved
GCACATATCTGATTCT	astrocyte
GCACGTGAGAGTGACC	unresolved
GCACGTGAGGATTTCC	oligodendrocyte_OPC
GCACGTGGTGCAGTGA	unresolved
GCACTAAAGTTCACTG	unresolved
GCACTAAAGTTGTAGA	astrocyte
GCACTAAGTACCGCGT	unresolved
GCAGCCAAGCGGTAGT	oligodendrocyte_OPC
GCAGCCACACATGACT	unresolved
GCAGCCACAGGGAATC	astrocyte
GCAGCCATCAATCTTC	unresolved
GCAGCCATCTGCTTTA	unresolved
GCAGCTGAGAGGCGTT	neuronal
GCAGCTGCACTGGCGT	unresolved
GCAGCTGTCTAGAACC	oligodendrocyte_OPC
GCAGGCTAGACAGCTG	neuronal
GCAGGCTCAATAGTGA	oligodendrocyte_OPC
GCAGGCTTCGCGAAGA	unresolved
GCAGTTAAGCGCTGCT	neuronal
GCAGTTAAGGCGAAGG	oligodendrocyte_OPC
GCAGTTACAGTCGGTC	oligodendrocyte_OPC
GCAGTTATCTGATGGT	oligodendrocyte_OPC
GCATCGGCAGATTTCG	unresolved
GCATCGGCATAATGCC	astrocyte
GCATCTCTCTTCTGGC	astrocyte
GCATGATAGGGCAGAG	astrocyte
GCATGATAGTAGAGTT	unresolved
GCATGATAGTCGGCCT	unresolved
GCATGATCACCCTGAG	oligodendrocyte_OPC
GCATGATGTAGTCCTA	neuronal
GCATTAGCAACCAACT	unresolved
GCATTAGGTACAGAGC	neuronal
GCATTAGGTCAAGCGA	oligodendrocyte_OPC
GCATTAGTCGCATAGT	microglia_immune
GCCAACGAGCTGACAG	neuronal
GCCAACGAGTTCAACC	oligodendrocyte_OPC
GCCAACGCAACGTATC	oligodendrocyte_OPC
GCCAACGCACGCGCAT	neuronal
GCCAACGGTAAGTCAA	neuronal
GCCAACGTCATGCCCT	oligodendrocyte_OPC
GCCAACGTCCATTGCC	neuronal
GCCAGCAAGCTAGAAT	microglia_immune
GCCAGCACATTCCTAT	astrocyte
GCCAGCAGTAACGCGA	neuronal
GCCAGCAGTAGTACGG	oligodendrocyte_OPC
GCCAGCAGTATCTCTT	oligodendrocyte_OPC
GCCAGCAGTATGAAGT	oligodendrocyte_OPC
GCCAGCATCGTGGGTC	unresolved
GCCAGGTAGCGGATCA	oligodendrocyte_OPC
GCCAGGTAGGCTTCCG	unresolved
GCCAGGTCACCGTCTT	neuronal
GCCAGGTCAGCCGGTT	oligodendrocyte_OPC
GCCAGTGAGCATCCTA	neuronal
GCCAGTGAGTTCCTGA	unresolved
GCCAGTGCATGTTACG	astrocyte
GCCAGTGGTAATTGGA	unresolved
GCCAGTGTCAGAATAG	neuronal
GCCATGGAGATGGTAT	astrocyte
GCCATGGGTGTATTGC	astrocyte
GCCATGGTCGTTGCCT	neuronal
GCCATGGTCTAAGCCA	microglia_immune
GCCATTCAGGTACCTT	neuronal
GCCATTCTCAGTCATG	unresolved
GCCATTCTCCTTGACC	unresolved
GCCCAGAGTGGATGAC	astrocyte
GCCCAGATCCATTCGC	astrocyte
GCCCAGATCTACGCAA	neuronal
GCCCGAAAGCGTTAGG	neuronal
GCCCGAACACTTCAGA	neuronal
GCCCGAAGTTATGTCG	astrocyte
GCCCGAATCGCCAGTG	neuronal
GCCGATGGTGAAGCGT	astrocyte
GCCTGTTAGTATGTAG	oligodendrocyte_OPC
GCCTGTTCATCGTGCG	oligodendrocyte_OPC
GCCTGTTGTACCTATG	neuronal
GCCTGTTGTCTCGCGA	oligodendrocyte_OPC
GCCTGTTTCGACACCG	oligodendrocyte_OPC
GCGAGAATCAACCTTT	unresolved
GCGATCGTCTCAGAAC	vascular
GCGGAAAAGTCACACT	neuronal
GCGGAAAGTCGCACGT	unresolved
GCGGAAATCATTGCGA	unresolved
GCGGATCAGCCGCTTG	oligodendrocyte_OPC
GCGGATCGTGCGGCTT	oligodendrocyte_OPC
GCGGATCTCGAGCCAC	unresolved
GCGGATCTCGCATTAG	neuronal
GCGGATCTCTCCGTGT	neuronal
GCGTGCACACGCCACA	neuronal
GCGTGCACATGTCGTA	oligodendrocyte_OPC
GCGTGCAGTTAAGGAT	neuronal
GCGTTTCCAAAGCTCT	unresolved
GCGTTTCGTAATCAGA	neuronal
GCGTTTCTCAAGGAGC	unresolved
GCGTTTCTCTGTAAGC	astrocyte
GCTACAACAGCGATTT	oligodendrocyte_OPC
GCTACAATCAATCGGT	unresolved
GCTACCTCAACTACGT	astrocyte
GCTACCTCACTGTGAT	neuronal
GCTACCTGTGACTAAA	microglia_immune
GCTACCTGTGCAGTGA	oligodendrocyte_OPC
GCTCAAAGTGCCGGTT	oligodendrocyte_OPC
GCTCAAAGTTCCCACT	vascular
GCTGAATAGTCTAGAA	unresolved
GCTGAATAGTTGGGAC	astrocyte
GCTGAATTCAGTCTTT	oligodendrocyte_OPC
GCTGAATTCGCGAAGA	neuronal
GCTGCAGCAGGATTCT	unresolved
GCTGCAGGTAATGCTC	astrocyte
GCTGGGTAGCACCGAA	neuronal
GCTTCACAGAGATGCC	neuronal
GCTTCACGTCCGGACT	oligodendrocyte_OPC
GCTTCACGTCTGTGAT	unresolved
GCTTCACGTGCGGCTT	astrocyte
GCTTGGGAGGGACTGT	unresolved
GCTTGGGCAATCTGCA	neuronal
GCTTGGGCAGACCTAT	unresolved
GCTTGGGGTGAATATG	neuronal
GCTTTCGAGAGCATTA	astrocyte
GCTTTCGAGGGTAGCT	unresolved
GCTTTCGCACAGTGTT	oligodendrocyte_OPC
GCTTTCGGTTAGGAGC	unresolved
GCTTTCGTCTTGCAGA	unresolved
GGAACCCAGGTTGGAC	unresolved
GGAACCCCAAGGTACG	unresolved
GGAACCCCACCGTCTT	microglia_immune
GGAAGTGTCCTAGCTC	unresolved
GGAAGTGTCTGCGGAC	unresolved
GGAATCTAGCACAAAT	unresolved
GGAATCTCAGGCACTC	unresolved
GGAATGGAGTTCAACC	neuronal
GGACGTCAGTGCAGCA	oligodendrocyte_OPC
GGACGTCGTCATAAAG	unresolved
GGACGTCTCGTGTGAT	ambiguous_or_doublet
GGAGAACCAAAGACTA	neuronal
GGAGAACCAGTATGAA	astrocyte
GGAGAACCAGTCTCTC	vascular
GGAGAACGTTCGATTG	neuronal
GGAGATGAGTACTGGG	oligodendrocyte_OPC
GGAGCAATCCCTCTAG	oligodendrocyte_OPC
GGAGGATAGTCACTAC	oligodendrocyte_OPC
GGAGGATGTACCTATG	unresolved
GGAGGATGTGCAGGAT	oligodendrocyte_OPC
GGAGGATTCAGCGGAA	astrocyte
GGAGGATTCGTGCATA	unresolved
GGATCTAAGCGCACAA	neuronal
GGATCTAAGTCTCTGA	oligodendrocyte_OPC
GGATGTTCATCTTCGC	oligodendrocyte_OPC
GGCACGTGTGAACCGA	unresolved
GGCACGTGTGCCCAGT	neuronal
GGCACGTTCATAGCAC	unresolved
GGCACGTTCGACCATA	neuronal
GGCAGTCGTGGTCAAG	neuronal
GGCAGTCTCGATTCCC	oligodendrocyte_OPC
GGCAGTCTCGCCGATG	microglia_immune
GGCGTCACAGAGAGGG	unresolved
GGCGTCATCGAATCCA	oligodendrocyte_OPC
GGCGTCATCGCGAAGA	oligodendrocyte_OPC
GGCGTCATCTGGCCAG	oligodendrocyte_OPC
GGCTGTGAGTACAGAT	oligodendrocyte_OPC
GGCTGTGCAACATACC	oligodendrocyte_OPC
GGCTGTGCAAGCCATT	oligodendrocyte_OPC
GGCTGTGGTTCGTTCC	unresolved
GGCTGTGTCGCAATGT	unresolved
GGCTTGGAGATTGAGT	oligodendrocyte_OPC
GGCTTTCAGACATCCT	unresolved
GGCTTTCAGCGTACAG	neuronal
GGCTTTCGTAGACAGC	unresolved
GGCTTTCGTCCAGTTA	unresolved
GGGAAGTAGCGGTAAC	unresolved
GGGAAGTAGTACCGGA	neuronal
GGGAAGTGTTGTCATG	oligodendrocyte_OPC
GGGAAGTTCAACACGT	unresolved
GGGACAAAGGTTAAAC	astrocyte
GGGACAAAGTAGTGCG	astrocyte
GGGACAAGTGAGCGAT	unresolved
GGGACAAGTGTATTCG	astrocyte
GGGACAATCTCCGAGG	unresolved
GGGACCTCAACACTAC	neuronal
GGGACCTCAGAAATCA	astrocyte
GGGACCTCAGCGCTTG	neuronal
GGGACCTTCAAGCTTG	unresolved
GGGAGATAGAAGCCAC	astrocyte
GGGAGATTCAAGCTGT	unresolved
GGGAGTAAGAGGATGA	unresolved
GGGAGTAAGCGGGTTA	astrocyte
GGGAGTACAGTAACCT	unresolved
GGGAGTAGTAATTAGG	oligodendrocyte_OPC
GGGATCCAGGAAGAAC	unresolved
GGGATCCAGTAGTCCT	astrocyte
GGGATCCCAAACTCTG	unresolved
GGGATCCCAGACTCTA	neuronal
GGGATCCTCCATTTGT	unresolved
GGGATCCTCTCTATAC	ambiguous_or_doublet
GGGATGAGTAATTAGG	astrocyte
GGGCCATAGATCCCGC	oligodendrocyte_OPC
GGGCCATGTCGATGCC	astrocyte
GGGCCATTCGGAGCAA	astrocyte
GGGCGTTGTATCTCGA	neuronal
GGGCTACAGGTGAGAA	oligodendrocyte_OPC
GGGCTACCAAGTTCGT	oligodendrocyte_OPC
GGGCTACTCGTAACAC	neuronal
GGGCTCACACGTTGGC	unresolved
GGGCTCAGTTTCCATT	neuronal
GGGTAGAAGAATTGCA	oligodendrocyte_OPC
GGGTAGACAAGAGTGC	oligodendrocyte_OPC
GGGTATTCAAGCTGCC	unresolved
GGGTATTCAGCGTGAA	neuronal
GGGTCACTCCGAGTGC	astrocyte
GGGTCACTCGAAGGAC	neuronal
GGGTCTGAGGGATCGT	unresolved
GGGTCTGCAACTGAAA	neuronal
GGGTCTGCAGCAGTTT	neuronal
GGGTCTGCATGTTCGA	microglia_immune
GGGTGAAAGACTCGAG	unresolved
GGGTGTCTCGAGCCTG	unresolved
GGGTTATGTACATACC	oligodendrocyte_OPC
GGGTTATGTCGCGGTT	astrocyte
GGGTTATTCCGCAGTG	oligodendrocyte_OPC
GGGTTATTCTGCCCTA	microglia_immune
GGGTTTAAGCTTTGTG	unresolved
GGGTTTAAGGTATTGA	oligodendrocyte_OPC
GGGTTTACACTCAAGT	unresolved
GGGTTTAGTCAGTCCG	astrocyte
GGGTTTATCGATGCTA	astrocyte
GGGTTTATCTCGTGAA	unresolved
GGTAACTCACGACTAT	microglia_immune
GGTAACTTCGCCAGTG	oligodendrocyte_OPC
GGTAATCTCTTACGGA	microglia_immune
GGTCACGCACACCTGG	neuronal
GGTCACGCATGACGAG	oligodendrocyte_OPC
GGTCACGGTACCCAGC	oligodendrocyte_OPC
GGTCACGTCTGCGATA	vascular
GGTCTGGAGACTCAAA	unresolved
GGTCTGGAGCCTGAAG	neuronal
GGTGAAGAGAGAGTGA	unresolved
GGTGAAGAGAGGTTAT	astrocyte
GGTGAAGGTCCAAGAG	oligodendrocyte_OPC
GGTGAAGGTTGCCAAT	unresolved
GGTGAAGTCAAATGCC	neuronal
GGTGATTAGAGTATAC	neuronal
GGTGATTGTACCTATG	oligodendrocyte_OPC
GGTGATTGTTAAGTCC	oligodendrocyte_OPC
GGTGATTTCATCGCCT	oligodendrocyte_OPC
GGTGATTTCATGCATG	unresolved
GGTGATTTCCCACAGG	oligodendrocyte_OPC
GGTGGCTAGTCCGCGT	astrocyte
GGTGGCTCACTGATTG	neuronal
GGTGTCGAGCATTTGC	oligodendrocyte_OPC
GGTGTCGAGGCACCAA	oligodendrocyte_OPC
GGTGTCGCAGCATACT	vascular
GGTGTCGGTCCTGTCT	unresolved
GGTGTCGGTTGAGTCT	neuronal
GGTGTTACAGTTACCA	oligodendrocyte_OPC
GGTTAACAGTGCCAGA	astrocyte
GGTTAACCACACCTGG	neuronal
GGTTCTCCAGTTACCA	astrocyte
GGTTCTCGTCGTGGAA	unresolved
GGTTGTACACCGCTAG	microglia_immune
GGTTGTAGTTAAGAAC	neuronal
GGTTGTAGTTGCTCGG	oligodendrocyte_OPC
GTAACACAGACCAAAT	unresolved
GTAACACAGTACTGGG	neuronal
GTAACACGTTCAAGGG	neuronal
GTAACCAGTGACACAG	oligodendrocyte_OPC
GTAACCATCCGGTTCT	unresolved
GTAACCATCCTAGCTC	neuronal
GTAAGTCAGACCAAGC	oligodendrocyte_OPC
GTAAGTCGTGTCTTAG	astrocyte
GTAAGTCTCCCTCTCC	oligodendrocyte_OPC
GTAATCGAGACTTAAG	astrocyte
GTAATCGAGTGCCCGT	unresolved
GTAATCGCATGGGAAC	unresolved
GTAATCGGTGGCTACC	unresolved
GTAATGCCACGGTGAA	oligodendrocyte_OPC
GTAATGCGTGTCATCA	neuronal
GTACAACAGTATAGGT	oligodendrocyte_OPC
GTACAACCATCCTCAC	neuronal
GTACAACTCCGTCCTA	astrocyte
GTACAACTCTGGGCAC	oligodendrocyte_OPC
GTACAGTAGGTCGTGA	astrocyte
GTACAGTCAAGGCTTT	neuronal
GTACAGTCATTCGGGC	neuronal
GTACAGTGTCGTGCCA	oligodendrocyte_OPC
GTAGAAAAGCCGGAAT	unresolved
GTAGAAACAATCTAGC	neuronal
GTAGAAAGTATACGGG	unresolved
GTAGAAAGTCTACAAC	oligodendrocyte_OPC
GTAGATCCAACTCGAT	microglia_immune
GTAGATCCATCTGCGG	microglia_immune
GTAGATCGTGCCTTCT	astrocyte
GTAGCTAAGACGAGCT	oligodendrocyte_OPC
GTAGCTAAGATTAGTG	astrocyte
GTAGCTAGTATGTCTG	astrocyte
GTAGCTAGTCGTACAT	oligodendrocyte_OPC
GTAGGAGAGGAAGTCC	oligodendrocyte_OPC
GTAGGAGAGGCTATCT	astrocyte
GTAGGAGCAGGTTACT	oligodendrocyte_OPC
GTAGGAGTCATAAGGA	neuronal
GTAGGAGTCCTGTAGA	unresolved
GTAGGTTCAGGGAGAG	oligodendrocyte_OPC
GTAGGTTCATCCGATA	microglia_immune
GTAGGTTTCCGAAATC	oligodendrocyte_OPC
GTAGGTTTCGTGGCGT	astrocyte
GTAGTACAGATGGGCT	neuronal
GTAGTACAGGTCATCT	neuronal
GTAGTACAGTGCGCTC	oligodendrocyte_OPC
GTAGTACCAACGTTAC	neuronal
GTAGTACCACTCCTGT	oligodendrocyte_OPC
GTAGTACCAGCGTTGC	unresolved
GTAGTACCAGTTCTAG	astrocyte
GTAGTACTCTCTGGTC	astrocyte
GTATTGGTCATACAGC	neuronal
GTATTGGTCTAAACGC	oligodendrocyte_OPC
GTATTGGTCTCATAGG	oligodendrocyte_OPC
GTCAAACCACTGGCCA	neuronal
GTCAAACTCTAACGGT	oligodendrocyte_OPC
GTCAAGTCAATCGCGC	neuronal
GTCAAGTCACATATGC	oligodendrocyte_OPC
GTCAAGTGTTCCAGGC	unresolved
GTCAAGTTCAGTCACA	neuronal
GTCACGGCAAGGGCAT	astrocyte
GTCACTCAGAACGTGC	neuronal
GTCACTCAGCTACGTT	neuronal
GTCACTCCAATTTCTC	unresolved
GTCACTCCAGCGTATT	astrocyte
GTCACTCCAGTTACCA	unresolved
GTCAGCGCAGCTGTAT	oligodendrocyte_OPC
GTCAGCGGTCCCGCAA	neuronal
GTCAGCGGTCGCGGTT	unresolved
GTCAGCGTCCGCGGAT	unresolved
GTCATCCAGAGCGACT	neuronal
GTCATCCAGTGCCAGA	oligodendrocyte_OPC
GTCATCCCAGCTGAAG	unresolved
GTCATCCGTCCCTGTT	oligodendrocyte_OPC
GTCATGAAGGCCTGCT	microglia_immune
GTCATGACATAGGTTC	unresolved
GTCATGAGTGCCCTTT	oligodendrocyte_OPC
GTCATGATCGCCAACG	astrocyte
GTCATTTAGGCCTTGC	microglia_immune
GTCATTTGTCTGTCAA	unresolved
GTCATTTGTTCGAAGG	oligodendrocyte_OPC
GTCATTTTCAGAATAG	unresolved
GTCATTTTCCGGGACT	neuronal
GTCATTTTCTACTTCA	unresolved
GTCCACTAGCTCTTCC	astrocyte
GTCCACTCAAAGAGTT	unresolved
GTCCACTTCCACGTAA	unresolved
GTCCACTTCTCGGTCT	astrocyte
GTCCCATAGAGCGACT	unresolved
GTCCCATCAGGTCCGT	neuronal
GTCCCATTCCGCGGAT	unresolved
GTCCTCAGTTGCAACT	astrocyte
GTCCTCATCGTAGCTA	unresolved
GTCGAATCAGCAGACA	unresolved
GTCGAATGTCGATTTG	neuronal
GTCGAATTCTCAATCT	astrocyte
GTCGAATTCTGGGAGA	oligodendrocyte_OPC
GTCGCGAAGAACAGGA	unresolved
GTCGCGAAGGAGAATG	neuronal
GTCGCGAGTAGCACAG	unresolved
GTCGCGAGTGGACCAA	unresolved
GTCGCGAGTTGAGAGC	astrocyte
GTCGTAATCTGTTCAT	astrocyte
GTCGTTCAGTCAGCGA	astrocyte
GTCTACCAGTTAGTGA	neuronal
GTCTACCGTCTCAGGC	oligodendrocyte_OPC
GTCTACCTCGAAATCC	oligodendrocyte_OPC
GTCTAGATCAAGAGGC	oligodendrocyte_OPC
GTCTCACGTTCGTGCG	neuronal
GTCTCACGTTGCTGAT	neuronal
GTCTGTCAGCACGGAT	oligodendrocyte_OPC
GTCTGTCAGGAAAGGT	oligodendrocyte_OPC
GTCTGTCCACATGAAA	vascular
GTCTGTCCAGCTTTCC	oligodendrocyte_OPC
GTCTTTACAAGTCATC	oligodendrocyte_OPC
GTGACGCAGTCTCTGA	unresolved
GTGAGCCCACATTACG	astrocyte
GTGAGCCCAGTAACGG	unresolved
GTGAGCCGTGTCCGGT	astrocyte
GTGAGGACAGTAACCT	astrocyte
GTGAGGATCACAACCA	oligodendrocyte_OPC
GTGAGGATCCGGCTTT	oligodendrocyte_OPC
GTGAGGATCGAACGCC	microglia_immune
GTGAGGATCGTTCTCG	oligodendrocyte_OPC
GTGAGTTTCACTGGTA	neuronal
GTGATGTAGGACGCAT	oligodendrocyte_OPC
GTGATGTCAAATCGGG	astrocyte
GTGATGTCACCTCGTT	astrocyte
GTGATGTCACGGCTAC	neuronal
GTGATGTGTGCAGTGA	astrocyte
GTGATGTTCCTGTACC	unresolved
GTGATGTTCCTTCGAC	vascular
GTGCACGAGCCAGAGT	neuronal
GTGCACGTCATGACAC	astrocyte
GTGCACGTCTGTGCGG	oligodendrocyte_OPC
GTGCAGCTCATGGTAC	unresolved
GTGCAGCTCGACCAAT	astrocyte
GTGCGTGAGTAACGAT	oligodendrocyte_OPC
GTGCGTGTCGACGCTG	neuronal
GTGCTGGAGAATTGCA	unresolved
GTGCTGGAGTCATGAA	unresolved
GTGCTGGCATGGAACG	oligodendrocyte_OPC
GTGCTGGGTAACAGGC	neuronal
GTGCTGGGTCAGACTT	astrocyte
GTGCTGGGTCGGCCTA	unresolved
GTGCTGGTCTCCCATG	neuronal
GTGCTTCAGACTACGG	oligodendrocyte_OPC
GTGCTTCAGGATGCGT	unresolved
GTGCTTCAGGTAAGAG	oligodendrocyte_OPC
GTGCTTCGTTCAAGTC	oligodendrocyte_OPC
GTGGAAGAGAAATCCA	astrocyte
GTGGAAGCAGCGTACC	neuronal
GTGGAAGGTCAGGCAA	oligodendrocyte_OPC
GTGGAAGTCGTCGGGT	unresolved
GTGGAGAAGGGAGAAT	unresolved
GTGGAGAAGGGAGATA	unresolved
GTGGAGACAAGACCTT	ambiguous_or_doublet
GTGGAGACAGCTATAC	neuronal
GTGGAGATCCAGTTCC	neuronal
GTGGAGATCCTCACGT	microglia_immune
GTGGAGATCTCTATGT	astrocyte
GTGGCGTCATTGTGCA	astrocyte
GTGGGAAAGGGATCTG	astrocyte
GTGGGAAAGTCCCAAT	neuronal
GTGGGAACAGACAAAT	neuronal
GTGGGAAGTGTGTTTG	astrocyte
GTGGTTAAGTCGGCAA	unresolved
GTGTAACTCGTCCATC	astrocyte
GTGTCCTCAAGGTACG	microglia_immune
GTGTCCTTCCTACTGC	unresolved
GTGTCCTTCGACGCTG	neuronal
GTGTGGCCACCCTGTT	astrocyte
GTGTGGCCATGCCATA	unresolved
GTGTGGCGTAGGACCA	oligodendrocyte_OPC
GTGTGGCGTTTACGTG	oligodendrocyte_OPC
GTGTGGCTCGTTGCCT	unresolved
GTGTTAGAGTCAGAGC	unresolved
GTGTTAGTCCAATGCA	unresolved
GTGTTCCCAAAGGCGT	unresolved
GTGTTCCGTCCACACG	oligodendrocyte_OPC
GTGTTCCTCTCTGACC	unresolved
GTTACAGAGCCTCAAT	unresolved
GTTACGAAGTGGTTAA	unresolved
GTTACGACACGCGCAT	neuronal
GTTACGAGTAACCAGG	unresolved
GTTACGAGTGATCGTT	neuronal
GTTACGAGTTTACCAG	unresolved
GTTACGATCAAATAGG	astrocyte
GTTAGACAGAAGCGGG	unresolved
GTTAGACCAAACGTGG	neuronal
GTTAGACCACACGGTC	oligodendrocyte_OPC
GTTAGACCACTATCGA	astrocyte
GTTAGACGTATACCTG	unresolved
GTTAGACGTATCTCTT	unresolved
GTTAGACTCTTCCAGC	neuronal
GTTAGTGCACTCCCTA	oligodendrocyte_OPC
GTTAGTGCATCTGTTT	unresolved
GTTATGGAGCCTCTTC	unresolved
GTTATGGAGGTCATTC	oligodendrocyte_OPC
GTTATGGCACCGGCTA	oligodendrocyte_OPC
GTTATGGGTGGCCACT	unresolved
GTTCCGTGTGCTCGTG	neuronal
GTTCGCTCACGAGGTA	neuronal
GTTCTATCACGAAAGC	neuronal
GTTGAACAGAAGCCAC	neuronal
GTTGAACGTATTGAGA	astrocyte
GTTGAACGTCTCTCCA	oligodendrocyte_OPC
GTTGAACTCCTAAGTG	astrocyte
GTTGCGGAGCGACTTT	unresolved
GTTGCGGAGGAGGGTG	oligodendrocyte_OPC
GTTGCGGCATCTCATT	oligodendrocyte_OPC
GTTGCGGGTTGGTAGG	unresolved
GTTGCGGTCAAAGAAC	oligodendrocyte_OPC
GTTGCTCCAATTGCGT	unresolved
GTTGCTCCAGTTAGAA	unresolved
GTTGTAGAGGTCCTGC	neuronal
GTTGTAGCAAATGGAT	oligodendrocyte_OPC
GTTGTCCGTAACCCGC	neuronal
GTTGTCCTCAGCGCAC	oligodendrocyte_OPC
GTTGTCCTCGGCGATC	neuronal
GTTTACTTCAAATAGG	neuronal
GTTTACTTCATCCTAT	neuronal
GTTTGGACATCCGATA	unresolved
GTTTGGAGTCTTGCGG	oligodendrocyte_OPC
GTTTGGATCCAAGCTA	oligodendrocyte_OPC
TAACACGAGGGTGAGG	oligodendrocyte_OPC
TAACACGGTGGATTTC	oligodendrocyte_OPC
TAACACGGTGTTCCAA	astrocyte
TAACACGGTTGTGTAC	unresolved
TAACACGTCGGTCTAA	neuronal
TAACCAGGTCATCTAG	neuronal
TAACCAGGTCCTCCAT	oligodendrocyte_OPC
TAACCAGGTGATACAA	oligodendrocyte_OPC
TAACCAGTCATGAGAA	neuronal
TAACCAGTCCATTCGC	microglia_immune
TAACGACAGCTCCATA	astrocyte
TAACGACTCTAACACG	unresolved
TAACTTCGTCTTGAGT	oligodendrocyte_OPC
TAACTTCTCTCGTGAA	astrocyte
TAAGCACCAAATACAG	astrocyte
TAAGCACTCCCATAGA	neuronal
TAAGCCACACAATGTC	oligodendrocyte_OPC
TAAGCCAGTGAATTGA	neuronal
TAAGCGTAGCGCCTAC	astrocyte
TAAGCGTTCATTGCCC	oligodendrocyte_OPC
TAAGCGTTCGTGCGAC	unresolved
TAAGTCGCACCAGACC	unresolved
TAAGTCGGTTCGCGTG	astrocyte
TAATCTCCAACGGGTA	neuronal
TAATCTCCAACTAGAA	neuronal
TAATCTCGTTTCGATG	microglia_immune
TAATTCCTCTACACAG	unresolved
TACAACGAGTTTGAGA	neuronal
TACAACGCATTGGATC	unresolved
TACAACGGTTGCATCA	neuronal
TACACCCAGCCTATTG	astrocyte
TACACCCAGCGTCGAA	neuronal
TACACCCGTCCAACGC	unresolved
TACACCCGTCCAGCCA	oligodendrocyte_OPC
TACAGGTAGAATTCAG	neuronal
TACAGGTAGTCATCCA	unresolved
TACAGGTCAAGAAATC	astrocyte
TACAGGTCACAACGCC	unresolved
TACAGGTCATAGATCC	neuronal
TACAGGTCATCCGGTG	oligodendrocyte_OPC
TACAGGTTCGTGCTCT	unresolved
TACATTCAGGGTCTTT	oligodendrocyte_OPC
TACATTCAGTCAGGGT	unresolved
TACATTCCAACCGCTG	neuronal
TACATTCCATGCACTA	unresolved
TACATTCGTGTCCATA	unresolved
TACATTCGTTATCTTC	astrocyte
TACATTCTCTTCTGTA	oligodendrocyte_OPC
TACCCACCAACAACAA	unresolved
TACCCACCAAGCACCC	unresolved
TACCCACTCAATCTCT	astrocyte
TACCCGTTCAGAATAG	unresolved
TACCCGTTCTGCGGCA	unresolved
TACCGAACACGACAGA	oligodendrocyte_OPC
TACCGAAGTATCTTCT	unresolved
TACCGAAGTCGTGCCA	unresolved
TACCGAAGTCTCTCTG	unresolved
TACCGGGAGCCTTTCC	oligodendrocyte_OPC
TACCGGGTCGACACTA	unresolved
TACCTCGAGTGAGTGC	oligodendrocyte_OPC
TACCTCGCAGCTTTGA	unresolved
TACCTCGTCACCCTGT	neuronal
TACCTCGTCGGACCAC	microglia_immune
TACGCTCAGCACTCCG	astrocyte
TACGCTCGTGTTATCG	unresolved
TACGGGCCAGTGTGCC	ambiguous_or_doublet
TACGGGCGTAGCCAGA	neuronal
TACGGGCTCTAAACGC	oligodendrocyte_OPC
TACGGTAAGTCCTACA	neuronal
TACGGTACATCACGGC	astrocyte
TACGGTAGTTAGGAGC	unresolved
TACGTCCCAGATCCAT	astrocyte
TACTGCCAGACGGAAA	oligodendrocyte_OPC
TACTGCCAGGTGCATG	neuronal
TACTGCCCATAGAGGC	astrocyte
TACTGCCGTCAGTCGC	unresolved
TACTTACCATTCCTCG	neuronal
TACTTCACAACGATCT	neuronal
TACTTCACAAGATCCT	oligodendrocyte_OPC
TACTTCATCCGATGCG	unresolved
TACTTGTCAGTCGTTA	neuronal
TACTTGTGTGGAAGTC	unresolved
TACTTGTTCAAGGTGG	unresolved
TACTTGTTCGGCCTTT	astrocyte
TAGACCAGTACGAGTG	astrocyte
TAGACCAGTATGACAA	astrocyte
TAGACTGCAAATCCCA	unresolved
TAGACTGCAGCCTATA	astrocyte
TAGACTGCATTCTTCA	oligodendrocyte_OPC
TAGACTGGTACCGCGT	neuronal
TAGACTGGTGCGTTTA	neuronal
TAGACTGGTTTGGCTA	astrocyte
TAGACTGTCTCATGGA	oligodendrocyte_OPC
TAGACTGTCTCGGTCT	neuronal
TAGAGTCAGGGTATAT	astrocyte
TAGAGTCAGGGTGAGG	oligodendrocyte_OPC
TAGAGTCGTATTTCGG	neuronal
TAGATCGAGTAAGACT	astrocyte
TAGATCGCAAGACGGT	unresolved
TAGATCGCACTATCCC	unresolved
TAGATCGCAGGATTCT	oligodendrocyte_OPC
TAGATCGGTGCTATTG	oligodendrocyte_OPC
TAGCACACATAGAATG	vascular
TAGCACATCATTCACT	neuronal
TAGGAGGAGCTGGCCT	astrocyte
TAGGAGGCAACCACGC	oligodendrocyte_OPC
TAGGAGGTCGCACGGT	neuronal
TAGGGTTAGTAACGTA	unresolved
TAGGGTTAGTGATGGC	oligodendrocyte_OPC
TAGGGTTGTTCGGTAT	unresolved
TAGGTACAGCACAAAT	oligodendrocyte_OPC
TAGGTACGTACGCTAT	neuronal
TAGGTACGTCAGTCTA	unresolved
TAGGTACGTCGTAATC	unresolved
TAGGTTGAGGCACTAG	oligodendrocyte_OPC
TAGGTTGCACAGTGAG	unresolved
TAGGTTGTCTGCCTGT	oligodendrocyte_OPC
TAGTGCATCCGTGTGG	unresolved
TATACCTAGCAATTAG	astrocyte
TATACCTAGCCGAATG	oligodendrocyte_OPC
TATACCTAGGAAGTCC	oligodendrocyte_OPC
TATATCCAGATGACCG	unresolved
TATATCCAGTGGACTG	oligodendrocyte_OPC
TATATCCCACCTGCGA	neuronal
TATATCCTCTACACAG	astrocyte
TATATCCTCTGAATGC	oligodendrocyte_OPC
TATCAGGAGGCACTAG	unresolved
TATCAGGAGGTTCAGG	neuronal
TATCCTAAGAACAAGG	neuronal
TATCCTAAGGTGATAT	unresolved
TATCCTATCCAACTGA	neuronal
TATCCTATCGAAGCAG	neuronal
TATCGCCCACGTATAC	astrocyte
TATCGCCTCTTGGTCC	vascular
TATCTGTGTTTAGAGA	astrocyte
TATCTGTTCGGTAACT	oligodendrocyte_OPC
TATCTTGAGCCTGTGC	unresolved
TATCTTGAGTACCATC	oligodendrocyte_OPC
TATCTTGAGTTAACGA	unresolved
TATCTTGCAATTCTCT	microglia_immune
TATCTTGCATATCTGG	unresolved
TATCTTGCATGATAGA	neuronal
TATCTTGTCTGACAGT	unresolved
TATGTTCCAGAGGCTA	unresolved
TATGTTCTCGCTAAAC	neuronal
TATTCCAAGAAGTCTA	unresolved
TATTCCACAAGGTACG	unresolved
TATTCCAGTGGAAGTC	unresolved
TATTGCTAGAGTGTTA	oligodendrocyte_OPC
TATTGCTCAACTGAAA	oligodendrocyte_OPC
TATTGCTGTCACTTCC	oligodendrocyte_OPC
TATTGGGCACCCAATA	unresolved
TATTGGGGTTTCGTTT	unresolved
TATTTCGAGTACAGCG	neuronal
TATTTCGCAGGCGATA	astrocyte
TATTTCGCATGGCTGC	unresolved
TATTTCGGTGGAGAAA	oligodendrocyte_OPC
TATTTCGTCTGTCCCA	neuronal
TCAAGACCACAGTCAT	oligodendrocyte_OPC
TCAAGACGTCCAGCAC	neuronal
TCAAGACGTCGTCTCT	unresolved
TCAAGCAAGCTACGTT	neuronal
TCAAGCACAATTAGGA	astrocyte
TCAAGCACATTCCTAT	neuronal
TCAAGCAGTGTCCGTG	oligodendrocyte_OPC
TCAAGCATCATTTGGG	oligodendrocyte_OPC
TCAAGTGCATAATGCC	neuronal
TCAAGTGTCTGCCTCA	unresolved
TCAATCTAGAGGTCAC	oligodendrocyte_OPC
TCAATCTAGCACCCAC	astrocyte
TCAATCTAGGCCCAAA	unresolved
TCAATCTCAAGTGGCA	oligodendrocyte_OPC
TCAATCTCATGTCGTA	astrocyte
TCAATTCAGGTCACCC	unresolved
TCAATTCCATGTACGT	oligodendrocyte_OPC
TCAATTCGTGTATACC	unresolved
TCAATTCTCGCTACGG	oligodendrocyte_OPC
TCAATTCTCTACTGAG	astrocyte
TCACAAGAGTACCATC	unresolved
TCACAAGCAGAGGGTT	oligodendrocyte_OPC
TCACAAGGTGATGAAT	oligodendrocyte_OPC
TCACACCAGATGGCGT	astrocyte
TCACACCAGTCTCCTC	unresolved
TCACACCGTATGAAGT	vascular
TCACACCTCTGAATGC	oligodendrocyte_OPC
TCACATTAGACACACG	oligodendrocyte_OPC
TCACATTCACTGGCCA	vascular
TCACATTCATAGATGA	vascular
TCACGCTAGCCTCTTC	unresolved
TCACGCTGTCTAACGT	unresolved
TCACGCTTCGCCCAGA	oligodendrocyte_OPC
TCACGGGAGCCATCCG	neuronal
TCACGGGAGGATGGCT	unresolved
TCACTATAGCAATTCC	oligodendrocyte_OPC
TCACTATCAGACATCT	neuronal
TCACTATCAGAGTTGG	oligodendrocyte_OPC
TCACTATCAGCGTTGC	unresolved
TCACTATCATGCTGCG	oligodendrocyte_OPC
TCACTATCATTACGGT	neuronal
TCACTATGTGCATTTG	oligodendrocyte_OPC
TCACTATGTGCCCTTT	unresolved
TCACTATTCTGAGGCC	unresolved
TCACTCGGTTAAAGTG	astrocyte
TCACTCGTCAAACGTC	oligodendrocyte_OPC
TCACTCGTCGACGTCG	astrocyte
TCAGCAAAGCGAGTCA	unresolved
TCAGCCTAGGTAGCAC	neuronal
TCAGCCTGTGGATCAG	unresolved
TCAGGGCGTTGGGTAG	vascular
TCAGGGCTCTATGTGG	unresolved
TCAGGTAGTTTGATCG	neuronal
TCAGTCCGTCCCGGTA	astrocyte
TCAGTGAAGATAGTCA	unresolved
TCAGTGAAGATGCCGA	astrocyte
TCAGTGAAGGTTCATC	neuronal
TCAGTGACAAAGCTAA	oligodendrocyte_OPC
TCAGTGATCATCGCTC	unresolved
TCAGTGATCGAAGGAC	oligodendrocyte_OPC
TCAGTTTCACCAAATC	vascular
TCAGTTTCACTGCGTG	neuronal
TCAGTTTGTGTCCAAT	oligodendrocyte_OPC
TCATACTAGCCGAATG	oligodendrocyte_OPC
TCATATCGTAGGTGCA	oligodendrocyte_OPC
TCATATCGTCTTGAAC	oligodendrocyte_OPC
TCATATCTCACAACCA	astrocyte
TCATATCTCTTGGGCG	astrocyte
TCATCCGCAGCGACAA	unresolved
TCATCCGGTGTAAATG	neuronal
TCATCCGTCTCTGCTG	unresolved
TCATGAGAGCTTAAGA	neuronal
TCATGAGCAATGGGTG	astrocyte
TCATGAGCATTCACCC	unresolved
TCATGCCCATCTCATT	microglia_immune
TCATGGAAGGACTAAT	neuronal
TCATGGATCTGGGTCG	neuronal
TCATGTTAGAGGTTAT	unresolved
TCATGTTAGCTATCCA	neuronal
TCATGTTGTCTTACTT	astrocyte
TCATGTTGTGATAGAT	unresolved
TCATTACAGCAGCCTC	unresolved
TCATTACCACGGGTAA	astrocyte
TCATTACTCATTCCTA	oligodendrocyte_OPC
TCATTACTCGCCGAGT	neuronal
TCATTACTCGTCGCTT	unresolved
TCATTCACACGACGTC	oligodendrocyte_OPC
TCATTCAGTCGCGGTT	oligodendrocyte_OPC
TCATTGTAGTCAAGCG	neuronal
TCATTGTAGTGTTCAC	unresolved
TCATTGTCAGGGTCTC	oligodendrocyte_OPC
TCATTGTGTCGACTTA	oligodendrocyte_OPC
TCATTGTGTTTCTTAC	oligodendrocyte_OPC
TCATTTGAGGCCACTC	oligodendrocyte_OPC
TCATTTGAGTTCGCAT	unresolved
TCATTTGGTATCGCAT	astrocyte
TCATTTGTCTGTCGTC	astrocyte
TCCACCACACACACTA	astrocyte
TCCACCACACCTCTGT	astrocyte
TCCACCAGTCAAGTTC	astrocyte
TCCACCAGTCATCGCG	unresolved
TCCACCAGTCTACAAC	unresolved
TCCACGTCATTCATCT	astrocyte
TCCACGTGTACAACGG	unresolved
TCCAGAAAGCTGAGTG	oligodendrocyte_OPC
TCCAGAACAGATAAAC	neuronal
TCCAGAATCATGGAGG	astrocyte
TCCAGAATCTGAGCAT	neuronal
TCCATCGAGATCCGAG	microglia_immune
TCCATCGGTCACAATC	astrocyte
TCCATCGTCGGACGTC	neuronal
TCCATGCAGAGTTGCG	unresolved
TCCATGCAGGCTCACC	astrocyte
TCCATGCTCCATGAGT	unresolved
TCCCACATCAAGCTTG	unresolved
TCCCAGTAGACTACGG	oligodendrocyte_OPC
TCCCAGTCAAGACCTT	oligodendrocyte_OPC
TCCCAGTGTCTTCATT	neuronal
TCCCAGTGTTGCATGT	astrocyte
TCCCAGTTCGCTTACC	unresolved
TCCCATGCAGGAGACT	unresolved
TCCCATGGTATCCTCC	oligodendrocyte_OPC
TCCCATGGTCGTAATC	astrocyte
TCCCATGTCTTCGGTC	unresolved
TCCGAAAAGGTCCAGA	unresolved
TCCGAAACAACTGCTA	astrocyte
TCCGAAACAGAGGTTG	astrocyte
TCCGAAACATCTAGAC	neuronal
TCCGAAACATTCGATG	neuronal
TCCGAAAGTAGCTTGT	unresolved
TCCGAAAGTGAATTGA	oligodendrocyte_OPC
TCCGATCAGGTCATAA	microglia_immune
TCCGATCCAACAGCCC	oligodendrocyte_OPC
TCCGATCCACAGCCAC	oligodendrocyte_OPC
TCCGATCGTCAACACT	unresolved
TCCGATCTCAAGCCTA	oligodendrocyte_OPC
TCCGGGAAGCGAACTG	unresolved
TCCGGGAGTAGTCTGT	oligodendrocyte_OPC
TCCGGGATCACACCGG	microglia_immune
TCCGGGATCAGCATTG	astrocyte
TCCGTGTCAGGATCTT	oligodendrocyte_OPC
TCCGTGTCATCCTGTC	oligodendrocyte_OPC
TCCTAATAGAAACACT	astrocyte
TCCTAATAGACCATAA	neuronal
TCCTAATGTGTCCTAA	oligodendrocyte_OPC
TCCTAATTCTCACGAA	unresolved
TCCTAATTCTCATTAC	neuronal
TCCTCCCAGAATACAC	unresolved
TCCTCGACAACTCGTA	unresolved
TCCTCGAGTATGAGCG	neuronal
TCCTCGATCAAGTGTC	neuronal
TCCTCTTAGCAGCGAT	neuronal
TCCTCTTAGCCTCGTG	unresolved
TCCTCTTCAATGAACA	neuronal
TCCTCTTCAGAGCCCT	neuronal
TCCTCTTGTGAGCCAA	neuronal
TCCTGCAAGTCAGCGA	oligodendrocyte_OPC
TCCTGCACACTGAGTT	unresolved
TCCTTCTTCGATGGAG	unresolved
TCCTTCTTCGTTATCT	neuronal
TCCTTCTTCTAAACGC	oligodendrocyte_OPC
TCCTTTCCAAGACAAT	unresolved
TCCTTTCGTACTAAGA	oligodendrocyte_OPC
TCCTTTCTCAGTGTTG	oligodendrocyte_OPC
TCGAACAGTAGGTAGC	unresolved
TCGAACATCATCAGTG	neuronal
TCGAACATCGCCTATC	oligodendrocyte_OPC
TCGAAGTGTTGTCCCT	oligodendrocyte_OPC
TCGACCTAGCAGTCTT	oligodendrocyte_OPC
TCGACCTGTATCCCTC	oligodendrocyte_OPC
TCGACCTTCAACCCGG	astrocyte
TCGACGGCAATACGAA	unresolved
TCGACGGCAGCTGTTA	oligodendrocyte_OPC
TCGACGGGTGACTGAG	unresolved
TCGACGGTCAGCAATC	unresolved
TCGATTTAGAAACTCA	unresolved
TCGATTTAGAGCAACC	microglia_immune
TCGATTTAGGCACAAC	oligodendrocyte_OPC
TCGCACTAGCAGCCCT	unresolved
TCGCACTGTACTCCGG	unresolved
TCGCACTGTGACCTGC	astrocyte
TCGCACTTCTTGAGCA	oligodendrocyte_OPC
TCGCAGGAGCACTAGG	unresolved
TCGCAGGAGCTGTGCC	unresolved
TCGCAGGGTACAACGG	neuronal
TCGCAGGGTATACGGG	astrocyte
TCGCAGGTCCACTTCG	oligodendrocyte_OPC
TCGCTCAAGAAGTATC	unresolved
TCGCTCACATCACCAA	astrocyte
TCGCTCAGTATTCTCT	astrocyte
TCGCTCATCGAAGCCC	microglia_immune
TCGCTTGCAACCACAT	astrocyte
TCGCTTGTCTAATTCC	neuronal
TCGGATAAGCGTTGTT	unresolved
TCGGATACACGTAACT	neuronal
TCGGATAGTCCGAAAG	astrocyte
TCGGATAGTCGTCAGC	unresolved
TCGGATAGTGGCGTAA	astrocyte
TCGGATATCCGACATA	astrocyte
TCGGATATCGGTGCAC	oligodendrocyte_OPC
TCGGATATCTCCGATC	astrocyte
TCGGGACAGAGGTTTA	oligodendrocyte_OPC
TCGGGACAGCAACTCT	vascular
TCGGGACCAACCTATG	oligodendrocyte_OPC
TCGGGCAAGTATGAAC	astrocyte
TCGGGCAGTACAGTTC	neuronal
TCGGGCAGTGATTGGG	neuronal
TCGGGCAGTGGACCTC	neuronal
TCGGGTGTCATTGCTT	unresolved
TCGGGTGTCGGTGCAC	oligodendrocyte_OPC
TCGGTCTCAACATACC	neuronal
TCGGTCTTCATTTGCT	astrocyte
TCGGTCTTCGAAATCC	unresolved
TCGTAGACACTCCCTA	oligodendrocyte_OPC
TCGTAGAGTTCTCCTG	unresolved
TCGTCCAGTGAACGGT	unresolved
TCGTGCTAGTCAATCC	unresolved
TCGTGGGAGTAGGATT	unresolved
TCGTGGGGTGGATCGA	unresolved
TCTAACTCATATTCGG	oligodendrocyte_OPC
TCTAACTGTCGACTTA	unresolved
TCTAACTGTGGACCTC	microglia_immune
TCTAACTGTGTGGACA	microglia_immune
TCTACATAGACTGAGC	neuronal
TCTACATCAGGGAATC	unresolved
TCTACATCATGAATCC	oligodendrocyte_OPC
TCTACATGTCGACGCT	neuronal
TCTATACAGGTGCTAG	neuronal
TCTATACGTACAGGTG	neuronal
TCTATACGTTCCAAAC	astrocyte
TCTATACGTTGGAGGT	oligodendrocyte_OPC
TCTATACTCCACGGGT	oligodendrocyte_OPC
TCTATACTCCGAAGGA	unresolved
TCTATACTCGTCGACG	oligodendrocyte_OPC
TCTATCAAGACGACTG	astrocyte
TCTATCAGTCCAACGC	oligodendrocyte_OPC
TCTATCAGTCTAACGT	neuronal
TCTATCAGTGGCTAGA	unresolved
TCTATCATCCACTAGA	astrocyte
TCTCACGCAAGCGGAT	unresolved
TCTCACGCACAGAGCA	neuronal
TCTCACGCAGTAGTTC	microglia_immune
TCTCAGCAGACGGAAA	astrocyte
TCTCAGCCAAGAGTAT	oligodendrocyte_OPC
TCTCAGCTCGATTTCT	astrocyte
TCTCAGCTCTACTTCA	astrocyte
TCTCCGAAGAGCTGCA	unresolved
TCTCCGACAACTGCTA	astrocyte
TCTCCGACAACTTCTT	oligodendrocyte_OPC
TCTCCGAGTTAGGAGC	neuronal
TCTCTGGGTCGAGATG	astrocyte
TCTCTGGGTTCTAAGC	oligodendrocyte_OPC
TCTCTGGTCCAATCCC	unresolved
TCTGCCAAGTGGGAAA	unresolved
TCTGCCACAAGTTCCA	neuronal
TCTGCCAGTAACCAGG	unresolved
TCTGCCAGTCAACACT	unresolved
TCTGGCTAGAAGTCAT	unresolved
TCTGGCTAGCACCCAC	astrocyte
TCTGGCTAGTCATCCA	unresolved
TCTGGCTCATTGTGCA	neuronal
TCTGGCTGTCATCAGT	neuronal
TCTGGCTGTGTTAACC	neuronal
TCTGTCGAGCATCCCG	unresolved
TCTGTCGGTCGAATTC	unresolved
TCTGTCGGTGGTCAAG	vascular
TCTGTCGTCGCTCTCA	oligodendrocyte_OPC
TCTGTCGTCTACTCAT	neuronal
TCTTAGTAGGGCTTCC	astrocyte
TCTTAGTCAGAGTCAG	unresolved
TCTTAGTCAGTAACAA	unresolved
TCTTAGTTCGGACGTC	unresolved
TCTTAGTTCTCCGTGT	unresolved
TCTTAGTTCTGCTTTA	microglia_immune
TCTTCCTAGCACTAAA	neuronal
TCTTCCTCAGTGTGCC	oligodendrocyte_OPC
TCTTCCTGTACCTGTA	oligodendrocyte_OPC
TCTTCCTGTTCAAGGG	microglia_immune
TCTTCCTTCGAGCCTG	neuronal
TCTTTGACACTATCGA	unresolved
TGAACGTAGTAGAATC	neuronal
TGAACGTAGTGATTCC	neuronal
TGAACGTCAGAACTCT	astrocyte
TGAACGTGTTGGTAGG	unresolved
TGAATCGAGTACGAGC	oligodendrocyte_OPC
TGAATCGCACAGTGTT	oligodendrocyte_OPC
TGAATCGTCTCACGAA	oligodendrocyte_OPC
TGAATGCGTCTCGGAC	neuronal
TGAATGCGTGGTCTTA	oligodendrocyte_OPC
TGACAGTAGTGTACCT	unresolved
TGACAGTTCAAGTCGT	oligodendrocyte_OPC
TGACAGTTCGGAAGGT	astrocyte
TGACCCTAGCATGATA	oligodendrocyte_OPC
TGACCCTCATCGCTCT	astrocyte
TGACGCGAGACTACCT	unresolved
TGACGCGAGTTGGACG	vascular
TGACGCGCAAGTCCAT	neuronal
TGACGCGGTCCGATCG	unresolved
TGACGCGGTGCCCTTT	astrocyte
TGACGCGTCGATACTG	oligodendrocyte_OPC
TGACTCCAGCAACTCT	unresolved
TGACTCCCAGGAGACT	oligodendrocyte_OPC
TGACTCCTCTGGTCAA	astrocyte
TGAGACTAGAGATCGC	neuronal
TGAGACTGTTACCCAA	unresolved
TGAGCATAGCGTTGTT	unresolved
TGAGCATGTATCCTTT	astrocyte
TGAGCGCAGATCGGTG	neuronal
TGAGCGCAGGAATGTT	astrocyte
TGAGCGCCATATAGCC	astrocyte
TGAGCGCTCCGCTAGG	neuronal
TGAGCGCTCCTGGGAC	unresolved
TGAGCGCTCTACCAGA	neuronal
TGAGGAGAGCGGGTAT	neuronal
TGAGGAGAGGCTCAAG	astrocyte
TGAGGGACAAGAGTGC	astrocyte
TGAGGGACACTACACA	neuronal
TGAGGTTCACTTGTGA	unresolved
TGAGGTTTCGGCATCG	astrocyte
TGAGTCAAGGATTCCT	neuronal
TGATCAGAGTCTAGAA	oligodendrocyte_OPC
TGATCAGGTCATCAGT	ambiguous_or_doublet
TGATCAGGTGGTCCGT	astrocyte
TGATCAGTCGAGCCTG	astrocyte
TGATCTTCATCGAACT	oligodendrocyte_OPC
TGATGCATCATTACTC	neuronal
TGATGCATCTCCTGTG	ambiguous_or_doublet
TGATGGTCATGAGTAA	neuronal
TGATTCTCAGTAGTTC	astrocyte
TGATTCTTCATGGTAC	neuronal
TGATTCTTCCAATGCA	unresolved
TGATTTCTCTTGGAAC	unresolved
TGCACGGAGGACGGAG	oligodendrocyte_OPC
TGCACGGAGGTTGAGC	oligodendrocyte_OPC
TGCACGGAGTCTGGTT	neuronal
TGCACGGCAGACAAGC	vascular
TGCACGGCAGTCCCGA	unresolved
TGCACGGGTGGAACAC	unresolved
TGCAGATGTATAGGAT	astrocyte
TGCAGATGTTTACGAC	oligodendrocyte_OPC
TGCAGGCTCAGCTCTC	neuronal
TGCAGGCTCGAAACAA	oligodendrocyte_OPC
TGCAGGCTCGAGAATA	unresolved
TGCAGGCTCTTCCCGA	oligodendrocyte_OPC
TGCAGTAGTTGCGTAT	neuronal
TGCAGTAGTTTGGAAA	oligodendrocyte_OPC
TGCAGTATCAGAGTTC	oligodendrocyte_OPC
TGCAGTATCATAGCAC	neuronal
TGCAGTATCCGATCTC	unresolved
TGCATCCAGTACCGGA	neuronal
TGCATCCCAAGCGGAT	oligodendrocyte_OPC
TGCATGATCTCCGAGG	unresolved
TGCCGAGAGTCTACCA	oligodendrocyte_OPC
TGCGACGGTAGGACCA	neuronal
TGCGACGGTCTGTCCT	oligodendrocyte_OPC
TGCGATACAACGTTAC	unresolved
TGCGATACAAGTTCCA	astrocyte
TGCGATAGTCTCGGAC	unresolved
TGCGATATCCTTCTAA	ambiguous_or_doublet
TGCGGCACACTACTTT	microglia_immune
TGCGGCACATATACCG	neuronal
TGCGGCATCGACCATA	oligodendrocyte_OPC
TGCGGCATCGCACTCT	unresolved
TGCGGGTAGGTTAAAC	neuronal
TGCTCCAAGCTGTCCG	oligodendrocyte_OPC
TGCTCCAGTGTTGACT	microglia_immune
TGCTCGTAGAGCAGTC	vascular
TGCTCGTTCCATTCGC	unresolved
TGCTCGTTCCTATGGA	unresolved
TGCTGAAGTTAGAGTA	astrocyte
TGCTGAATCTGGACCG	unresolved
TGCTTCGAGCACACAG	unresolved
TGCTTGCCACCCATAA	microglia_immune
TGGAACTAGCCACCGT	oligodendrocyte_OPC
TGGAACTAGGAGGGTG	oligodendrocyte_OPC
TGGAACTCAAAGCTCT	astrocyte
TGGAACTTCAGGCGAA	unresolved
TGGAACTTCTTGGTCC	neuronal
TGGAGAGAGGTTCTTG	oligodendrocyte_OPC
TGGAGAGAGTTGCTCA	oligodendrocyte_OPC
TGGAGAGCAGCCGTCA	oligodendrocyte_OPC
TGGAGAGCAGCTTTCC	vascular
TGGAGAGTCCATGCAA	astrocyte
TGGAGGATCCAACACA	unresolved
TGGAGGATCTCCAAGA	microglia_immune
TGGATCACAGTCTTCC	oligodendrocyte_OPC
TGGATCATCCTTATAC	neuronal
TGGATGTGTCCTCATC	unresolved
TGGATGTGTTCGCGTG	astrocyte
TGGCGTGCAATGAAAC	oligodendrocyte_OPC
TGGCGTGTCCTGGCTT	oligodendrocyte_OPC
TGGGAAGAGTGCAACG	oligodendrocyte_OPC
TGGGAAGTCAGGTAAA	unresolved
TGGGAAGTCTTGATTC	astrocyte
TGGGATTCAAGAGCTG	oligodendrocyte_OPC
TGGGATTCAATAGTAG	unresolved
TGGGATTGTTGCCGCA	oligodendrocyte_OPC
TGGGATTTCATTCTTG	unresolved
TGGGCGTGTCCACATA	unresolved
TGGGCGTGTTTCTTAC	oligodendrocyte_OPC
TGGGTTAAGAGTCACG	oligodendrocyte_OPC
TGGGTTAAGTCATCCA	unresolved
TGGGTTACAAACCACT	oligodendrocyte_OPC
TGGGTTATCAATCGGT	astrocyte
TGGGTTATCTTAGCTT	oligodendrocyte_OPC
TGGTACAAGGGATCTG	neuronal
TGGTACACAGTAGAGC	unresolved
TGGTACAGTACCCAGC	unresolved
TGGTACAGTGGTCCGT	unresolved
TGGTACAGTTTCGTAG	oligodendrocyte_OPC
TGGTAGTGTCTAACGT	astrocyte
TGGTAGTGTGAATGAT	astrocyte
TGGTAGTTCATCCTAT	oligodendrocyte_OPC
TGGTGATAGTGGAAGA	astrocyte
TGGTGATTCTGATTCT	unresolved
TGGTTAGAGCACCGAA	neuronal
TGGTTAGGTGGGACAT	astrocyte
TGGTTAGGTTCGGACC	oligodendrocyte_OPC
TGGTTAGTCGAGATAA	unresolved
TGTAACGCAACTCGAT	neuronal
TGTAACGCAGCCATTA	neuronal
TGTAAGCTCGGACCAC	unresolved
TGTACAGAGCACACAG	neuronal
TGTACAGCAATTTCGG	neuronal
TGTACAGGTAGAATAC	astrocyte
TGTACAGTCGGCTCTT	unresolved
TGTAGACAGGCATCGA	oligodendrocyte_OPC
TGTAGACGTACCATAC	oligodendrocyte_OPC
TGTAGACGTGAGATTA	oligodendrocyte_OPC
TGTAGACGTGCCCACA	unresolved
TGTCAGAGTCGTAATC	unresolved
TGTCCACAGACATCCT	unresolved
TGTCCACCAACCGATT	oligodendrocyte_OPC
TGTCCACCACCTGATA	microglia_immune
TGTCCCAGTCCTACGG	oligodendrocyte_OPC
TGTCCCAGTTCAAACC	oligodendrocyte_OPC
TGTCCCATCGTAGTGT	neuronal
TGTCCTGAGGCTTAGG	oligodendrocyte_OPC
TGTCCTGCAGTCTTCC	neuronal
TGTCCTGGTCACCACG	unresolved
TGTGAGTAGTGTTCAC	astrocyte
TGTGAGTGTGACAACG	unresolved
TGTGATGAGAATCGCG	astrocyte
TGTGATGCAATAACCC	astrocyte
TGTGATGTCGATTGAC	unresolved
TGTGCGGAGGATGAGA	unresolved
TGTGCGGCAACCGCCA	oligodendrocyte_OPC
TGTGCGGGTCCTACGG	unresolved
TGTGGCGAGCAGGGAG	neuronal
TGTGGCGCACGCCACA	neuronal
TGTGGCGTCCCTCATG	neuronal
TGTGGCGTCCTCAGGG	unresolved
TGTGGCGTCGAAATCC	oligodendrocyte_OPC
TGTGTGAAGAAGCTCG	oligodendrocyte_OPC
TGTGTGATCATGCTAG	astrocyte
TGTTACTAGGGTGGGA	unresolved
TGTTACTAGTATAGAC	neuronal
TGTTACTAGTGCGTCC	oligodendrocyte_OPC
TGTTACTCAACCGCTG	unresolved
TGTTACTGTGCTTATG	oligodendrocyte_OPC
TGTTACTGTTGGGACA	unresolved
TGTTCATCAGTTTCAG	astrocyte
TGTTCCGAGCGACTTT	oligodendrocyte_OPC
TGTTCCGCAACCGCTG	astrocyte
TGTTCCGCAGGAACCA	microglia_immune
TGTTCCGTCACGAACT	unresolved
TGTTCCGTCTCTCTTC	oligodendrocyte_OPC
TGTTCTAAGGCATCTT	neuronal
TGTTCTACACGGGTAA	astrocyte
TGTTCTAGTATACGGG	oligodendrocyte_OPC
TGTTGAGCATACCATG	astrocyte
TGTTGAGTCCCTTTGG	unresolved
TGTTGAGTCGGACTTA	oligodendrocyte_OPC
TGTTTGTCATGACGTT	oligodendrocyte_OPC
TGTTTGTGTCACTCAA	unresolved
TGTTTGTTCTCACTCG	neuronal
TTAATCCAGAAAGTCT	oligodendrocyte_OPC
TTAATCCAGAGCAACC	microglia_immune
TTAATCCAGGTATAGT	neuronal
TTACCGCCAGAGAGGG	neuronal
TTACCGCTCTGGCCTT	astrocyte
TTACGCCAGACCCTTA	neuronal
TTACGCCAGGAAAGTG	neuronal
TTACGCCGTGAATAAC	unresolved
TTACGCCGTGCAACGA	neuronal
TTACGCCGTTCTCGCT	unresolved
TTACGTTAGGGTACAC	unresolved
TTACGTTAGGTTCTAC	unresolved
TTACGTTCATCGCTGG	astrocyte
TTACGTTTCAAACTGC	unresolved
TTACGTTTCACCATGA	unresolved
TTACTGTAGATGAATC	neuronal
TTACTGTAGTCTGTAC	unresolved
TTACTGTAGTTGTAGA	astrocyte
TTACTGTGTGTTTGCA	ambiguous_or_doublet
TTAGGCAAGGAGTCTG	astrocyte
TTAGGCAAGGCTGGAT	unresolved
TTAGGCAAGTGAGCCA	astrocyte
TTAGGCATCTCCTGCA	unresolved
TTAGGGTTCATTCTTG	oligodendrocyte_OPC
TTAGTCTAGCCGTTAT	unresolved
TTAGTCTAGGGTCAAC	ambiguous_or_doublet
TTAGTCTCATTCACAG	neuronal
TTAGTCTGTCACCCTT	unresolved
TTAGTCTTCTATTCGT	astrocyte
TTATTGCAGGCACAAC	unresolved
TTATTGCAGGCACTAG	oligodendrocyte_OPC
TTATTGCCAGACGATG	microglia_immune
TTCAATCCACAGTATC	unresolved
TTCAATCGTACCTTCC	astrocyte
TTCAATCTCCATTGGA	unresolved
TTCAATCTCGCTGCGA	neuronal
TTCAATCTCGGTGTTA	unresolved
TTCACCGAGTCTCCTC	oligodendrocyte_OPC
TTCACCGGTAACAGTA	oligodendrocyte_OPC
TTCACCGGTCGATTAC	oligodendrocyte_OPC
TTCACCGTCTTCCAGC	unresolved
TTCACGCGTCTACATG	unresolved
TTCAGGATCGTGGGAA	oligodendrocyte_OPC
TTCATGTAGCAAATCA	unresolved
TTCATGTGTGGGTATG	astrocyte
TTCATGTTCGCAGTTA	oligodendrocyte_OPC
TTCATTGAGGGTTAAT	unresolved
TTCATTGGTACCCGAC	astrocyte
TTCCAATAGACTAAGT	astrocyte
TTCCAATCACTACGGC	unresolved
TTCCAATTCATCTATC	vascular
TTCCACGAGATGGCAC	neuronal
TTCCACGGTGAGCAGT	astrocyte
TTCCGGTCATTCAGGT	unresolved
TTCCGGTTCCACTGAA	unresolved
TTCCGTGAGTGACACG	neuronal
TTCCGTGGTCATCACA	unresolved
TTCCGTGGTTCCCACT	astrocyte
TTCCTAAAGACATATG	neuronal
TTCCTAAAGATCCCGC	vascular
TTCCTAAGTAAGGCTG	oligodendrocyte_OPC
TTCCTAAGTGTCTTAG	neuronal
TTCCTAATCGATGCTA	vascular
TTCCTCTAGGTGAGAA	vascular
TTCCTCTCATGGGTCC	vascular
TTCCTCTCATTGAAAG	unresolved
TTCCTCTTCGGTCGAC	oligodendrocyte_OPC
TTCCTTCAGCCGTAAG	oligodendrocyte_OPC
TTCCTTCCACTTCATT	astrocyte
TTCCTTCTCTTTCCAA	neuronal
TTCGATTAGGACAAGA	astrocyte
TTCGATTAGGACTAAT	oligodendrocyte_OPC
TTCGATTAGTTCATCG	neuronal
TTCGATTCAAACCACT	unresolved
TTCGATTCAGTTTCAG	unresolved
TTCGATTCATGACGGA	oligodendrocyte_OPC
TTCGATTTCATGGTAC	astrocyte
TTCGATTTCCAAGCAT	unresolved
TTCGCTGCAGTGTATC	unresolved
TTCGCTGGTAAGCTCT	astrocyte
TTCGGTCAGCGATGGT	astrocyte
TTCGGTCCATTCATCT	oligodendrocyte_OPC
TTCGGTCCATTCCTAT	oligodendrocyte_OPC
TTCGGTCGTACAGCGA	unresolved
TTCGGTCGTGCTTATG	microglia_immune
TTCGGTCTCGCCTATC	neuronal
TTCGGTCTCTAAGCCA	neuronal
TTCTAACAGCAGGCTA	unresolved
TTCTAACCAACACTAC	unresolved
TTCTAACGTCGTCGGT	neuronal
TTCTAGTAGATTGATG	neuronal
TTCTAGTAGCGCGTTC	neuronal
TTCTAGTCATCGTCCT	unresolved
TTCTAGTTCGTTCTGC	neuronal
TTCTCTCAGATTCGAA	oligodendrocyte_OPC
TTCTCTCGTTCTGAGT	oligodendrocyte_OPC
TTCTCTCTCAGCCCAG	astrocyte
TTCTGTAAGATTAGCA	neuronal
TTCTGTAAGTGCGTCC	unresolved
TTCTGTAGTATATGGA	unresolved
TTCTGTAGTTCGGTAT	oligodendrocyte_OPC
TTCTTCCCAACGACAG	astrocyte
TTCTTCCCACATACTG	oligodendrocyte_OPC
TTCTTCCGTGGAGGTT	neuronal
TTCTTCCTCACCTCGT	unresolved
TTCTTCCTCATCCTAT	unresolved
TTCTTCCTCGCCGAAC	unresolved
TTCTTGACACTACCGG	neuronal
TTCTTGACATTCGGGC	neuronal
TTGAACGAGTTGCGAG	oligodendrocyte_OPC
TTGAACGGTACAAGTA	neuronal
TTGACCCAGTGAATAC	vascular
TTGACCCGTAACATAG	neuronal
TTGACCCGTTGCTCCT	unresolved
TTGAGTGAGAGAGGTA	unresolved
TTGAGTGAGCGTGCTC	oligodendrocyte_OPC
TTGAGTGAGTCATTGC	unresolved
TTGAGTGTCAGACTGT	oligodendrocyte_OPC
TTGATGGAGGATGGCT	neuronal
TTGATGGCAAAGGTTA	unresolved
TTGATGGTCTGCGAGC	unresolved
TTGCATTAGGTGCTTT	neuronal
TTGCATTCAATAAGGT	unresolved
TTGCATTTCAGGAAGC	oligodendrocyte_OPC
TTGCGTCAGAAATGGG	oligodendrocyte_OPC
TTGCGTCAGTACAGCG	oligodendrocyte_OPC
TTGCGTCTCTTTGATC	oligodendrocyte_OPC
TTGCTGCCAAAGGCTG	oligodendrocyte_OPC
TTGCTGCCAACGGGTA	neuronal
TTGCTGCCATGACTCA	unresolved
TTGCTGCCATTGCCGG	neuronal
TTGCTGCGTAAGCAAT	oligodendrocyte_OPC
TTGGATGAGAGAGCGG	astrocyte
TTGGATGCACCGTACG	oligodendrocyte_OPC
TTGGATGGTCTCACGG	vascular
TTGGATGGTCTTTATC	neuronal
TTGGATGTCTTAATCC	unresolved
TTGGGCGGTTCCAGGC	oligodendrocyte_OPC
TTGGGTAAGATGAATC	unresolved
TTGGGTAGTTATGGTC	unresolved
TTGGTTTAGGAGTCTG	microglia_immune
TTGGTTTTCGAGTGGA	unresolved
TTGGTTTTCGCCAGAC	microglia_immune
TTGTGGAAGTAGAATC	oligodendrocyte_OPC
TTGTGGACACCAACAT	astrocyte
TTGTGGACAGGCTATT	oligodendrocyte_OPC
TTGTGTTCAGGGAGAG	neuronal
TTGTTCAAGAAGTCTA	neuronal
TTGTTCAAGACTCTTG	unresolved
TTGTTCACAGGCCCTA	neuronal
TTGTTCATCGCCTTTG	unresolved
TTGTTCATCTGAATCG	astrocyte
TTGTTGTAGGCTAGCA	astrocyte
TTGTTGTCAGAAGCGT	oligodendrocyte_OPC
TTGTTGTCAGTGGCTC	oligodendrocyte_OPC
TTGTTTGAGAGCTTTC	astrocyte
TTGTTTGAGCATGGGT	neuronal
TTGTTTGAGCCTCTTC	unresolved
TTGTTTGCATAATCGC	oligodendrocyte_OPC
TTGTTTGCATCGATCA	astrocyte
TTGTTTGTCCGTGTCT	astrocyte
TTGTTTGTCGAGAGCA	unresolved
TTTACCAAGCCTCATA	oligodendrocyte_OPC
TTTACCAAGCTGCCTG	astrocyte
TTTACCAGTTATCCAG	unresolved
TTTACGTAGATACTGA	unresolved
TTTACGTAGCGAGTCA	neuronal
TTTACGTCAACTCATG	neuronal
TTTACGTTCATCCTAT	unresolved
TTTACGTTCTCATGCC	oligodendrocyte_OPC
TTTAGTCAGCGTTAGG	neuronal
TTTAGTCCACAACGCC	oligodendrocyte_OPC
TTTAGTCGTACGATGG	neuronal
TTTAGTCTCAGTCAGT	astrocyte
TTTAGTCTCCTTGAAG	neuronal
TTTATGCCAGAACTAA	unresolved
TTTATGCGTACAAGCG	neuronal
TTTCACAAGTGTTCCA	neuronal
TTTCACACAACTCCCT	astrocyte
TTTCACAGTACAGGTG	unresolved
TTTCACATCCTCTAAT	oligodendrocyte_OPC
TTTCAGTAGCCTATTG	neuronal
TTTCAGTAGTAAACTG	unresolved
TTTCAGTCAACTGCCG	neuronal
TTTCAGTGTACGTAGG	microglia_immune
TTTCAGTGTATCCCTC	vascular
TTTCAGTTCGCGAAGA	neuronal
TTTCATGAGTCACACT	ambiguous_or_doublet
TTTCATGGTACAATAG	oligodendrocyte_OPC
TTTCCTCTCATTGCTT	neuronal
TTTCCTCTCGGAGTAG	astrocyte
TTTCGATAGTATGCAA	oligodendrocyte_OPC
TTTCGATAGTTTGTCG	unresolved
TTTCGATGTAGTGCGA	oligodendrocyte_OPC
TTTGACTAGACCATTC	microglia_immune
TTTGATCAGCATAGGC	unresolved
TTTGATCCACGACGCT	neuronal
TTTGATCGTTCTGACA	astrocyte
TTTGGAGCACTCCTGT	oligodendrocyte_OPC
TTTGGAGTCAACTGGT	astrocyte
TTTGGTTAGAAGCGCT	unresolved
TTTGGTTAGACTACCT	unresolved
TTTGGTTCAGGACAGT	neuronal
TTTGGTTTCACCGACG	neuronal
TTTGGTTTCTTCGGTC	neuronal
TTTGTTGAGTCATCGT	oligodendrocyte_OPC
