AAACCCAAGGTTTGAA	neuronal
AAACCCAGTAGATTAG	oligodendrocyte_OPC
AAACCCAGTGAATATG	oligodendrocyte_OPC
AAACGAAAGAGAAGGT	oligodendrocyte_OPC
AAACGCTAGGTAGACC	oligodendrocyte_OPC
AAACGCTAGGTAGCCA	neuronal
AAAGAACTCCATTGTT	unresolved
AAAGAACTCTGAGCAT	unresolved
AAAGGATAGACAGCTG	neuronal
AAAGGATGTTGGTACT	unresolved
AAAGGATGTTTCGCTC	unresolved
AAAGGATTCATGCAGT	neuronal
AAAGGGCAGATGCGAC	unresolved
AAAGGGCAGTATGACA	microglia_immune
AAAGGGCCAAACGAGC	vascular
AAAGGTATCCCGAATA	neuronal
AAAGGTATCGGCCCAA	astrocyte
AAAGTGAGTCCAGAAG	ambiguous_or_doublet
AAAGTGAGTTGCTGAT	ambiguous_or_doublet
AAAGTGATCGAACTCA	vascular
AAATGGAGTATACCTG	oligodendrocyte_OPC
AAATGGAGTTGCGGCT	neuronal
AAATGGATCGCGTAGC	oligodendrocyte_OPC
AAATGGATCTACGGGC	vascular
AACAAAGAGGCATGCA	oligodendrocyte_OPC
AACAAAGTCCCGTTGT	neuronal
AACAACCCAACGATTC	unresolved
AACAAGACAGGCTTGC	neuronal
AACAAGACATTGTCGA	neuronal
AACAAGAGTCCACAGC	microglia_immune
AACAAGAGTGTATCCA	unresolved
AACAAGATCACTCACC	unresolved
AACACACGTATCGAGG	neuronal
AACACACGTCCCAAAT	unresolved
AACACACGTGTCCCTT	oligodendrocyte_OPC
AACAGGGAGAAGCTGC	oligodendrocyte_OPC
AACAGGGTCCAAACCA	astrocyte
AACCAACCAGCCATTA	unresolved
AACCAACTCGCAGTGC	microglia_immune
AACCACACAAGAGAGA	microglia_immune
AACCACACACCTGCTT	neuronal
AACCACAGTTCACGAT	oligodendrocyte_OPC
AACCACATCATCCTAT	oligodendrocyte_OPC
AACCACATCATGAGAA	microglia_immune
AACCATGGTTTACCTT	vascular
AACCATGTCTATCGCC	unresolved
AACCCAAGTTCCTACC	oligodendrocyte_OPC
AACCTTTAGGGATCAC	astrocyte
AACGAAAGTCCCTAAA	unresolved
AACGTCACACCCTAAA	oligodendrocyte_OPC
AACTTCTAGTCGTTAC	unresolved
AACTTCTCACAATGTC	astrocyte
AACTTCTGTCACAGTT	astrocyte
AAGACTCAGCACTGGA	neuronal
AAGACTCAGCTGAAGC	unresolved
AAGACTCAGTAATACG	neuronal
AAGACTCCAACGTTAC	neuronal
AAGATAGAGAGAATCT	unresolved
AAGATAGCAAGTTTGC	unresolved
AAGATAGGTCCATAGT	unresolved
AAGATAGGTGAATTGA	oligodendrocyte_OPC
AAGATAGTCCAACTAG	oligodendrocyte_OPC
AAGCATCAGCTGACCC	unresolved
AAGCATCGTATGAGCG	unresolved
AAGCATCGTCAACATC	microglia_immune
AAGCATCGTCTTCTAT	unresolved
AAGCCATAGGAAGTAG	neuronal
AAGCCATGTTGCATTG	unresolved
AAGCGAGAGCAGCGAT	astrocyte
AAGCGAGAGTTTCGGT	unresolved
AAGCGAGGTGTGAATA	oligodendrocyte_OPC
AAGCGTTAGTATGACA	oligodendrocyte_OPC
AAGCGTTGTGAGCGAT	unresolved
AAGGAATAGCCGGAAT	unresolved
AAGGAATCAACGTAAA	oligodendrocyte_OPC
AAGGTAACATCCAATG	unresolved
AAGTACCCATGATAGA	neuronal
AAGTACCGTCTCTCCA	oligodendrocyte_OPC
AAGTCGTGTCGTTATG	unresolved
AAGTCGTGTGACGCCT	astrocyte
AAGTCGTTCGAACCTA	oligodendrocyte_OPC
AAGTGAACAGCTGTAT	neuronal
AATAGAGAGTCTGGTT	microglia_immune
AATAGAGCAAGAGGTC	oligodendrocyte_OPC
AATAGAGGTTAAACAG	oligodendrocyte_OPC
AATCACGGTTAAGGGC	astrocyte
AATCGTGCAATAACCC	unresolved
AATGACCAGCAGGCTA	unresolved
AATGACCAGGTCGTGA	astrocyte
AATGACCCATAGCACT	unresolved
AATGACCTCGTCTACC	astrocyte
AATGGAACAAGAATGT	oligodendrocyte_OPC
AATGGAAGTATTGACC	unresolved
AATGGCTAGTATGACA	microglia_immune
AATTCCTCAATCGCGC	unresolved
ACAAAGATCTTAAGGC	oligodendrocyte_OPC
ACAACCAAGTGGGAAA	unresolved
ACAACCACAGCACAGA	ambiguous_or_doublet
ACAAGCTAGTAAGCAT	unresolved
ACACAGTAGCGCCTCA	astrocyte
ACACAGTAGGTCGTGA	oligodendrocyte_OPC
ACACAGTCAGTCTTCC	unresolved
ACACAGTTCATCTGTT	microglia_immune
ACACGCGAGTCATCGT	astrocyte
ACACGCGAGTTCCATG	unresolved
ACACGCGCAAATGAAC	oligodendrocyte_OPC
ACACGCGGTTTCGTAG	astrocyte
ACACTGATCGTTAGAC	unresolved
ACAGAAAAGGGCAACT	neuronal
ACAGAAAGTTAACAGA	unresolved
ACAGCCGTCGTCTAAG	unresolved
ACAGGGAGTCAACACT	microglia_immune
ACATCCCAGGCCTGAA	unresolved
ACATCGAAGTGTCATC	unresolved
ACATCGAGTCCAACGC	neuronal
ACATTTCAGGATTTAG	neuronal
ACATTTCCATTCATCT	neuronal
ACATTTCTCTGTACAG	unresolved
ACCAACAAGGGCATGT	vascular
ACCACAAAGTCGAGGT	unresolved
ACCATTTCAGATCCTA	neuronal
ACCCAAAAGGCTCCCA	vascular
ACCCAAACAGTTTCAG	neuronal
ACCCAAAGTAGAAACT	oligodendrocyte_OPC
ACCCAAAGTAGTCTGT	oligodendrocyte_OPC
ACCCTCAAGATTGACA	oligodendrocyte_OPC
ACCCTCAGTGAGAACC	neuronal
ACCCTTGAGTACAGCG	astrocyte
ACCCTTGAGTCAGCCC	ambiguous_or_doublet
ACCCTTGCACACACTA	unresolved
ACCCTTGCATATCTCT	neuronal
ACCTACCAGGATACGC	astrocyte
ACCTACCAGTCTGCGC	oligodendrocyte_OPC
ACCTACCGTTCCAAAC	unresolved
ACCTGAAAGCACTCAT	unresolved
ACCTGAAGTCTCTCCA	vascular
ACCTGAAGTTATTCTC	astrocyte
ACCTGAATCCGTGTAA	oligodendrocyte_OPC
ACCTGTCAGACCATTC	astrocyte
ACGATCACAGTCGCAC	microglia_immune
ACGATGTAGTCTGCAT	ambiguous_or_doublet
ACGATGTGTTGGGTTT	neuronal
ACGCACGAGCCTCACG	unresolved
ACGCACGTCTAGCCTC	oligodendrocyte_OPC
ACGGAAGAGTTTGCTG	neuronal
ACGGAAGCATCAACCA	astrocyte
ACGGAAGTCGCAGAGA	unresolved
ACGGGTCCAAGATGGC	oligodendrocyte_OPC
ACGGGTCCAGCTATTG	astrocyte
ACGTAACAGAGTGTGC	unresolved
ACGTAACCACAGCCAC	ambiguous_or_doublet
ACGTAGTAGCTGTGCC	oligodendrocyte_OPC
ACGTCCTGTTCGGTCG	unresolved
ACGTCCTTCGGCATCG	astrocyte
ACGTTCCGTGATTCTG	microglia_immune
ACTACGACAAGAGCTG	neuronal
ACTACGACATAGTCAC	microglia_immune
ACTATGGTCAGGGTAG	neuronal
ACTATTCTCACTGCTC	oligodendrocyte_OPC
ACTATTCTCGAACACT	neuronal
ACTCTCGCACTTACAG	neuronal
ACTGATGAGCAATTAG	oligodendrocyte_OPC
ACTGCAACAGCGAGTA	astrocyte
ACTGCAAGTTCTCGCT	unresolved
ACTGTCCCACCGGTCA	neuronal
ACTGTGAAGACGAGCT	vascular
ACTGTGAAGACTGAGC	unresolved
ACTGTGAAGCGACTAG	oligodendrocyte_OPC
ACTGTGATCAGCTAGT	astrocyte
ACTTAGGCATAACAGA	unresolved
ACTTATCCAACTTGCA	unresolved
ACTTATCGTGTTAACC	neuronal
ACTTCCGGTCAATGGG	oligodendrocyte_OPC
ACTTCCGTCGTTATCT	microglia_immune
ACTTCGCAGGTACAAT	unresolved
ACTTCGCAGTACAACA	neuronal
ACTTCGCAGTAGACAT	neuronal
ACTTCGCCATCGAGCC	vascular
ACTTCGCGTAACAGTA	astrocyte
ACTTTCATCTCATTAC	vascular
ACTTTGTAGTATTCCG	oligodendrocyte_OPC
ACTTTGTCAGTTGCGC	oligodendrocyte_OPC
ACTTTGTGTCCACACG	astrocyte
ACTTTGTGTTGTGGCC	unresolved
AGAAATGTCTCTCGAC	unresolved
AGAACAACAGGTAGTG	astrocyte
AGAACAATCGATTGGT	oligodendrocyte_OPC
AGAACCTCAGACGCTC	neuronal
AGAACCTCATCCGAGC	oligodendrocyte_OPC
AGAACCTGTTCGAAGG	unresolved
AGAAGCGGTACAACGG	unresolved
AGAAGCGGTTAACAGA	unresolved
AGAAGTACACGTTCGG	unresolved
AGACAAAAGGGCCAAT	astrocyte
AGACAAATCCCATTTA	unresolved
AGACACTGTCTTTCAT	microglia_immune
AGACACTTCGCAGTCG	oligodendrocyte_OPC
AGACAGGCAAATTGGA	neuronal
AGACCATGTCATCGCG	microglia_immune
AGACCCGGTAATCAAG	oligodendrocyte_OPC
AGACCCGGTTGGGCCT	neuronal
AGACTCAAGTAACCTC	neuronal
AGACTCAGTCCACGCA	oligodendrocyte_OPC
AGACTCAGTTGCATCA	neuronal
AGAGAATAGATTGTGA	oligodendrocyte_OPC
AGAGAATCAACTCATG	oligodendrocyte_OPC
AGAGAATCACCACATA	astrocyte
AGAGAATGTACTGCGC	unresolved
AGAGAATGTAGCGTCC	neuronal
AGAGAATGTCTAGATC	vascular
AGAGAATTCATTGTGG	astrocyte
AGAGAATTCTGGCCTT	unresolved
AGAGAGCCAGGTTACT	unresolved
AGAGAGCTCCTGATAG	unresolved
AGAGCAGTCCTTACCG	unresolved
AGATAGAAGCTATCCA	unresolved
AGATAGAAGGAACTAT	unresolved
AGATAGATCCGGTTCT	microglia_immune
AGATCCAAGGCCTTCG	astrocyte
AGATCCAGTAGAGGAA	oligodendrocyte_OPC
AGATCCATCACTTGTT	oligodendrocyte_OPC
AGATCGTGTACGTGAG	neuronal
AGATCGTGTGTTAGCT	oligodendrocyte_OPC
AGATCGTTCCGTTGGG	oligodendrocyte_OPC
AGATGCTTCTCCTGCA	unresolved
AGCATCAAGAAGTCAT	unresolved
AGCATCACATGGCCCA	astrocyte
AGCATCATCAGACCGC	neuronal
AGCATCATCTACACAG	neuronal
AGCCAATGTATGCTTG	neuronal
AGCCAATTCGCCCAGA	unresolved
AGCCACGAGACGAGCT	unresolved
AGCCACGAGGACGGAG	neuronal
AGCCACGCACAAGTGG	astrocyte
AGCCAGCAGGGATCAC	astrocyte
AGCCAGCTCCGTACGG	unresolved
AGCGATTAGGCGAAGG	oligodendrocyte_OPC
AGCGCCAAGCGGGTAT	unresolved
AGCGCCAAGTGAGCCA	microglia_immune
AGCGCCATCCTTCTAA	oligodendrocyte_OPC
AGCGCTGAGCCACAAG	oligodendrocyte_OPC
AGCGCTGAGCTTGTTG	unresolved
AGCGTATTCAGCCTCT	oligodendrocyte_OPC
AGCGTATTCTTGGTGA	unresolved
AGCGTCGCACTTCTCG	neuronal
AGCTACAGTATCGAGG	microglia_immune
AGCTACAGTGAATAAC	oligodendrocyte_OPC
AGCTACAGTGAATATG	unresolved
AGCTCAATCATCCTAT	oligodendrocyte_OPC
AGCTTCCCACAAGGTG	ambiguous_or_doublet
AGCTTCCGTTACTCAG	unresolved
AGGAAATAGTTCTCTT	neuronal
AGGAAATTCGCGAAGA	microglia_immune
AGGAATAAGGCCTTGC	oligodendrocyte_OPC
AGGAATACATACGCAT	neuronal
AGGAATAGTGGTTTGT	oligodendrocyte_OPC
AGGAATATCGGCATCG	unresolved
AGGACTTGTCGCCTAG	astrocyte
AGGAGGTAGACGGAAA	astrocyte
AGGAGGTTCCAACTGA	unresolved
AGGATAAAGGAAAGTG	astrocyte
AGGATAACACAAGTGG	microglia_immune
AGGATCTAGCCAAGCA	oligodendrocyte_OPC
AGGATCTAGTTCGGTT	unresolved
AGGATCTTCCGCGATG	oligodendrocyte_OPC
AGGCATTAGCAACTTC	vascular
AGGCATTAGGAGGCAG	neuronal
AGGCATTTCGCCTTGT	neuronal
AGGCCACCAGGTGAGT	oligodendrocyte_OPC
AGGCCACTCACTTCTA	astrocyte
AGGCCACTCGTCGACG	unresolved
AGGCTGCCAAAGCTCT	ambiguous_or_doublet
AGGCTGCTCCCATTCG	oligodendrocyte_OPC
AGGGAGTAGCTTACGT	astrocyte
AGGGAGTAGTTACGAA	unresolved
AGGGCCTAGATGGCAC	unresolved
AGGGCCTAGTACTGTC	unresolved
AGGGCCTGTCCTTGTC	oligodendrocyte_OPC
AGGGCCTTCCAAGGGA	oligodendrocyte_OPC
AGGGCTCAGTCATCGT	microglia_immune
AGGGTCCAGAAGTCTA	neuronal
AGGGTCCAGAGCATCG	astrocyte
AGGGTCCAGCAGCGAT	oligodendrocyte_OPC
AGGGTCCCAAGCTGCC	astrocyte
AGGGTCCCAATTGAAG	oligodendrocyte_OPC
AGGGTCCCAGTATTCG	vascular
AGGGTCCTCCTAGCGG	neuronal
AGGGTTTCAGACAATA	neuronal
AGGTAGGGTTTACACG	oligodendrocyte_OPC
AGGTCATTCATTGAGC	unresolved
AGGTCATTCTAGTACG	astrocyte
AGGTCTAAGCTAGCCC	vascular
AGGTCTAGTGCTCTCT	unresolved
AGGTGTTAGCATGCGA	vascular
AGGTGTTCAAAGCTAA	vascular
AGGTGTTTCCCTCAAC	neuronal
AGGTTACTCCCTTCCC	neuronal
AGGTTACTCTATCCAT	oligodendrocyte_OPC
AGGTTGTGTTATCCAG	unresolved
AGTAACCCAGCTGTTA	ambiguous_or_doublet
AGTAACCCATTGTACG	neuronal
AGTACCACAAGAGAGA	oligodendrocyte_OPC
AGTACCACAGAGGTTG	astrocyte
AGTACTGAGAGGTGCT	neuronal
AGTACTGCACTTCAAG	unresolved
AGTAGCTAGCAAGTCG	unresolved
AGTAGCTAGGGAGTGG	astrocyte
AGTAGTCAGTCATCCA	neuronal
AGTAGTCCATACCAGT	unresolved
AGTCAACCACGGGCTT	unresolved
AGTCAACTCTTTCTAG	neuronal
AGTCACACAATTGCTG	unresolved
AGTCACACACCCAAGC	oligodendrocyte_OPC
AGTCACACATTACGGT	astrocyte
AGTCATGAGAGAGTTT	astrocyte
AGTCATGTCCAAGCAT	unresolved
AGTCTCCGTGGCTACC	unresolved
AGTGACTAGGATACAT	unresolved
AGTGATCAGGTGCTTT	unresolved
AGTGATCGTAGATCGG	neuronal
AGTGATCGTGACTGAG	astrocyte
AGTGCCGAGGTCATAA	neuronal
AGTGCCGGTACAGCGA	unresolved
AGTGCCGGTCCGCAGT	neuronal
AGTGTTGCAACAGAGC	oligodendrocyte_OPC
AGTGTTGCACCCATAA	oligodendrocyte_OPC
AGTTAGCTCGTAACCA	astrocyte
AGTTCCCTCTACACAG	astrocyte
ATACCGAGTACAGTTC	unresolved
ATACCGATCATTCGGA	astrocyte
ATACCTTGTATTGCCA	neuronal
ATACCTTGTCATCGCG	unresolved
ATACCTTGTCTACAGT	unresolved
ATACCTTGTGCAATGG	oligodendrocyte_OPC
ATACTTCAGATGTTAG	oligodendrocyte_OPC
ATAGACCGTTAGCTAC	unresolved
ATAGAGACAAGAATAC	oligodendrocyte_OPC
ATAGAGACATCTGGGC	astrocyte
ATAGAGATCTGAATCG	microglia_immune
ATAGGCTCAGACACAG	unresolved
ATATCCTTCCTACAAG	unresolved
ATCACAGCAATCGCAT	unresolved
ATCACGACAACCGTAT	unresolved
ATCACGACACGGCTAC	oligodendrocyte_OPC
ATCACGACATTGCAAC	vascular
ATCACGAGTTTCCAAG	neuronal
ATCACGATCATGGAGG	oligodendrocyte_OPC
ATCACTTGTCCGGACT	neuronal
ATCAGGTAGGCAGTCA	unresolved
ATCAGGTCACTACTTT	oligodendrocyte_OPC
ATCAGGTTCTCGCTCA	astrocyte
ATCATTCAGCCTATTG	neuronal
ATCATTCCACCGCTAG	unresolved
ATCCACCAGGTTTGAA	unresolved
ATCCACCGTCGCAGTC	unresolved
ATCCACCTCCAGTGTA	neuronal
ATCCACCTCTCGGTAA	unresolved
ATCCATTCAGAATTCC	astrocyte
ATCCATTTCAGTGCGC	microglia_immune
ATCCATTTCCGCGATG	astrocyte
ATCCCTGGTGTTCCAA	unresolved
ATCCGTCTCGACGTCG	neuronal
ATCGATGTCCAACACA	microglia_immune
ATCGATGTCGCAGTTA	vascular
ATCGATGTCGTTGTGA	oligodendrocyte_OPC
ATCGCCTAGGCCATAG	unresolved
ATCGCCTCAAATGCGG	astrocyte
ATCGGATCAGGCCTGT	unresolved
ATCGGATCATGGAAGC	unresolved
ATCGGATGTGCGGATA	microglia_immune
ATCGGATGTGTAGGAC	unresolved
ATCGGATTCCGAGTGC	astrocyte
ATCGGCGAGGGAGGTG	unresolved
ATCGGCGCAGTAGAGC	neuronal
ATCGGCGGTCTGATCA	unresolved
ATCGGCGTCTCAACCC	astrocyte
ATCGTAGGTTTCGTTT	astrocyte
ATCGTCCCACATGAAA	microglia_immune
ATCTTCACAAATACAG	unresolved
ATCTTCATCACGTAGT	microglia_immune
ATGAAAGGTTTGAACC	unresolved
ATGAAAGTCATTTGTC	unresolved
ATGACCACAGCTACAT	neuronal
ATGACCACAGGATGAC	neuronal
ATGACCATCGGTCAGC	unresolved
ATGAGGGGTACGCGTC	oligodendrocyte_OPC
ATGAGGGGTCTTACTT	unresolved
ATGAGGGGTGAGAACC	unresolved
ATGAGGGTCACTGCTC	astrocyte
ATGAGTCCATGCGTGC	oligodendrocyte_OPC
ATGAGTCGTACTCAAC	oligodendrocyte_OPC
ATGAGTCGTGTATACC	neuronal
ATGATCGAGGCTAACG	unresolved
ATGATCGAGGTTATAG	astrocyte
ATGATCGCAACCTAAC	neuronal
ATGATCGTCAGTGTTG	unresolved
ATGATCGTCGGAATGG	oligodendrocyte_OPC
ATGATCGTCGGCGATC	unresolved
ATGCATGAGTCCTGCG	oligodendrocyte_OPC
ATGCATGGTCAAGGCA	oligodendrocyte_OPC
ATGCCTCCAGCGTAGA	oligodendrocyte_OPC
ATGCGATCAAATGCGG	microglia_immune
ATGGATCAGGTATAGT	ambiguous_or_doublet
ATGGATCGTCACTCGG	oligodendrocyte_OPC
ATGGGAGCATCCGGTG	oligodendrocyte_OPC
ATGGGTTCAGTCAGAG	microglia_immune
ATGGGTTGTAATGCTC	neuronal
ATGGGTTGTAGACTGG	oligodendrocyte_OPC
ATGGGTTTCCGTGTAA	unresolved
ATGGTTGAGTGTTCAC	unresolved
ATGGTTGTCCATTTAC	astrocyte
ATGTCCCCACGCGTGT	unresolved
ATGTCCCGTATGCGGA	astrocyte
ATGTCTTAGCTTGTGT	astrocyte
ATGTCTTAGGTAAGTT	unresolved
ATGTCTTTCAACCCGG	oligodendrocyte_OPC
ATTACCTAGCGGGTAT	unresolved
ATTACTCAGCATCCCG	neuronal
ATTACTCAGGTCTGGA	unresolved
ATTACTCTCGCCTTTG	astrocyte
ATTCACTCAACTTGGT	astrocyte
ATTCACTGTACCGCGT	unresolved
ATTCACTTCTCGTGGG	oligodendrocyte_OPC
ATTCACTTCTTAGCTT	astrocyte
ATTCCATAGGGTACAC	microglia_immune
ATTCCATCACACTGGC	oligodendrocyte_OPC
ATTCCATCAGGCACAA	unresolved
ATTCCCGTCCGAGAAG	ambiguous_or_doublet
ATTCCTAGTCACTGAT	oligodendrocyte_OPC
ATTCCTAGTGACCTGC	unresolved
ATTCCTAGTTCTTAGG	oligodendrocyte_OPC
ATTCGTTCATCGGAAG	unresolved
ATTCGTTTCGAACTCA	astrocyte
ATTCGTTTCGAAGGAC	unresolved
ATTCTACCAGAGATGC	oligodendrocyte_OPC
ATTCTTGCACTGGATT	unresolved
ATTGTTCGTCTGTGGC	unresolved
ATTTACCAGTCATGGG	astrocyte
ATTTACCCAAGACCGA	neuronal
ATTTACCGTGCCGAAA	oligodendrocyte_OPC
ATTTCACCACATGACT	unresolved
ATTTCACTCCATCTAT	neuronal
ATTTCTGCAATGAGCG	unresolved
CAAAGAACACACCTTC	unresolved
CAAAGAAGTTACACAC	unresolved
CAACAACAGGTTGTTC	unresolved
CAACAACGTGCAGGAT	neuronal
CAACAGTCACTGTGAT	unresolved
CAACCAACACTCTGCT	astrocyte
CAACCAACATCTCCCA	neuronal
CAACCAATCTCCATAT	oligodendrocyte_OPC
CAACCTCCATGTCTAG	oligodendrocyte_OPC
CAACCTCGTCTCTCTG	neuronal
CAACGATTCAAAGAAC	oligodendrocyte_OPC
CAACGGCCAGCTACCG	neuronal
CAACGGCGTCCTGTCT	unresolved
CAACGGCGTTGGTACT	oligodendrocyte_OPC
CAAGAGGCATTGAGCT	neuronal
CAAGAGGTCCAGTTCC	neuronal
CAAGCTAGTAACTAAG	microglia_immune
CAATACGCATGTTCAG	microglia_immune
CAATCGACACATACTG	astrocyte
CAATCGATCCACGAAT	astrocyte
CAATGACAGAAGCGGG	microglia_immune
CAATGACGTCGTCTCT	oligodendrocyte_OPC
CAATGACTCCCAGTGG	unresolved
CAATGACTCGATTGGT	unresolved
CAATTTCCAAATGGTA	neuronal
CAATTTCGTCCCGCAA	neuronal
CACACAACAGTAGAGC	oligodendrocyte_OPC
CACAGGCCAAGATTGA	oligodendrocyte_OPC
CACATGAAGGTAAAGG	microglia_immune
CACATGACAAGCACAG	unresolved
CACATGACAGACCTAT	unresolved
CACCAAACACGACGTC	neuronal
CACCAAAGTAACTTCG	neuronal
CACCGTTCATTAGGAA	astrocyte
CACCGTTTCTCTATAC	oligodendrocyte_OPC
CACGAATTCGTCGCTT	microglia_immune
CACGGGTAGCACACAG	unresolved
CACGGGTTCCATGAGT	astrocyte
CACGGGTTCTAAGGAA	unresolved
CACGTGGCAACGATCT	unresolved
CACGTTCAGATAGCTA	neuronal
CACGTTCCACTGGAAG	unresolved
CACGTTCCATCGGATT	ambiguous_or_doublet
CACGTTCTCGAACGGA	oligodendrocyte_OPC
CACTGAAAGAGGCCAT	unresolved
CACTGAACAACGGCTC	astrocyte
CACTGAAGTAATCAAG	unresolved
CACTGAATCACCCTTG	microglia_immune
CACTGAATCATCACTT	neuronal
CACTGGGCACCAACAT	oligodendrocyte_OPC
CACTGGGTCAGATTGC	unresolved
CACTGTCCACCAGTAT	unresolved
CACTTCGCAGAGAGGG	unresolved
CACTTCGGTACCTGTA	unresolved
CAGAGCCCAATCCTTT	neuronal
CAGAGCCTCATGTCTT	oligodendrocyte_OPC
CAGATACTCCTCGATC	oligodendrocyte_OPC
CAGATCAAGAAATTCG	unresolved
CAGATCACATGTGCCG	astrocyte
CAGATCAGTTTACTGG	unresolved
CAGATTGCAGAGGAAA	unresolved
CAGCAATCAGAGTGTG	oligodendrocyte_OPC
CAGCAATGTCCTCCTA	oligodendrocyte_OPC
CAGCAATGTGCGTTTA	oligodendrocyte_OPC
CAGCAATGTGTCTAAC	microglia_immune
CAGCACGAGTCCGCGT	oligodendrocyte_OPC
CAGCAGCAGGTTGACG	neuronal
CAGCAGCGTAGAATGT	astrocyte
CAGCAGCTCTCCAAGA	neuronal
CAGCCAGAGACGTCGA	unresolved
CAGCCAGAGTTGCGAG	unresolved
CAGCCAGCAATCCAGT	astrocyte
CAGCCAGGTAATACCC	oligodendrocyte_OPC
CAGCGTGAGCGACTTT	unresolved
CAGCGTGAGGGATCGT	neuronal
CAGCGTGGTAGAGTTA	neuronal
CAGGCCAAGAACTCCT	oligodendrocyte_OPC
CAGGCCAAGTCAGCCC	oligodendrocyte_OPC
CAGGCCAGTGGACTGA	neuronal
CAGGCCATCAACCTCC	neuronal
CAGGGCTAGAACCCGA	unresolved
CAGGGCTAGCATCAAA	unresolved
CAGGGCTTCACGATAC	unresolved
CAGGGCTTCTTAGGAC	unresolved
CAGGTATCAGACATCT	unresolved
CAGGTATGTCAAGCGA	oligodendrocyte_OPC
CAGTGCGTCACCTCGT	unresolved
CAGTTAGAGCGCCTAC	astrocyte
CAGTTAGAGGTAGTCG	oligodendrocyte_OPC
CAGTTAGGTCACTCAA	unresolved
CAGTTCCCAACTGAAA	neuronal
CAGTTCCCACACTTAG	oligodendrocyte_OPC
CAGTTCCCATCTAACG	unresolved
CAGTTCCTCCCTCATG	astrocyte
CATAAGCCAGCAGTCC	unresolved
CATAAGCCATCGGTTA	neuronal
CATAAGCTCGTAGGAG	unresolved
CATACAGAGCGCCTCA	oligodendrocyte_OPC
CATACAGGTCGCTTAA	oligodendrocyte_OPC
CATACTTAGCCTCATA	unresolved
CATACTTCAAGCGCAA	unresolved
CATACTTCATCCTATT	astrocyte
CATAGACCAATGGGTG	oligodendrocyte_OPC
CATAGACGTACGCTAT	oligodendrocyte_OPC
CATAGACTCGACCATA	oligodendrocyte_OPC
CATCCACGTCAGCGTC	astrocyte
CATCCACGTCCTGTTC	astrocyte
CATCCACTCAACCCGG	microglia_immune
CATCCCAAGGTAAAGG	unresolved
CATCCCAGTCCAAGAG	oligodendrocyte_OPC
CATCCCAGTGACAACG	unresolved
CATCCCATCGAGTGAG	unresolved
CATCCGTCAGTAGTTC	oligodendrocyte_OPC
CATCGCTAGTCATGAA	astrocyte
CATCGGGCATAGTCGT	astrocyte
CATCGGGGTGGGTTGA	astrocyte
CATCGGGTCCGTGTAA	unresolved
CATCGTCCACGCTTAA	unresolved
CATCGTCGTAACGCGA	unresolved
CATGAGTCAGACCTAT	astrocyte
CATGCAAGTTAGCGGA	neuronal
CATGCAATCCTCGATC	astrocyte
CATGCCTCATAGCTGT	astrocyte
CATGCGGAGACTCAAA	neuronal
CATGCGGCAGATACTC	neuronal
CATGCGGGTGCCGTTG	neuronal
CATGCTCCAGATCCTA	neuronal
CATGGATCAGAGTGTG	oligodendrocyte_OPC
CATGGATCAGGGACTA	neuronal
CATGGATCATGACGTT	neuronal
CATGGATGTATGATCC	unresolved
CATGGTACAGAGTGTG	astrocyte
CATGGTATCGTTCTGC	microglia_immune
CATTCATAGAGGCCAT	astrocyte
CATTCATCATTAAGCC	ambiguous_or_doublet
CATTCCGAGAGTCGAC	unresolved
CATTCTAGTCGTCAGC	astrocyte
CATTCTAGTGCTCCGA	ambiguous_or_doublet
CATTGAGCACCGTACG	oligodendrocyte_OPC
CATTGCCGTCTGTAAC	unresolved
CATTGTTGTCGCGTCA	neuronal
CATTTCAGTACCGCGT	unresolved
CATTTCATCGAACGGA	unresolved
CCAAGCGCACCAAATC	neuronal
CCAAGCGCATGACTCA	unresolved
CCAAGCGCATTGGGAG	oligodendrocyte_OPC
CCAATTTAGAGTACCG	astrocyte
CCAATTTTCTACCCAC	oligodendrocyte_OPC
CCACAAACAAATCAAG	unresolved
CCACAAAGTATGAGCG	neuronal
CCACAAAGTGCTCGTG	vascular
CCACAAATCCTTCTAA	oligodendrocyte_OPC
CCACAAATCTCTGGTC	microglia_immune
CCACACTCATAGACTC	oligodendrocyte_OPC
CCACCATAGCTCTATG	oligodendrocyte_OPC
CCACCATCAGAACTCT	unresolved
CCACGAGCAAGGCTTT	astrocyte
CCACGAGGTAATTGGA	unresolved
CCACGAGGTCGTGATT	unresolved
CCACGAGTCCTGTTAT	microglia_immune
CCACGAGTCCTTTAGT	oligodendrocyte_OPC
CCACGTTCAAGGCGTA	neuronal
CCACGTTTCATGGATC	unresolved
CCACTTGAGTTCCTGA	astrocyte
CCACTTGCAAGTGATA	unresolved
CCACTTGCACAATCTG	neuronal
CCACTTGGTGTCACAT	vascular
CCACTTGTCGATGGAG	unresolved
CCATAAGAGTCGAGGT	neuronal
CCATAAGCACCCTATC	unresolved
CCATAAGCAGTTCCAA	unresolved
CCATCACAGGAACGTC	neuronal
CCATCACCATAGGTAA	microglia_immune
CCCAACTGTAACGATA	astrocyte
CCCATTGAGATCGGTG	unresolved
CCCATTGCAATAGTAG	unresolved
CCCATTGGTTGCAACT	oligodendrocyte_OPC
CCCGAAGGTTGGTAGG	neuronal
CCCGAAGTCTATTTCG	vascular
CCCGGAAAGGCGACAT	oligodendrocyte_OPC
CCCGGAAGTCAACGCC	unresolved
CCCGGAAGTGGATCAG	unresolved
CCCGGAATCTAAACGC	vascular
CCCGGAATCTGTGCGG	oligodendrocyte_OPC
CCCTAACCAACCCGCA	neuronal
CCCTAACCAATAACCC	oligodendrocyte_OPC
CCCTAACCATACCGTA	unresolved
CCCTAACTCAGCGCAC	oligodendrocyte_OPC
CCCTCAAAGAATTGCA	oligodendrocyte_OPC
CCCTCAACAATAGGGC	microglia_immune
CCCTCTCAGAGCAGCT	neuronal
CCCTCTCAGTCACGAG	oligodendrocyte_OPC
CCCTGATTCCAGCACG	oligodendrocyte_OPC
CCCTTAGTCACGGTCG	neuronal
CCCTTAGTCGATGCTA	oligodendrocyte_OPC
CCGAACGAGGTCATCT	unresolved
CCGAACGCAGCTCGGT	vascular
CCGATGGCAAGAGTGC	vascular
CCGATGGTCTACTTCA	astrocyte
CCGCAAGTCATTTCCA	microglia_immune
CCGGACACAGCTGTTA	unresolved
CCGGACATCCTGGGTG	oligodendrocyte_OPC
CCGGGTACATCGCTAA	unresolved
CCGGGTAGTCTTACTT	oligodendrocyte_OPC
CCGGGTATCTCCTGAC	neuronal
CCGGTAGAGCAACTTC	oligodendrocyte_OPC
CCGGTAGCACCTTCGT	unresolved
CCGGTAGGTACGATGG	unresolved
CCGGTAGGTACTCGAT	unresolved
CCGGTAGTCTGTCAGA	microglia_immune
CCGTAGGTCGCCGAGT	ambiguous_or_doublet
CCGTGAGTCTAATTCC	astrocyte
CCGTTCAAGCTTTCTT	oligodendrocyte_OPC
CCGTTCAGTGGGTATG	neuronal
CCGTTCATCAAACCCA	unresolved
CCGTTCATCCATTTCA	neuronal
CCGTTCATCTAATTCC	unresolved
CCTAACCTCTGAGGTT	oligodendrocyte_OPC
CCTAAGAGTCTGTAAC	vascular
CCTACGTGTGGAACCA	unresolved
CCTACGTGTTAGAAGT	neuronal
CCTACGTTCCGTGTCT	unresolved
CCTACGTTCTTCGTGC	microglia_immune
CCTATCGAGAAGAACG	neuronal
CCTATCGCAACGATTC	oligodendrocyte_OPC
CCTATCGGTACCTAAC	unresolved
CCTATCGGTATTGCCA	astrocyte
CCTCAACCATACATCG	neuronal
CCTCAACCATAGGTAA	oligodendrocyte_OPC
CCTCAACGTTATGGTC	astrocyte
CCTCACAGTGAGCTCC	unresolved
CCTCACAGTGTTAACC	unresolved
CCTCAGTCACCTCTAC	unresolved
CCTCATGCAATTGCCA	microglia_immune
CCTCATGCATAGCTGT	unresolved
CCTCCTCAGCCTCACG	unresolved
CCTCCTCCAGTCCCGA	unresolved
CCTCTAGCAGGTACGA	unresolved
CCTCTAGTCAAAGAAC	unresolved
CCTCTAGTCTTACGTT	neuronal
CCTCTCCAGCCTGACC	microglia_immune
CCTCTCCTCCTAGAGT	unresolved
CCTGCATAGCAGCACA	unresolved
CCTGCATGTAGGTACG	unresolved
CCTTCAGGTAGCTTTG	unresolved
CCTTCAGTCGATACTG	oligodendrocyte_OPC
CCTTGTGAGAAGCTCG	astrocyte
CCTTGTGCACTCCCTA	unresolved
CCTTGTGCAGCTGTTA	neuronal
CCTTTGGCAAACGTGG	astrocyte
CGAAGGAAGTCGGCAA	vascular
CGAAGGAGTTAGGCCC	oligodendrocyte_OPC
CGAAGTTGTAGATCGG	neuronal
CGAAGTTTCCAATGCA	astrocyte
CGAATTGGTTCGGCGT	unresolved
CGACAGCCAAGTAGTA	unresolved
CGAGGCTCATGAAGGC	astrocyte
CGAGTGCAGCAAATGT	unresolved
CGAGTGCTCCTTCTAA	oligodendrocyte_OPC
CGATGCGAGACGATAT	microglia_immune
CGATGCGAGGGTTGCA	astrocyte
CGATGCGAGTCATTGC	unresolved
CGATGCGCACTTTAGG	unresolved
CGATGCGCAGAACTCT	unresolved
CGATGCGCATTGACCA	oligodendrocyte_OPC
CGATGCGGTCCGGATC	vascular
CGATGCGGTTTCGTGA	astrocyte
CGATGGCCAAGGTCGA	neuronal
CGATGGCCATGTAACC	oligodendrocyte_OPC
CGCAGGTGTATTGAGA	astrocyte
CGCAGGTGTTCAGTAC	vascular
CGCATAAAGCTACTAC	oligodendrocyte_OPC
CGCATAAAGTGTACCT	unresolved
CGCATAACAGTCTTCC	ambiguous_or_doublet
CGCCAGAAGTTACGTC	unresolved
CGCCAGATCACTTCTA	microglia_immune
CGCCAGATCCGGCAAC	oligodendrocyte_OPC
CGCCATTAGCGTGCCT	unresolved
CGCGTGACACGCCAGT	oligodendrocyte_OPC
CGGAACCAGCCTGTGC	astrocyte
CGGAACCTCGTGTGAT	unresolved
CGGAATTCAAACTCGT	oligodendrocyte_OPC
CGGAATTCACCAGCGT	astrocyte
CGGAATTGTAATGCGG	oligodendrocyte_OPC
CGGAATTGTCACAATC	unresolved
CGGAATTGTCTATGAC	oligodendrocyte_OPC
CGGACACCACAGCGCT	oligodendrocyte_OPC
CGGACACCATACAGGG	microglia_immune
CGGACACGTAAGTTAG	oligodendrocyte_OPC
CGGACACGTGGCTGCT	neuronal
CGGAGAACACCGTACG	oligodendrocyte_OPC
CGGCAGTAGAAACCCG	neuronal
CGGCAGTCAATTTCCT	unresolved
CGGCAGTTCGCATAGT	astrocyte
CGGGACTGTTATGACC	unresolved
CGGGACTTCGTCGACG	unresolved
CGGGCATAGGCATCAG	unresolved
CGGGCATAGGGCAAGG	unresolved
CGGGCATCATCGCTCT	oligodendrocyte_OPC
CGGGCATGTCCACGCA	oligodendrocyte_OPC
CGGGCATGTCTGGTTA	neuronal
CGGGTCAAGACGGTTG	microglia_immune
CGGGTCAAGGGTAATT	unresolved
CGGGTCAAGGTAGCCA	unresolved
CGGGTCAGTGGAAGTC	neuronal
CGGGTCAGTGTTACTG	oligodendrocyte_OPC
CGGGTCAGTGTTTCTT	neuronal
CGGGTGTGTACCAATC	neuronal
CGGGTGTGTAGCTTTG	unresolved
CGGGTGTGTCAAAGAT	astrocyte
CGTAAGTCAGGACTTT	unresolved
CGTAATGCAAGCTGTT	astrocyte
CGTAATGGTGGAACCA	unresolved
CGTAATGTCATCTCTA	oligodendrocyte_OPC
CGTAGTATCGAAGGAC	astrocyte
CGTAGTATCGCATTAG	unresolved
CGTCAAAAGGGCCAAT	microglia_immune
CGTCCATCAGACGCTC	unresolved
CGTGAATGTTATCTGG	unresolved
CGTGAATTCACCGCTT	unresolved
CGTGATAAGCATGCGA	neuronal
CGTGATAAGGTTGACG	unresolved
CGTGATACAGAAGTTA	oligodendrocyte_OPC
CGTGATACAGGCTTGC	neuronal
CGTGATAGTGAGGCAT	astrocyte
CGTGATATCCAAATGC	oligodendrocyte_OPC
CGTGCTTAGAGGTCGT	astrocyte
CGTGCTTAGCCTGGAA	neuronal
CGTGCTTCAATCAAGA	unresolved
CGTGCTTGTTTACACG	unresolved
CGTGCTTTCTCAGGCG	unresolved
CGTGTCTGTTGGACCC	neuronal
CGTTCTGTCAGACATC	oligodendrocyte_OPC
CTAACTTAGTAGACAT	unresolved
CTAACTTCAATACGAA	neuronal
CTAACTTCACATATCG	unresolved
CTAAGTGGTGTGTCGC	oligodendrocyte_OPC
CTAAGTGTCGACGATT	neuronal
CTACAGAGTTGGGCCT	oligodendrocyte_OPC
CTACATTCACTGTCCT	unresolved
CTACATTTCATCACCC	neuronal
CTACCCAAGTATCTGC	oligodendrocyte_OPC
CTACCCAGTCTGTCCT	unresolved
CTACCCAGTTCACCGG	vascular
CTACCCATCGCAGATT	neuronal
CTACCCATCTTCTAAC	oligodendrocyte_OPC
CTACCTGCAAATGAAC	astrocyte
CTACCTGTCACTAGCA	astrocyte
CTACCTGTCCTTCTTC	unresolved
CTACGGGCAACGGCTC	unresolved
CTACGGGTCTAGCCAA	oligodendrocyte_OPC
CTACTATGTTCGAAGG	microglia_immune
CTAGGTAAGTAATCCC	astrocyte
CTAGGTAGTCCTTGTC	astrocyte
CTATAGGCACAAGGTG	neuronal
CTATAGGGTCGTCATA	oligodendrocyte_OPC
CTATCCGCAACGCATT	astrocyte
CTATCCGCATGCCGGT	astrocyte
CTATCCGTCCTCTCTT	oligodendrocyte_OPC
CTATCTATCAAACGAA	neuronal
CTCAAGAAGGCTTCCG	unresolved
CTCAAGACAGTTAGGG	unresolved
CTCAATTAGTTAACGA	neuronal
CTCAATTGTCTGTCAA	astrocyte
CTCAATTTCACTGGTA	oligodendrocyte_OPC
CTCAATTTCTACGGTA	oligodendrocyte_OPC
CTCACTGGTACGAAAT	microglia_immune
CTCAGAAAGGACAACC	unresolved
CTCAGAAGTACCGCGT	unresolved
CTCAGGGAGCATCAGG	unresolved
CTCAGGGAGTGATCGG	astrocyte
CTCAGGGCAGCGTGAA	neuronal
CTCAGGGTCATGGCCG	neuronal
CTCAGGGTCCGGGACT	oligodendrocyte_OPC
CTCAGGGTCTAGATCG	ambiguous_or_doublet
CTCAGTCCACAGTACT	neuronal
CTCAGTCGTTGCACGC	oligodendrocyte_OPC
CTCAGTCTCGCGATCG	unresolved
CTCATCGAGCTTTCCC	neuronal
CTCATCGCAGATCCTA	neuronal
CTCATCGGTGTGCCTG	microglia_immune
CTCATCGTCCTACGAA	oligodendrocyte_OPC
CTCATGCAGGATACCG	astrocyte
CTCATGCCACTGTCCT	astrocyte
CTCATGCCATGAGGGT	oligodendrocyte_OPC
CTCATGCCATGGCTAT	neuronal
CTCCAACCATCGATGT	astrocyte
CTCCAACTCTTGGTCC	vascular
CTCCACACAACAAGAT	oligodendrocyte_OPC
CTCCACATCGTTCGCT	unresolved
CTCCACATCTTGGATG	unresolved
CTCCATGAGCGTGTTT	unresolved
CTCCATGCATGGCCAC	unresolved
CTCCATGTCCTACGAA	oligodendrocyte_OPC
CTCCATGTCGCTCCTA	oligodendrocyte_OPC
CTCCCAACAGTCTACA	unresolved
CTCCCAACATAGATCC	neuronal
CTCCCAAGTACCAGAG	oligodendrocyte_OPC
CTCCCAAGTGTGAATA	neuronal
CTCCCAATCGCGTGAC	neuronal
CTCCCTCTCGTTGCCT	astrocyte
CTCCGATAGGGACTGT	neuronal
CTCCTCCAGACGATAT	microglia_immune
CTCCTCCGTACCGTGC	unresolved
CTCCTTTGTACCGGAA	neuronal
CTCCTTTTCCGTGCGA	unresolved
CTCGAGGAGTCGTCTA	astrocyte
CTCTCAGAGTATGGAT	unresolved
CTCTCAGCATCGATCA	oligodendrocyte_OPC
CTCTCGAAGAGCCCAA	unresolved
CTCTCGATCACAACCA	unresolved
CTCTCGATCGAGAGAC	oligodendrocyte_OPC
CTGAATGCAGAAGCGT	astrocyte
CTGAATGGTATTGAGA	unresolved
CTGAATGTCGATTTCT	oligodendrocyte_OPC
CTGAGGCAGAGGTTAT	astrocyte
CTGAGGCTCTAACGGT	neuronal
CTGATCCCAATCCAGT	unresolved
CTGATCCTCGGTAGAG	oligodendrocyte_OPC
CTGCATCAGCCTATCA	unresolved
CTGCATCCAAGGCGTA	unresolved
CTGCCATTCCTTCTGG	neuronal
CTGCCATTCTGCGGAC	oligodendrocyte_OPC
CTGCCTAGTTCGTTCC	oligodendrocyte_OPC
CTGCGAGAGGTAACTA	microglia_immune
CTGCGAGCAACCTATG	oligodendrocyte_OPC
CTGCGAGTCCCATGGG	unresolved
CTGCTCAAGTTACGAA	unresolved
CTGCTCACAATCGCAT	oligodendrocyte_OPC
CTGCTCACACAGCCAC	unresolved
CTGCTCACATCTCATT	unresolved
CTGCTCAGTCTGTTAG	unresolved
CTGGACGTCTCTCTAA	unresolved
CTGGCAGAGATGCAGC	astrocyte
CTGTACCGTCCCGGTA	unresolved
CTGTACCTCACAATGC	unresolved
CTGTAGAAGGGTTTCT	neuronal
CTGTAGAAGTAGTCAA	neuronal
CTGTAGACATTGCCTC	microglia_immune
CTGTAGATCTACGGGC	neuronal
CTGTATTTCCGTTGGG	astrocyte
CTGTCGTAGCTGACAG	oligodendrocyte_OPC
CTGTCGTCAATCCTTT	unresolved
CTGTGAAAGCTGAAGC	unresolved
CTGTGAACAGCCATTA	unresolved
CTGTGAATCACTGAAC	astrocyte
CTGTGGGAGTTTCGAC	neuronal
CTGTGGGGTAAGCGGT	unresolved
CTGTGGGTCCGAGGCT	oligodendrocyte_OPC
CTTACCGAGGTAAACT	neuronal
CTTACCGCATGCGGTC	neuronal
CTTACCGTCACCATGA	microglia_immune
CTTAGGAGTGGTCTTA	unresolved
CTTCAATAGGGACACT	unresolved
CTTCAATCATCGTGCG	oligodendrocyte_OPC
CTTCAATCATGCGTGC	unresolved
CTTCAATTCAATCTCT	unresolved
CTTCCGAAGGATACCG	unresolved
CTTCCGAGTGGCTACC	unresolved
CTTCCGATCGTTACCC	unresolved
CTTCCTTAGCGCAATG	oligodendrocyte_OPC
CTTCCTTCAAGCACAG	neuronal
CTTCGGTAGCCTGAAG	unresolved
CTTCTAAGTATGTCCA	neuronal
CTTCTCTCAAGTCGTT	astrocyte
CTTCTCTGTAGGACTG	oligodendrocyte_OPC
CTTGAGACAATTGCCA	neuronal
CTTGAGACATGACTGT	unresolved
CTTGAGACATGCCGAC	vascular
CTTGATTCACAATGCT	oligodendrocyte_OPC
CTTGATTGTGCGAGTA	neuronal
CTTTCAACAGACCTGC	oligodendrocyte_OPC
CTTTCAAGTTGCTCCT	astrocyte
CTTTCAATCGTTCCCA	unresolved
CTTTCGGCAAGGTCTT	microglia_immune
GAAACCTTCGGTCATA	neuronal
GAAACCTTCGTCAAAC	unresolved
GAAATGAAGTCCTACA	astrocyte
GAACACTTCGGAATTC	microglia_immune
GAAGCCCTCCGTACGG	neuronal
GAAGCCCTCTAGCATG	oligodendrocyte_OPC
GAAGCGAAGGTACAGC	oligodendrocyte_OPC
GAAGCGACATTGACAC	neuronal
GAAGGACTCGCGTTTC	oligodendrocyte_OPC
GAAGGGTAGAAGCGCT	unresolved
GAAGGGTCAGCAGTGA	astrocyte
GAAGGGTGTGGGCTTC	unresolved
GAATAGATCCTAGCCT	astrocyte
GAATCACGTATCGTTG	unresolved
GACACGCAGCTGAGCA	oligodendrocyte_OPC
GACACGCCATCGCTAA	neuronal
GACACGCTCGAGTCCG	unresolved
GACAGCCAGTACAGAT	oligodendrocyte_OPC
GACATCACAGCAGACA	microglia_immune
GACATCATCAACTGAC	unresolved
GACCAATCAGCCTTCT	oligodendrocyte_OPC
GACCCAGGTAGTGGCA	unresolved
GACCCAGGTGAGCGAT	oligodendrocyte_OPC
GACCCTTCATCTTAGG	neuronal
GACCCTTTCCCTCGTA	astrocyte
GACCGTGAGATGCGAC	microglia_immune
GACCGTGGTGTTCGTA	oligodendrocyte_OPC
GACCGTGTCGACATAC	neuronal
GACCGTGTCGGTATGT	neuronal
GACCTTCTCACTCCGT	unresolved
GACCTTCTCAGCGCAC	oligodendrocyte_OPC
GACGCTGGTATCAAGA	unresolved
GACGCTGGTCTACGAT	ambiguous_or_doublet
GACGTTAAGGGTTAAT	oligodendrocyte_OPC
GACGTTACACAATCTG	neuronal
GACTATGGTCCTCCTA	astrocyte
GACTCAAAGAAGTCCG	neuronal
GACTCAAAGCTGAGTG	unresolved
GACTCAACAGATAAAC	unresolved
GACTCAATCATCCTGC	oligodendrocyte_OPC
GACTCTCGTATTCCGA	microglia_immune
GACTCTCGTTTACACG	unresolved
GACTCTCTCCGATGTA	oligodendrocyte_OPC
GACTGATCACACCTGG	unresolved
GACTGATCATAAGCAA	vascular
GACTGATTCACAGAGG	unresolved
GACTTCCCAGGCATTT	astrocyte
GACTTCCTCGTGGCGT	oligodendrocyte_OPC
GAGAAATCATACGCAT	microglia_immune
GAGAAATGTTAAGACA	unresolved
GAGAAATTCCGAAGGA	oligodendrocyte_OPC
GAGAAATTCGACATAC	neuronal
GAGACCCCATCCAACA	oligodendrocyte_OPC
GAGACTTAGCACAAAT	unresolved
GAGACTTTCATGCAGT	unresolved
GAGAGGTAGAACGCGT	microglia_immune
GAGAGGTAGCCAGAGT	oligodendrocyte_OPC
GAGAGGTAGGATAATC	unresolved
GAGCCTGAGGAAAGAC	vascular
GAGCCTGCAGTTGAAA	unresolved
GAGCCTGTCTGCGAGC	unresolved
GAGCTGCAGACTTGTC	unresolved
GAGCTGCAGTATGGAT	astrocyte
GAGCTGCCAATGACCT	unresolved
GAGCTGCCAGGGATAC	neuronal
GAGCTGCTCGTTGTAG	oligodendrocyte_OPC
GAGGCAAGTAACATAG	unresolved
GAGGCCTAGCCTCATA	unresolved
GAGGCCTGTCTGTTAG	astrocyte
GAGGCCTGTTACGATC	microglia_immune
GAGGCCTTCGAAGAAT	oligodendrocyte_OPC
GAGGGATAGAGCGACT	unresolved
GAGGGATTCCGGTTCT	astrocyte
GAGGGTAGTCTCGGGT	astrocyte
GAGGGTAGTGGCTGAA	astrocyte
GAGGGTATCCATCTGC	neuronal
GAGTCATGTGTTACTG	vascular
GAGTCTAAGACGGAAA	neuronal
GAGTCTAAGGCGAACT	oligodendrocyte_OPC
GAGTGAGAGCATGCAG	ambiguous_or_doublet
GAGTGAGAGGTCACTT	astrocyte
GAGTGTTCACTGCTTC	unresolved
GAGTGTTCAGTTGTTG	unresolved
GAGTTACCAGCAATTC	astrocyte
GAGTTACTCATGCTAG	microglia_immune
GAGTTGTCACAAGGTG	unresolved
GAGTTGTCATGGGAAC	unresolved
GAGTTGTGTAAGAACT	astrocyte
GAGTTGTGTCGTACAT	neuronal
GAGTTTGGTGTCCATA	unresolved
GATAGAAAGATGTTCC	unresolved
GATAGCTAGGCATGGT	unresolved
GATAGCTGTCACGCTG	microglia_immune
GATAGCTGTCCAAAGG	unresolved
GATCACAAGCATCTTG	astrocyte
GATCACAGTATTGACC	unresolved
GATCATGAGACATAAC	microglia_immune
GATCCCTAGTCGCCCA	neuronal
GATCCCTAGTGTTGTC	microglia_immune
GATCCCTCATGTGACT	oligodendrocyte_OPC
GATCCCTGTCCTTGTC	unresolved
GATCGTACATGAGGGT	astrocyte
GATGACTAGTTCCTGA	astrocyte
GATGACTTCCGACAGC	unresolved
GATGACTTCTCACGAA	astrocyte
GATGAGGGTTTCACAG	astrocyte
GATGAGGTCTCAACCC	oligodendrocyte_OPC
GATGATCCAACCGATT	unresolved
GATGATCGTATCGCAT	astrocyte
GATGATCTCCAACCAA	astrocyte
GATGCTAAGACTCAAA	astrocyte
GATGCTATCGAGCCTG	astrocyte
GATGGAGAGCATCCTA	oligodendrocyte_OPC
GATGGAGAGGCTTAAA	unresolved
GATGTTGCATCACCAA	vascular
GATTCGAGTAGACTGG	oligodendrocyte_OPC
GATTCGATCCGGGACT	unresolved
GATTCTTTCTCCGATC	unresolved
GATTGGTCAGCTGGTC	neuronal
GATTGGTGTGAATAAC	vascular
GATTGGTTCAACTTTC	unresolved
GATTGGTTCCTCTCGA	unresolved
GCAACATCAAGAATGT	astrocyte
GCAACCGAGATTAGTG	vascular
GCAACCGCATGACCCG	unresolved
GCAACCGGTGTAAATG	unresolved
GCACGGTAGGCCCACT	ambiguous_or_doublet
GCACGGTGTGCTAGCC	oligodendrocyte_OPC
GCACGGTTCATAAGGA	neuronal
GCACGGTTCCTCAGAA	oligodendrocyte_OPC
GCACGTGAGCCTAGGA	microglia_immune
GCACGTGGTCAGTCTA	vascular
GCAGCCACAGCTATAC	oligodendrocyte_OPC
GCAGCTGCACTTCATT	oligodendrocyte_OPC
GCAGGCTCACTGCACG	oligodendrocyte_OPC
GCAGTTATCCTCCACA	unresolved
GCATCGGCAGTCGAGA	microglia_immune
GCATTAGGTGTTCGAT	neuronal
GCCAGCATCATAAGGA	astrocyte
GCCAGCATCGACCTAA	oligodendrocyte_OPC
GCCAGGTAGCGCCTAC	astrocyte
GCCAGGTGTAACCCGC	oligodendrocyte_OPC
GCCAGTGCACCCTGTT	astrocyte
GCCAGTGGTCGAACGA	oligodendrocyte_OPC
GCCATGGCATAGAATG	unresolved
GCCATGGTCATCGTAG	microglia_immune
GCCATTCCAGCTACCG	microglia_immune
GCCATTCTCACCCATC	astrocyte
GCCATTCTCGTTAGAC	microglia_immune
GCCATTCTCTTGGAAC	unresolved
GCCCGAACAGCGACCT	ambiguous_or_doublet
GCCCGAATCCGGCAGT	astrocyte
GCCGATGAGGTTGACG	neuronal
GCCGATGCACCAGCGT	oligodendrocyte_OPC
GCCGTGAGTGTGTACT	unresolved
GCCTGTTAGCATGCGA	astrocyte
GCCTGTTCATGACGAG	microglia_immune
GCCTGTTGTGCCTACG	neuronal
GCCTGTTTCGTGCACG	oligodendrocyte_OPC
GCGATCGAGCCGAATG	unresolved
GCGATCGCACTGGACC	unresolved
GCGGAAAGTGTGTCCG	unresolved
GCGGATCTCATGAGAA	unresolved
GCGTGCAAGACTAAGT	microglia_immune
GCTACAAAGCACTCTA	unresolved
GCTACAAAGTAGAATC	neuronal
GCTACAAAGTCGAAAT	vascular
GCTACCTCAAAGACGC	unresolved
GCTGAATCAATCGCGC	oligodendrocyte_OPC
GCTGAATCATCTCATT	neuronal
GCTGAATGTTACACTG	neuronal
GCTGAATTCAGACTGT	unresolved
GCTGCAGAGGTGCCTC	astrocyte
GCTGGGTAGATGGCAC	astrocyte
GCTGGGTAGCCATTCA	astrocyte
GCTGGGTGTCGTGTTA	astrocyte
GCTGGGTGTGATAGTA	neuronal
GCTTCACCACTCCTTG	unresolved
GCTTGGGCATGCCGAC	oligodendrocyte_OPC
GCTTGGGTCTAGAACC	unresolved
GCTTTCGCAGCACGAA	unresolved
GCTTTCGTCGGCAGTC	neuronal
GGAACCCAGGCCTGAA	oligodendrocyte_OPC
GGAACCCCAGCAATTC	oligodendrocyte_OPC
GGAACCCTCGATACTG	astrocyte
GGAACCCTCTATACTC	unresolved
GGAAGTGCAATAACGA	unresolved
GGAAGTGCACTGTGTA	oligodendrocyte_OPC
GGAAGTGGTACGGTTT	unresolved
GGAATCTTCACTGGGC	astrocyte
GGAATGGGTGTCTTAG	neuronal
GGAATGGGTTAATGAG	unresolved
GGAATGGTCTTTGATC	neuronal
GGACGTCAGCGTTCAT	astrocyte
GGAGAACCAGAGAGGG	oligodendrocyte_OPC
GGAGCAAAGATGACCG	unresolved
GGAGCAAAGGGCAAGG	oligodendrocyte_OPC
GGAGGATAGAATTTGG	neuronal
GGAGGATAGCGCACAA	unresolved
GGAGGATAGTGCGACA	oligodendrocyte_OPC
GGAGGATGTACGCGTC	unresolved
GGAGGATTCTACGCGG	neuronal
GGAGGATTCTCCAAGA	astrocyte
GGAGGTACATAGTCGT	oligodendrocyte_OPC
GGAGGTATCGACATTG	unresolved
GGATCTAAGGTCACAG	oligodendrocyte_OPC
GGATGTTAGTGCAGGT	unresolved
GGATGTTCAGCTAACT	unresolved
GGCACGTGTCCTCATC	unresolved
GGCACGTTCTTCGTAT	oligodendrocyte_OPC
GGCAGTCAGCTAAACA	microglia_immune
GGCAGTCAGGCTCCCA	microglia_immune
GGCAGTCCACTAAACC	ambiguous_or_doublet
GGCAGTCGTCCTGTTC	unresolved
GGCAGTCTCGATCCCT	oligodendrocyte_OPC
GGCGTCATCCATGCAA	unresolved
GGCTGTGTCCATTTCA	oligodendrocyte_OPC
GGCTTGGAGAGCTGCA	astrocyte
GGCTTGGGTACTGTTG	ambiguous_or_doublet
GGGAAGTAGAATCGTA	astrocyte
GGGAAGTGTCGTCGGT	oligodendrocyte_OPC
GGGACAAAGCACTGGA	neuronal
GGGACAACAGTGTATC	ambiguous_or_doublet
GGGACCTGTGATTCTG	neuronal
GGGACCTTCACCTCTG	oligodendrocyte_OPC
GGGACTCAGAATCGTA	microglia_immune
GGGACTCTCTGCGAGC	microglia_immune
GGGAGATCAATACGCT	astrocyte
GGGAGATCATATAGCC	unresolved
GGGAGTAAGATGGGCT	unresolved
GGGAGTAGTGGAGAAA	neuronal
GGGATCCCATTGAAGA	microglia_immune
GGGATGAGTCGCACGT	neuronal
GGGCCATAGTCACTAC	unresolved
GGGCCATGTAAGTCAA	unresolved
GGGCCATTCATTTGCT	oligodendrocyte_OPC
GGGCCATTCCCGAATA	unresolved
GGGCCATTCTTGTGCC	vascular
GGGCGTTTCATTGCGA	unresolved
GGGCTACTCGACGATT	oligodendrocyte_OPC
GGGCTCAGTACGGGAT	neuronal
GGGTAGAAGGCGAACT	astrocyte
GGGTAGATCCATAGAC	neuronal
GGGTATTGTGGACTAG	oligodendrocyte_OPC
GGGTCACAGGGCAACT	astrocyte
GGGTCTGTCACTACGA	unresolved
GGGTCTGTCGAGTGGA	oligodendrocyte_OPC
GGGTCTGTCTGGGATT	oligodendrocyte_OPC
GGGTGAAGTCTACAAC	unresolved
GGGTGAATCCAGTGCG	unresolved
GGGTGTCCAGCGTTTA	unresolved
GGGTTATCAACCGGAA	astrocyte
GGTAACTCACATCATG	unresolved
GGTAACTCAGTGGGTA	unresolved
GGTAATCAGATACTGA	neuronal
GGTAATCCATATACCG	neuronal
GGTAATCGTCAACATC	unresolved
GGTAATCGTCCTGGTG	neuronal
GGTAGAGAGCGGTAAC	astrocyte
GGTAGAGAGGTGATAT	unresolved
GGTCACGAGGCTTCCG	unresolved
GGTCTGGCATCGCCTT	microglia_immune
GGTCTGGGTCTGATAC	oligodendrocyte_OPC
GGTCTGGTCGGCATAT	unresolved
GGTGAAGAGAGTCTGG	neuronal
GGTGAAGAGCAAGTGC	unresolved
GGTGATTAGGGAGTGG	unresolved
GGTGATTAGTATGTAG	unresolved
GGTGGCTGTATTTCCT	neuronal
GGTGTCGTCCTCACCA	oligodendrocyte_OPC
GGTGTTACAAAGCGTG	neuronal
GGTGTTACAGTGAGCA	astrocyte
GGTGTTAGTGCGTGCT	unresolved
GGTTAACAGACAGCTG	neuronal
GGTTAACAGTAAACGT	astrocyte
GGTTCTCCAGAGTAAT	unresolved
GGTTCTCTCCTGTTAT	neuronal
GGTTGTAAGGTTCTAC	oligodendrocyte_OPC
GTAACACCAGAAATCA	neuronal
GTAACACCATTGCTGA	unresolved
GTAACACTCTTCGTGC	vascular
GTAACCAAGCGTCGAA	neuronal
GTAATCGAGGGCGAAG	unresolved
GTAATCGGTTGGGTAG	neuronal
GTAATCGTCATGCCAA	astrocyte
GTAATGCAGGCCACCT	unresolved
GTAATGCCAGGCATTT	unresolved
GTACAACAGTCTGCGC	neuronal
GTACAACCAGGGTCTC	vascular
GTACAGTAGGAGCTGT	oligodendrocyte_OPC
GTAGAAACATACAGCT	microglia_immune
GTAGAAAGTATAATGG	unresolved
GTAGAGGCACCCAAGC	oligodendrocyte_OPC
GTAGAGGCACGTCGGT	oligodendrocyte_OPC
GTAGAGGCATTGCCTC	unresolved
GTAGAGGGTCTGTCCT	microglia_immune
GTAGATCCAGTTTGGT	neuronal
GTAGCTAGTAACAGTA	oligodendrocyte_OPC
GTAGGAGAGCTACAAA	oligodendrocyte_OPC
GTAGGAGCATCTCCCA	astrocyte
GTAGGAGGTAAGTTGA	unresolved
GTAGGAGGTCCAAAGG	neuronal
GTAGGAGTCCAGTACA	oligodendrocyte_OPC
GTAGGTTCACTGTGTA	neuronal
GTAGGTTGTCGAACGA	neuronal
GTAGTACAGTGATGGC	unresolved
GTATTGGTCTGGAGAG	unresolved
GTATTGGTCTTCGACC	oligodendrocyte_OPC
GTATTTCAGTAGACCG	ambiguous_or_doublet
GTATTTCGTACGTAGG	unresolved
GTCAAACAGTGCACAG	unresolved
GTCAAACCAATAACCC	astrocyte
GTCAAACGTATTTCCT	unresolved
GTCAAGTAGGATTTAG	oligodendrocyte_OPC
GTCAAGTCACTTGAGT	unresolved
GTCACGGAGGTTACCT	unresolved
GTCACGGGTCACGACC	oligodendrocyte_OPC
GTCACGGGTCTCGGGT	unresolved
GTCACGGGTGAGATCG	microglia_immune
GTCACTCCAAGAGGCT	microglia_immune
GTCACTCCACCGTGAC	oligodendrocyte_OPC
GTCACTCGTCCCAAAT	astrocyte
GTCAGCGAGACCGTTT	unresolved
GTCAGCGAGTATGGCG	neuronal
GTCAGCGAGTTGAAAC	unresolved
GTCAGCGTCTTACCGC	unresolved
GTCATCCGTCACGCTG	oligodendrocyte_OPC
GTCATCCGTCCGACGT	unresolved
GTCATCCTCTGAGTCA	astrocyte
GTCATGACACGGCGTT	oligodendrocyte_OPC
GTCATGATCTCAGAAC	oligodendrocyte_OPC
GTCATTTAGCGTTAGG	oligodendrocyte_OPC
GTCATTTAGCTCAGAG	neuronal
GTCATTTCAAGAGATT	unresolved
GTCATTTGTCCCGTGA	unresolved
GTCATTTTCCATAAGC	oligodendrocyte_OPC
GTCCACTGTTCTCCCA	astrocyte
GTCCCATAGCAACTTC	unresolved
GTCCCATCAATGAAAC	oligodendrocyte_OPC
GTCCCATGTAGAATGT	unresolved
GTCCCATGTTGTCTAG	oligodendrocyte_OPC
GTCCTCAGTCCTCCTA	unresolved
GTCGAATCAACGATCT	neuronal
GTCGAATCACCTATCC	astrocyte
GTCGAATTCATTTGGG	unresolved
GTCGAATTCGCGTGAC	unresolved
GTCGCGAGTTAGAAGT	microglia_immune
GTCGTAACAGCCCACA	unresolved
GTCGTAAGTCACTTAG	neuronal
GTCGTTCCATTACGGT	unresolved
GTCGTTCGTTCCTACC	neuronal
GTCTACCGTTTACGAC	unresolved
GTCTACCTCGTAATGC	unresolved
GTCTAGAAGGAAAGTG	unresolved
GTCTCACCAGAAATTG	oligodendrocyte_OPC
GTCTCACGTGCGGCTT	neuronal
GTCTCACTCCGCATAA	neuronal
GTCTGTCAGAAGTGTT	oligodendrocyte_OPC
GTCTGTCCATGACTTG	astrocyte
GTCTGTCGTCATCCGG	oligodendrocyte_OPC
GTCTGTCTCTACCAGA	oligodendrocyte_OPC
GTCTTTATCCGTTGGG	unresolved
GTGACGCAGAGAGAAC	neuronal
GTGACGCCAAGGCAAC	oligodendrocyte_OPC
GTGACGCGTAACGATA	oligodendrocyte_OPC
GTGAGCCCAACCCTCT	unresolved
GTGAGGAAGGCACAAC	neuronal
GTGAGGACATGGCTAT	unresolved
GTGAGTTCAGCTGGTC	astrocyte
GTGAGTTTCCACAAGT	neuronal
GTGAGTTTCGCTAATG	oligodendrocyte_OPC
GTGATGTGTCGAATTC	unresolved
GTGATGTTCAACGTGT	astrocyte
GTGCACGCAAACGAGC	neuronal
GTGCACGGTTGCATGT	astrocyte
GTGCACGTCGTTCCCA	astrocyte
GTGCGTGCAGTGACCC	neuronal
GTGCTTCGTGAGTAGC	unresolved
GTGGAAGCAAGACTGG	astrocyte
GTGGAGACATGCTGCG	astrocyte
GTGGAGAGTCACTAGT	oligodendrocyte_OPC
GTGGAGAGTCGGATTT	unresolved
GTGGCGTCAATGGGTG	astrocyte
GTGGCGTCAGTACTAC	unresolved
GTGGCGTTCAGATTGC	unresolved
GTGGGAAAGTCTCGTA	neuronal
GTGGGAAAGTTGGCGA	unresolved
GTGGGAACATAACTCG	neuronal
GTGGTTAGTGCGGTAA	oligodendrocyte_OPC
GTGTCCTAGCCTCTGG	neuronal
GTGTCCTGTCACCGCA	unresolved
GTGTGATAGTCTAACC	oligodendrocyte_OPC
GTGTGGCCAGCACACC	neuronal
GTGTTAGGTAAGCAAT	oligodendrocyte_OPC
GTGTTAGTCAGTCACA	unresolved
GTGTTAGTCCTGCCAT	astrocyte
GTGTTCCCACGACCTG	neuronal
GTGTTCCTCCACTGGG	unresolved
GTTACAGCAGCACAAG	astrocyte
GTTACCCAGGACGCTA	astrocyte
GTTACCCCACTGGCGT	oligodendrocyte_OPC
GTTACCCCATGATAGA	unresolved
GTTACCCTCGATGCAT	unresolved
GTTACGACAGTGCGCT	neuronal
GTTACGATCAGCCTCT	unresolved
GTTAGTGGTTTCAGAC	unresolved
GTTATGGCAGGTACGA	astrocyte
GTTATGGGTTTAGAGA	astrocyte
GTTCATTAGCTACTGT	oligodendrocyte_OPC
GTTCCGTAGATTAGTG	oligodendrocyte_OPC
GTTCCGTAGGGCCCTT	oligodendrocyte_OPC
GTTCCGTCATGTTACG	neuronal
GTTCCGTGTGATATAG	neuronal
GTTCCGTGTTAAGGGC	astrocyte
GTTCCGTTCTCAGAAC	oligodendrocyte_OPC
GTTCGCTAGGCTCACC	oligodendrocyte_OPC
GTTCGCTCACAAATAG	neuronal
GTTCGCTCACTGTCCT	astrocyte
GTTCGCTCATGACAAA	unresolved
GTTCTATCATCGGAAG	neuronal
GTTCTATGTTTACTGG	microglia_immune
GTTGCGGCATCATTGG	neuronal
GTTGCGGTCATGAGTC	astrocyte
GTTGCTCCAACAAAGT	astrocyte
GTTGCTCTCGTTAGTG	oligodendrocyte_OPC
GTTGTCCCAGATCATC	neuronal
GTTGTGAAGGAATGTT	neuronal
GTTGTGAAGTCGTCTA	microglia_immune
GTTGTGATCTGTACAG	neuronal
GTTTACTCAATTGCTG	astrocyte
GTTTACTCACGCAGTC	oligodendrocyte_OPC
GTTTACTCATAACAGA	oligodendrocyte_OPC
GTTTACTGTCTACATG	neuronal
GTTTACTGTTCTGAGT	unresolved
GTTTACTTCGCAGTCG	unresolved
GTTTGGATCTCTTGCG	microglia_immune
TAACACGCATTCGGGC	oligodendrocyte_OPC
TAACGACAGATTAGCA	astrocyte
TAACGACGTGATCATC	oligodendrocyte_OPC
TAACTTCTCTGGACTA	astrocyte
TAAGCACAGGCCATAG	astrocyte
TAAGCACTCGTGCGAC	unresolved
TAAGCCACAATGAAAC	microglia_immune
TAAGCCAGTACCTATG	unresolved
TAAGCGTAGGGACTGT	unresolved
TAAGCGTTCCAAAGGG	unresolved
TAAGTCGAGGCAATGC	neuronal
TAAGTCGAGGCCCGTT	unresolved
TAAGTCGCACGTCGGT	astrocyte
TAAGTCGTCGACGCGT	unresolved
TAATCTCAGTATGAAC	unresolved
TAATCTCCATCACGGC	unresolved
TACACCCAGGGAGGTG	unresolved
TACACCCAGTTTGGCT	neuronal
TACACCCCAAGCCCAC	oligodendrocyte_OPC
TACACCCCACTGCACG	astrocyte
TACATTCAGACCAACG	astrocyte
TACATTCAGGCGACAT	unresolved
TACATTCAGTTGAAAC	unresolved
TACATTCGTCGATGCC	oligodendrocyte_OPC
TACATTCTCATTGTGG	unresolved
TACATTCTCGACGAGA	neuronal
TACCCACGTATGCGGA	astrocyte
TACCCACTCGTAACAC	unresolved
TACCCGTCAAGAGTGC	unresolved
TACCCGTCAGTCAACT	unresolved
TACCCGTTCGAGCCTG	oligodendrocyte_OPC
TACCGAATCACCTCAC	oligodendrocyte_OPC
TACCTCGCAGCCCAGT	oligodendrocyte_OPC
TACCTGCAGAAGGCTC	unresolved
TACCTGCTCTCACGAA	astrocyte
TACGCTCGTCCTACAA	oligodendrocyte_OPC
TACGCTCTCCACCCTA	neuronal
TACGGTAAGTTACTCG	unresolved
TACGGTAGTCCCTGTT	unresolved
TACGTCCCAAAGGATT	unresolved
TACGTCCCACCGGAAA	microglia_immune
TACGTCCTCATTCGTT	oligodendrocyte_OPC
TACTGCCCACAATCTG	unresolved
TACTTACCATCGAACT	oligodendrocyte_OPC
TACTTACTCCGATAAC	microglia_immune
TACTTCAAGCGTGAAC	neuronal
TACTTGTTCAACACCA	oligodendrocyte_OPC
TAGACCAAGTGTGTTC	unresolved
TAGACCAGTATCGATC	neuronal
TAGACTGGTCATCCGG	unresolved
TAGACTGTCCATCGTC	vascular
TAGACTGTCGTGGGAA	astrocyte
TAGCACACAGACAAGC	neuronal
TAGCACACAGAGTTCT	unresolved
TAGGAGGTCTTGAACG	unresolved
TAGGGTTGTGTATCCA	oligodendrocyte_OPC
TAGGTACCAAAGTATG	oligodendrocyte_OPC
TAGGTACCATCACAGT	astrocyte
TAGGTACTCGAGAGCA	neuronal
TAGGTTGAGTCCTGTA	unresolved
TAGGTTGGTCCTCCAT	unresolved
TAGTGCACACATGAAA	oligodendrocyte_OPC
TAGTGCAGTACGACTT	neuronal
TATACCTCAAATCGGG	astrocyte
TATATCCAGGTATTGA	neuronal
TATATCCCACCCTTGT	neuronal
TATATCCGTGCATGTT	oligodendrocyte_OPC
TATCAGGAGGTGGCTA	astrocyte
TATCAGGCAAGGTACG	unresolved
TATCAGGGTTGTGTTG	oligodendrocyte_OPC
TATCCTACAACACACT	neuronal
TATCCTAGTAAGTCAA	ambiguous_or_doublet
TATCCTAGTGTTTACG	oligodendrocyte_OPC
TATCCTATCCTTGACC	oligodendrocyte_OPC
TATCGCCAGGAACTCG	unresolved
TATCGCCCAACACAGG	unresolved
TATCTGTCACAAATGA	unresolved
TATCTTGCACGCGCTA	microglia_immune
TATCTTGGTCTCAAGT	oligodendrocyte_OPC
TATCTTGTCGCTTGAA	astrocyte
TATGTTCCATCTCCCA	oligodendrocyte_OPC
TATGTTCGTGCCTACG	oligodendrocyte_OPC
TATGTTCGTTACACAC	oligodendrocyte_OPC
TATTCCAAGCGACTTT	unresolved
TATTCCACAATAGTAG	microglia_immune
TATTCCACATCCTCAC	unresolved
TATTGCTGTGTCTAAC	unresolved
TATTGGGCAGCAGATG	oligodendrocyte_OPC
TATTGGGTCACTTGTT	unresolved
TATTGGGTCCAAAGGG	microglia_immune
TATTGGGTCCGATGCG	neuronal
TATTGGGTCTGCCTGT	astrocyte
TATTTCGAGCTTGTGT	astrocyte
TATTTCGCAGAATGTA	unresolved
TCAAGACTCTTGTGCC	astrocyte
TCAAGCATCACAGTGT	neuronal
TCAAGCATCCACTTTA	unresolved
TCAATCTAGTCATGCT	oligodendrocyte_OPC
TCAATTCCAATGAAAC	astrocyte
TCAATTCGTGCTCTCT	neuronal
TCACAAGAGGCGTTAG	unresolved
TCACAAGAGTCGGCAA	unresolved
TCACAAGCACTTTATC	microglia_immune
TCACAAGCAGAGGTAC	unresolved
TCACACCCAAGCACCC	oligodendrocyte_OPC
TCACACCGTGTTCAGT	unresolved
TCACATTAGGGTCACA	vascular
TCACATTAGTTCATCG	astrocyte
TCACGCTAGCAAGCCA	astrocyte
TCACGCTTCCGTAGGC	unresolved
TCACTATAGAAGAGCA	neuronal
TCACTATAGCCAGTAG	oligodendrocyte_OPC
TCACTATAGGAACGAA	unresolved
TCACTATGTTATAGCC	unresolved
TCACTCGCAGCGGTTC	neuronal
TCACTCGTCTTGAACG	neuronal
TCAGCAAAGCGCCGTT	unresolved
TCAGCAAAGTGTCATC	unresolved
TCAGCAACATGCCATA	unresolved
TCAGCAATCCGGCAAC	oligodendrocyte_OPC
TCAGCAATCCGTCACT	unresolved
TCAGCCTAGGAATGTT	unresolved
TCAGGGCTCATCGACA	oligodendrocyte_OPC
TCAGGTAAGTGCCAGA	unresolved
TCAGTCCAGCTCCCTT	neuronal
TCAGTCCAGGTGAGCT	unresolved
TCAGTCCGTAACTGCT	astrocyte
TCAGTGAAGCTCTATG	unresolved
TCAGTGATCATAAGGA	oligodendrocyte_OPC
TCAGTTTTCGCAATGT	unresolved
TCATACTAGATTAGCA	unresolved
TCATACTCACAACCGC	astrocyte
TCATACTGTACAGAGC	vascular
TCATACTTCGCTTGCT	neuronal
TCATATCCAGTTTGGT	astrocyte
TCATATCTCCGATTAG	unresolved
TCATCCGTCCGTGTCT	neuronal
TCATGAGAGACATAGT	microglia_immune
TCATGAGAGGAAACGA	unresolved
TCATGAGGTTCCTACC	unresolved
TCATGAGTCGATCCAA	astrocyte
TCATGCCCAAGGACAC	unresolved
TCATGGAAGTTGGCTT	neuronal
TCATGGAGTGCCAAGA	neuronal
TCATGTTCAAATGAAC	ambiguous_or_doublet
TCATGTTGTCTCCTGT	ambiguous_or_doublet
TCATGTTTCGTTCTAT	oligodendrocyte_OPC
TCATTACCATGGACAG	unresolved
TCATTACGTCTAACTG	astrocyte
TCATTACTCATTACCT	unresolved
TCATTCAAGGAATTAC	neuronal
TCATTCAAGTGAGGTC	oligodendrocyte_OPC
TCATTCATCCCACAGG	unresolved
TCATTCATCTATCGTT	unresolved
TCATTGTAGCCGTTGC	neuronal
TCATTGTAGTCGCTAT	astrocyte
TCATTGTGTACTCCGG	unresolved
TCATTTGAGAGTTGCG	vascular
TCATTTGAGGCTCTCG	oligodendrocyte_OPC
TCATTTGCAGATCCTA	astrocyte
TCATTTGGTCTACGAT	neuronal
TCATTTGGTGACAGCA	oligodendrocyte_OPC
TCATTTGGTGGCGCTT	oligodendrocyte_OPC
TCATTTGTCAGCTGTA	unresolved
TCCACCAAGAAACCCG	oligodendrocyte_OPC
TCCACCACAAGACGGT	oligodendrocyte_OPC
TCCACCACACATGTTG	oligodendrocyte_OPC
TCCACCAGTGTTACAC	unresolved
TCCACCAGTTGGCTAT	unresolved
TCCAGAAAGTAGGAAG	neuronal
TCCAGAAAGTTAACGA	unresolved
TCCAGAACAGCGACAA	oligodendrocyte_OPC
TCCAGAACATGACTGT	unresolved
TCCAGAAGTAGCGTAG	neuronal
TCCAGAATCTAGCATG	astrocyte
TCCATCGAGCGTGAGT	unresolved
TCCATCGAGGTGGCTA	oligodendrocyte_OPC
TCCATGCAGTGTGTTC	neuronal
TCCCAGTAGCCATTTG	oligodendrocyte_OPC
TCCCAGTGTCAGGTGA	unresolved
TCCCATGTCTAAGGAA	oligodendrocyte_OPC
TCCGAAACAAAGGAGA	unresolved
TCCGAAAGTCATCAGT	oligodendrocyte_OPC
TCCGAAAGTCGTTCAA	astrocyte
TCCGAAAGTGGACTGA	astrocyte
TCCGAAATCCCAGCGA	oligodendrocyte_OPC
TCCGATCAGATAGCAT	oligodendrocyte_OPC
TCCGATCAGTAGTCCT	unresolved
TCCGATCGTTCCATTT	neuronal
TCCGATCTCAATCCGA	neuronal
TCCGGGAAGCGACCCT	unresolved
TCCGGGAGTCGTTGGC	vascular
TCCGTGTCATTCTTCA	unresolved
TCCTAATGTAACAAGT	unresolved
TCCTAATGTCCAGCGT	unresolved
TCCTAATTCACCTACC	unresolved
TCCTAATTCTAGTACG	astrocyte
TCCTCCCAGGTCATTC	unresolved
TCCTCCCGTGTTCGTA	unresolved
TCCTCGACAGCTACTA	oligodendrocyte_OPC
TCCTCGATCATCTACT	microglia_immune
TCCTCTTAGACTACGG	unresolved
TCCTCTTAGGATGGCT	oligodendrocyte_OPC
TCCTGCAAGGACAGTC	unresolved
TCCTGCAAGGACTAAT	neuronal
TCCTGCACACTGAGTT	astrocyte
TCCTGCATCTCTATAC	unresolved
TCCTTTCAGTGACACG	unresolved
TCCTTTCGTTCAGCTA	oligodendrocyte_OPC
TCCTTTCTCAACGAGG	unresolved
TCGAACAAGCATCGAG	oligodendrocyte_OPC
TCGAAGTTCCGATGCG	neuronal
TCGACCTTCTAATTCC	astrocyte
TCGACGGCACTGCGTG	unresolved
TCGACGGTCGATCCAA	unresolved
TCGACGGTCTAGATCG	oligodendrocyte_OPC
TCGATTTAGTATGAAC	neuronal
TCGCAGGCATGACAGG	neuronal
TCGCAGGTCTCAACCC	neuronal
TCGCTCAGTACGTGAG	unresolved
TCGCTCATCCAACTAG	astrocyte
TCGCTTGAGATTGCGG	neuronal
TCGCTTGAGCAGTACG	unresolved
TCGCTTGCAAAGCACG	unresolved
TCGGATAGTCCTCCTA	unresolved
TCGGGACCAGTTGCGC	astrocyte
TCGGGACGTGCTTATG	unresolved
TCGGGACTCCAGGACC	unresolved
TCGGGTGGTGTACGCC	unresolved
TCGGTCTAGTCCGCGT	unresolved
TCGTAGATCGGAAACG	oligodendrocyte_OPC
TCGTCCAGTATCGTAC	vascular
TCGTGCTAGGCATCGA	unresolved
TCTAACTCATACATCG	unresolved
TCTAACTGTAGGCTGA	oligodendrocyte_OPC
TCTAACTGTGTGACCC	oligodendrocyte_OPC
TCTACATGTAGCGAGT	oligodendrocyte_OPC
TCTACATGTTGTCTAG	astrocyte
TCTACATTCCTCAGGG	astrocyte
TCTACCGTCACTGGTA	oligodendrocyte_OPC
TCTACCGTCCAAACCA	neuronal
TCTATACAGCGGTAAC	astrocyte
TCTATACAGGTCACAG	oligodendrocyte_OPC
TCTATACAGGTTCTTG	neuronal
TCTATACTCGCAGATT	neuronal
TCTATACTCTGGTGCG	unresolved
TCTATCAAGCGTTCAT	unresolved
TCTATCAGTAGAGTTA	unresolved
TCTCACGAGGCATGGT	unresolved
TCTCACGGTAACATCC	astrocyte
TCTCACGGTGGCTCTG	microglia_immune
TCTCACGTCCAGCACG	unresolved
TCTCACGTCGGCATAT	neuronal
TCTCAGCCAGGTATGG	oligodendrocyte_OPC
TCTCAGCGTAGTCTTG	unresolved
TCTCCGAAGGTAGGCT	oligodendrocyte_OPC
TCTCTGGTCTCGCTCA	neuronal
TCTGCCAAGGTATTGA	neuronal
TCTGCCATCGGTCGAC	astrocyte
TCTGCCATCTACAGGT	unresolved
TCTGGCTAGGCAGGGA	neuronal
TCTGGCTGTGTCCGTG	oligodendrocyte_OPC
TCTGTCGCACAGACGA	unresolved
TCTGTCGGTTTCGACA	vascular
TCTTAGTTCACAAGGG	oligodendrocyte_OPC
TCTTAGTTCGGCTGGT	ambiguous_or_doublet
TCTTCCTCAAATCAGA	neuronal
TCTTCCTTCACTGATG	neuronal
TCTTGCGAGACTTGTC	oligodendrocyte_OPC
TCTTGCGCACCATTCC	neuronal
TCTTTGAAGTCTCGTA	unresolved
TCTTTGATCGGACCAC	astrocyte
TGAACGTCACACAGAG	unresolved
TGAATGCAGTTCGCAT	astrocyte
TGAATGCGTGCCAAGA	unresolved
TGACAGTCAGATTTCG	unresolved
TGACAGTGTTCTCACC	unresolved
TGACCCTAGTGTCATC	oligodendrocyte_OPC
TGACCCTCAGCTTCCT	unresolved
TGACCCTCAGTACTAC	vascular
TGACGCGAGGGTCAAC	vascular
TGACGCGCACACACTA	astrocyte
TGACGCGGTAACACCT	unresolved
TGACGCGTCGGAAGGT	oligodendrocyte_OPC
TGACTCCCAGTTCCAA	oligodendrocyte_OPC
TGAGACTCACACGTGC	vascular
TGAGACTGTAATGCTC	neuronal
TGAGACTGTGATTGGG	neuronal
TGAGACTGTTGGGTTT	unresolved
TGAGACTTCTGCGATA	neuronal
TGAGCATAGAGTCAAT	oligodendrocyte_OPC
TGAGCATGTAACATCC	astrocyte
TGAGCATGTTCTCAGA	neuronal
TGAGCATTCAAGTCTG	unresolved
TGAGCATTCGAGAGAC	neuronal
TGAGCGCGTATCGAGG	oligodendrocyte_OPC
TGAGGGATCCACACCT	neuronal
TGAGGTTTCGCAAGAG	unresolved
TGAGTCAGTAGGTAGC	neuronal
TGATCTTGTAGTCGGA	neuronal
TGATCTTGTCGCGGTT	oligodendrocyte_OPC
TGATCTTTCACCTCGT	oligodendrocyte_OPC
TGATTCTAGCAGGGAG	neuronal
TGATTTCTCCCTCTCC	astrocyte
TGATTTCTCCTCTTTC	unresolved
TGCACGGAGGAACGAA	oligodendrocyte_OPC
TGCACGGGTGCGACAA	unresolved
TGCAGATCACAGCCAC	unresolved
TGCAGGCCATTGACCA	unresolved
TGCAGGCGTGTTAGCT	unresolved
TGCATCCAGGCAGCTA	unresolved
TGCATCCCACCTGATA	neuronal
TGCATCCCAGTCGGTC	oligodendrocyte_OPC
TGCATCCGTAAGGTCG	oligodendrocyte_OPC
TGCATCCGTGTCCATA	unresolved
TGCATGAAGCGAAACC	unresolved
TGCATGAAGTATTCCG	unresolved
TGCATGAGTAGTCTGT	neuronal
TGCCGAGAGTGCCTCG	vascular
TGCCGAGCAGCGTTGC	unresolved
TGCCGAGGTGCGAGTA	unresolved
TGCCGAGTCAATCCAG	neuronal
TGCGACGGTAGTTAGA	oligodendrocyte_OPC
TGCGACGGTGTCCCTT	astrocyte
TGCGATACAGCCGGTT	unresolved
TGCGGCACAACCGATT	neuronal
TGCGGCATCGTTCTGC	unresolved
TGCGGGTAGAGGTCAC	astrocyte
TGCGGGTGTATGCGGA	microglia_immune
TGCGGGTTCGCGGACT	microglia_immune
TGCTCCAAGATTAGCA	unresolved
TGCTCCAGTTTGATCG	oligodendrocyte_OPC
TGCTCGTAGGTGCTGA	ambiguous_or_doublet
TGCTCGTGTGCCTTCT	unresolved
TGCTCGTTCCGCGGAT	astrocyte
TGCTCGTTCCTTATAC	oligodendrocyte_OPC
TGCTTGCAGGATACAT	oligodendrocyte_OPC
TGCTTGCCAGTAACAA	microglia_immune
TGGAGAGAGTGGAAGA	oligodendrocyte_OPC
TGGAGGAAGGTATCTC	oligodendrocyte_OPC
TGGAGGACATATGGCT	neuronal
TGGAGGAGTTCCCAAA	unresolved
TGGAGGATCGGTGCAC	unresolved
TGGATCAGTATGGAAT	unresolved
TGGATGTAGCACCCAC	unresolved
TGGATGTCAATGTGGG	neuronal
TGGCGTGAGTAATACG	oligodendrocyte_OPC
TGGCGTGCAAGATTGA	astrocyte
TGGCGTGGTACCCACG	oligodendrocyte_OPC
TGGCGTGGTCATCAGT	astrocyte
TGGGAAGAGGAGTACC	microglia_immune
TGGGAAGTCAGTGTGT	oligodendrocyte_OPC
TGGGAGAAGCATTTGC	unresolved
TGGGAGATCAGCATTG	astrocyte
TGGGATTAGCCGCACT	microglia_immune
TGGGATTCAAACGAGC	unresolved
TGGGCGTCAACCCTAA	astrocyte
TGGGCGTCACGACAGA	oligodendrocyte_OPC
TGGGCGTTCCTTTAGT	microglia_immune
TGGGCTGAGCACTAGG	microglia_immune
TGGGCTGAGGCAGGTT	unresolved
TGGGCTGAGGGTCAAC	unresolved
TGGGCTGGTATATGGA	unresolved
TGGGCTGGTTTACACG	astrocyte
TGGGCTGTCAGGCGAA	astrocyte
TGGGCTGTCGCTGACG	neuronal
TGGTACAAGTATTAGG	unresolved
TGGTAGTAGGTTAAAC	oligodendrocyte_OPC
TGGTAGTCACATAGCT	astrocyte
TGGTGATCAAGATGTA	neuronal
TGGTGATCAAGGGCAT	unresolved
TGGTTAGGTAGAGATT	oligodendrocyte_OPC
TGGTTAGGTTAGTTCG	oligodendrocyte_OPC
TGGTTAGGTTCGTAAC	unresolved
TGGTTAGTCAGCCCAG	oligodendrocyte_OPC
TGTAACGAGAAGCCTG	vascular
TGTAACGAGCGCCGTT	unresolved
TGTAACGTCAAAGACA	oligodendrocyte_OPC
TGTAACGTCTCTAGGA	neuronal
TGTAAGCCACATGTTG	unresolved
TGTAAGCGTGCAACGA	astrocyte
TGTAGACAGCTCTGTA	vascular
TGTAGACGTGCATTAC	unresolved
TGTCAGAAGCGTTACT	unresolved
TGTCAGACACCCTCTA	unresolved
TGTCAGACATGGATCT	unresolved
TGTCAGAGTTGGTACT	microglia_immune
TGTCCACAGATGACCG	astrocyte
TGTCCACAGGAAAGAC	unresolved
TGTCCCATCCTGCCAT	unresolved
TGTCCTGAGACTTCAC	oligodendrocyte_OPC
TGTCCTGCAAGTGGCA	unresolved
TGTGAGTCAAGTGGTG	unresolved
TGTGAGTCATACACCA	oligodendrocyte_OPC
TGTGAGTGTCCGAAAG	oligodendrocyte_OPC
TGTGATGAGGTGGTTG	astrocyte
TGTGATGCATGGGTTT	astrocyte
TGTGATGGTTGAGGAC	neuronal
TGTGCGGGTGTTCATG	oligodendrocyte_OPC
TGTGCGGTCACCTCGT	astrocyte
TGTGTGATCATGAAAG	oligodendrocyte_OPC
TGTTACTAGATCGCTT	oligodendrocyte_OPC
TGTTACTGTACCGCGT	astrocyte
TGTTCATCATAGATGA	unresolved
TGTTCATGTTGTGGAG	vascular
TGTTCCGCACTGCGAC	oligodendrocyte_OPC
TGTTCCGGTCTTGTCC	oligodendrocyte_OPC
TGTTCTAAGGCTCACC	unresolved
TGTTCTACACAATGAA	neuronal
TGTTCTATCCAATGCA	vascular
TGTTGAGCAGTCTACA	astrocyte
TGTTGAGTCTGAGATC	unresolved
TGTTGGAGTGATACAA	unresolved
TGTTGGATCAGCAATC	oligodendrocyte_OPC
TGTTTGTAGAGTCAGC	neuronal
TTAATCCTCGGCTATA	unresolved
TTACAGGCAGAGGCAT	neuronal
TTACAGGCAGGCCCTA	neuronal
TTACCATTCCTTTGAT	astrocyte
TTACCATTCGGTTAGT	neuronal
TTACCGCAGCTCGTGC	neuronal
TTACGCCAGAGTGACC	oligodendrocyte_OPC
TTACGCCTCAGCTGTA	unresolved
TTACGTTCAGTTGAAA	oligodendrocyte_OPC
TTACGTTTCAGCTCTC	unresolved
TTACTGTAGCTAATCC	neuronal
TTACTGTCAGAACCGA	ambiguous_or_doublet
TTACTGTTCCAGCACG	neuronal
TTAGGCATCATCGTAG	neuronal
TTAGGCATCATGGTAC	oligodendrocyte_OPC
TTAGGGTGTGGCCCAT	microglia_immune
TTAGTCTAGTCATACC	neuronal
TTAGTCTTCAGGTGTT	unresolved
TTAGTCTTCATCAGTG	unresolved
TTATTGCCACCTCGTT	oligodendrocyte_OPC
TTATTGCTCACTCACC	oligodendrocyte_OPC
TTATTGCTCCCAACTC	oligodendrocyte_OPC
TTCAATCAGTAAACGT	unresolved
TTCAATCTCTCTTGCG	vascular
TTCACCGAGCTAAACA	unresolved
TTCACGCAGCATAGGC	neuronal
TTCACGCAGGTACTGG	oligodendrocyte_OPC
TTCAGGACACACCTAA	oligodendrocyte_OPC
TTCAGGAGTCGCCTAG	microglia_immune
TTCAGGAGTTGCAAGG	oligodendrocyte_OPC
TTCATGTAGCTGTTCA	oligodendrocyte_OPC
TTCATGTGTCGGTGAA	astrocyte
TTCATTGGTCCATACA	vascular
TTCATTGTCTGGCCGA	astrocyte
TTCCAATCACATACTG	neuronal
TTCCGGTGTGTGCCTG	astrocyte
TTCCGTGCAGCTAACT	neuronal
TTCCTAAAGTGTTGTC	unresolved
TTCCTAACAACCAATC	neuronal
TTCCTAAGTAAGATTG	oligodendrocyte_OPC
TTCCTCTGTAGATCCT	neuronal
TTCCTTCTCGCCTTTG	astrocyte
TTCGATTGTACTGACT	astrocyte
TTCGATTTCATAAGGA	unresolved
TTCGATTTCCTGGGTG	unresolved
TTCGCTGGTACTGCCG	unresolved
TTCGCTGGTCCCTAAA	astrocyte
TTCGCTGGTGATTAGA	unresolved
TTCGGTCAGCGTACAG	unresolved
TTCGGTCAGTCGGGAT	neuronal
TTCGGTCCAACCGCCA	astrocyte
TTCGGTCTCCATCTGC	unresolved
TTCTAACAGCCTGGAA	unresolved
TTCTAACAGGGACACT	oligodendrocyte_OPC
TTCTAACCAACGACAG	oligodendrocyte_OPC
TTCTAACGTCTTCGAA	neuronal
TTCTAGTAGCAGATAT	unresolved
TTCTAGTAGGTAAGGA	ambiguous_or_doublet
TTCTAGTTCTCTGGTC	neuronal
TTCTCTCGTAGTCTTG	astrocyte
TTCTCTCGTCGGTGTC	astrocyte
TTCTGTAGTCTATGAC	unresolved
TTCTGTAGTTACGCCG	unresolved
TTCTTCCAGCCTGTCG	neuronal
TTCTTCCAGTTCACTG	neuronal
TTCTTCCGTCAGTCTA	astrocyte
TTCTTCCTCATTATCC	oligodendrocyte_OPC
TTCTTGACAAATGCTC	oligodendrocyte_OPC
TTCTTGATCATACGGT	neuronal
TTGAACGAGATTCGCT	astrocyte
TTGACCCGTAGCTTAC	astrocyte
TTGACCCGTGTGTGTT	oligodendrocyte_OPC
TTGACCCTCATACGAC	unresolved
TTGACCCTCGTGTTCC	oligodendrocyte_OPC
TTGAGTGGTAGTCCTA	unresolved
TTGAGTGGTCGTGGAA	unresolved
TTGATGGCAGAAGCTG	oligodendrocyte_OPC
TTGATGGTCAAGCCCG	neuronal
TTGATGGTCGACACTA	unresolved
TTGATGGTCTACTTCA	oligodendrocyte_OPC
TTGCATTAGGCCTGAA	oligodendrocyte_OPC
TTGCATTTCTGGTGCG	astrocyte
TTGCCTGGTTTGCAGT	oligodendrocyte_OPC
TTGCTGCCATATGAAG	neuronal
TTGCTGCTCGACCACG	astrocyte
TTGGATGGTCTCGGAC	oligodendrocyte_OPC
TTGGGCGAGGATATGT	vascular
TTGGGTAAGACCAAAT	oligodendrocyte_OPC
TTGGTTTTCTAGTACG	oligodendrocyte_OPC
TTGTGGAAGAAATGGG	oligodendrocyte_OPC
TTGTGGAGTCCCTCAT	unresolved
TTGTTCAAGCACGGAT	oligodendrocyte_OPC
TTGTTCATCGTCTAAG	neuronal
TTGTTGTAGCTCCATA	unresolved
TTGTTGTCAGTGCCTG	neuronal
TTGTTGTGTTCAGCGC	oligodendrocyte_OPC
TTTACCATCAAGAATG	oligodendrocyte_OPC
TTTACGTTCTAGGCCG	astrocyte
TTTACTGAGAGTAACT	unresolved
TTTACTGGTAACATCC	microglia_immune
TTTACTGGTGTTGCCG	unresolved
TTTAGTCAGTTCAACC	neuronal
TTTATGCGTAACGATA	unresolved
TTTATGCTCGAACACT	microglia_immune
TTTATGCTCGAGTACT	neuronal
TTTCACAGTACTGCGC	neuronal
TTTCACAGTGAGTGAC	unresolved
TTTCAGTAGTCTTCCC	unresolved
TTTCAGTAGTGAGGCT	unresolved
TTTCAGTAGTTACGGG	ambiguous_or_doublet
TTTCAGTTCTACGCAA	neuronal
TTTCCTCCAGCTCGGT	vascular
TTTCCTCCATTCATCT	unresolved
TTTCCTCTCATGCGGC	vascular
TTTCGATCAGCTACAT	unresolved
TTTCGATCATCGTCCT	unresolved
TTTCGATGTTCCGCTT	vascular
TTTGATCGTAAGATAC	oligodendrocyte_OPC
TTTGGAGGTGCCCGTA	oligodendrocyte_OPC
TTTGGTTAGTGCAAAT	neuronal
TTTGGTTGTACCCGCA	neuronal
TTTGGTTGTTGTCAGT	oligodendrocyte_OPC
TTTGTTGAGCTGTGCC	unresolved
