AAACCCAAGGACTTCT	unresolved
AAACCCACAGATTCGT	astrocyte
AAACGAAAGAATCCCT	unresolved
AAACGCTAGAATGTTG	unresolved
AAACGCTAGCAGTACG	unresolved
AAACGCTGTAGAGACC	unresolved
AAACGCTTCATCCCGT	unresolved
AAAGAACAGCGTTGTT	oligodendrocyte_OPC
AAAGAACAGGATCATA	unresolved
AAAGAACCAGAGAGGG	unresolved
AAAGAACTCTTCCGTG	neuronal
AAAGGATAGTCTTCCC	microglia_immune
AAAGGATCAAGCACAG	astrocyte
AAAGGATCAGACAAAT	neuronal
AAAGGATTCCCGTGTT	oligodendrocyte_OPC
AAAGGGCCAATGTGGG	oligodendrocyte_OPC
AAAGGGCCATAGCACT	astrocyte
AAAGGGCGTGTATTGC	astrocyte
AAAGGGCTCAGCAGAG	unresolved
AAAGGGCTCATTCCTA	neuronal
AAAGGGCTCATTCTTG	unresolved
AAAGGTAAGACCAGAC	neuronal
AAAGGTACACATGTTG	unresolved
AAAGGTAGTCGCATCG	oligodendrocyte_OPC
AAAGTCCAGAAGGCTC	astrocyte
AAAGTGAAGTGTCATC	neuronal
AAAGTGACACACCGCA	oligodendrocyte_OPC
AAAGTGAGTACTAACC	oligodendrocyte_OPC
AAATGGAAGCGAGTAC	oligodendrocyte_OPC
AAATGGACACCGCTGA	unresolved
AAATGGATCTTACCGC	unresolved
AACAAAGAGATGCGAC	astrocyte
AACAAAGAGTGTAGAT	oligodendrocyte_OPC
AACAACCGTGAGCTCC	oligodendrocyte_OPC
AACAAGATCTAGTGAC	unresolved
AACACACAGAACAGGA	oligodendrocyte_OPC
AACACACGTACGGCAA	unresolved
AACACACTCGGATAAA	unresolved
AACAGGGAGGTCTGGA	astrocyte
AACAGGGGTATGCGGA	oligodendrocyte_OPC
AACCACAAGTGGTTGG	oligodendrocyte_OPC
AACCACAGTCAACCAT	unresolved
AACCACATCGAGAAAT	unresolved
AACCATGGTATCGGTT	microglia_immune
AACCATGGTATGCGTT	oligodendrocyte_OPC
AACCATGTCCATTGTT	neuronal
AACCCAAAGACTCATC	oligodendrocyte_OPC
AACCCAACAACGTAAA	astrocyte
AACCCAACATGAGATA	oligodendrocyte_OPC
AACCCAAGTCTTTATC	neuronal
AACCCAATCCGGCTTT	neuronal
AACCTGACAGTAGAAT	unresolved
AACCTTTGTTACCTGA	neuronal
AACCTTTTCAGGACAG	oligodendrocyte_OPC
AACGAAACACGGTGCT	astrocyte
AACGGGAAGTGATAAC	astrocyte
AACGGGACAAGTGGTG	astrocyte
AACGGGAGTACGATCT	unresolved
AACGTCAAGCGAAACC	unresolved
AACGTCACAGCACAAG	unresolved
AACGTCACAGTTACCA	vascular
AACGTCACATAGATGA	astrocyte
AACGTCATCGTCAACA	astrocyte
AACTTCTAGAGGCTGT	oligodendrocyte_OPC
AACTTCTAGCCATTCA	oligodendrocyte_OPC
AACTTCTAGTATGAGT	unresolved
AACTTCTAGTGAGCCA	unresolved
AACTTCTCATTGACTG	astrocyte
AACTTCTGTCTCAGGC	neuronal
AACTTCTTCGACACTA	neuronal
AAGAACAAGCATAGGC	unresolved
AAGAACACAATAGAGT	neuronal
AAGAACAGTGCAGGAT	oligodendrocyte_OPC
AAGAACATCCATCAGA	astrocyte
AAGAACATCCCATACC	oligodendrocyte_OPC
AAGACAAAGTTGTACC	microglia_immune
AAGACAACAAGCGAAC	neuronal
AAGACAACACTCGATA	ambiguous_or_doublet
AAGACAACATCATTTC	neuronal
AAGACAAGTAGCTGAG	unresolved
AAGACAAGTTAGCTAC	astrocyte
AAGACAATCGGTCACG	oligodendrocyte_OPC
AAGACAATCTAGATCG	astrocyte
AAGACTCGTGGGATTG	neuronal
AAGACTCGTTTCGACA	oligodendrocyte_OPC
AAGACTCTCCTTCTAA	neuronal
AAGATAGAGCTGAGCA	oligodendrocyte_OPC
AAGATAGCACTTGAAC	unresolved
AAGATAGTCCGTACGG	astrocyte
AAGATAGTCTATTTCG	unresolved
AAGCATCCAATTGGTC	unresolved
AAGCATCGTACCTATG	astrocyte
AAGCATCTCCATACAG	oligodendrocyte_OPC
AAGCCATCATACACCA	astrocyte
AAGCCATGTATGGTTC	neuronal
AAGCCATGTTCTCGCT	unresolved
AAGCGAGAGCACTGGA	unresolved
AAGCGAGAGGAGGCAG	unresolved
AAGCGAGCAGATGCGA	unresolved
AAGCGAGCAGTGAGCA	unresolved
AAGCGAGGTCCGCAGT	neuronal
AAGCGAGTCTGGTTGA	unresolved
AAGCGTTGTGATGTAA	vascular
AAGGAATCAAGACCGA	astrocyte
AAGGAATCATGCAGCC	oligodendrocyte_OPC
AAGGAATTCGTTAGTG	oligodendrocyte_OPC
AAGGTAAAGAAGTCTA	oligodendrocyte_OPC
AAGGTAAAGCACACAG	unresolved
AAGGTAAAGGCCACTC	oligodendrocyte_OPC
AAGTACCCACTTGGGC	astrocyte
AAGTACCTCCACGGAC	unresolved
AAGTACCTCTCTCTTC	oligodendrocyte_OPC
AAGTGAAAGCGTGTTT	oligodendrocyte_OPC
AAGTGAAAGGCTCAAG	vascular
AAGTGAACAGAGGAAA	astrocyte
AAGTGAACAGCGATTT	astrocyte
AAGTGAACATGACACT	oligodendrocyte_OPC
AAGTGAAGTGGCCTCA	astrocyte
AAGTGAAGTTTCTTAC	oligodendrocyte_OPC
AAGTTCGAGTTGAAAC	oligodendrocyte_OPC
AAGTTCGGTGCGACAA	neuronal
AATAGAGAGAAGTATC	neuronal
AATAGAGCAGGGAATC	ambiguous_or_doublet
AATAGAGCATGCGTGC	neuronal
AATAGAGGTCACATTG	astrocyte
AATAGAGGTCTTTCTA	neuronal
AATAGAGTCTGGGCGT	unresolved
AATCACGCACACGTGC	unresolved
AATCACGCAGCTGTTA	oligodendrocyte_OPC
AATCACGGTTCCTTGC	unresolved
AATCACGTCCACAGCG	oligodendrocyte_OPC
AATCGACAGCCTCTTC	unresolved
AATCGACCACAATTCG	unresolved
AATCGACCACTAGGTT	astrocyte
AATCGACTCTCCGAGG	unresolved
AATCGTGAGATGGCAC	astrocyte
AATCGTGTCCACGAAT	oligodendrocyte_OPC
AATCGTGTCGACGCTG	neuronal
AATGAAGAGCTCGACC	oligodendrocyte_OPC
AATGAAGGTCTGATCA	neuronal
AATGAAGTCAACTGGT	oligodendrocyte_OPC
AATGACCCAGAGCGTA	unresolved
AATGACCCATCTCAAG	oligodendrocyte_OPC
AATGCCAAGCACTAAA	oligodendrocyte_OPC
AATGCCACACAACCGC	oligodendrocyte_OPC
AATGCCAGTCCTGGGT	astrocyte
AATGGAAAGAGTCACG	neuronal
AATGGAAGTGTTAGCT	unresolved
AATGGCTAGACATACA	neuronal
AATGGCTAGTGATAGT	unresolved
AATGGCTAGTGTACCT	ambiguous_or_doublet
AATGGCTAGTTGCATC	neuronal
AATGGCTTCGTGAGAG	astrocyte
AATTCCTAGACCAACG	unresolved
AATTCCTCACCAGCGT	oligodendrocyte_OPC
AATTCCTTCACTGTCC	astrocyte
AATTTCCCAGCAGACA	ambiguous_or_doublet
AATTTCCTCGTAACCA	unresolved
AATTTCCTCTCAGAAC	vascular
ACAAAGACAAATCAGA	oligodendrocyte_OPC
ACAAAGACAGCCGTCA	astrocyte
ACAACCAAGGCACTCC	unresolved
ACAACCATCCTTCACG	oligodendrocyte_OPC
ACAAGCTTCTGTTGGA	astrocyte
ACACAGTTCGTTCTAT	unresolved
ACACAGTTCTTCTAAC	oligodendrocyte_OPC
ACACCAAAGCATGAAT	oligodendrocyte_OPC
ACACCAAGTGCGCTCA	astrocyte
ACACCAATCTGGGTCG	vascular
ACACGCGAGGACTGGT	unresolved
ACACGCGCAAACTCGT	microglia_immune
ACACGCGGTTCGAAGG	unresolved
ACACGCGTCATTTCGT	astrocyte
ACACGCGTCGCATTGA	unresolved
ACACTGAAGCACGGAT	unresolved
ACACTGAAGGACGCTA	neuronal
ACACTGAAGGTCCTGC	neuronal
ACACTGATCTTTCAGT	oligodendrocyte_OPC
ACAGAAAGTTGCAAGG	astrocyte
ACAGCCGGTATTTCTC	neuronal
ACAGCCGGTTCTTCAT	unresolved
ACAGGGACATTGTACG	oligodendrocyte_OPC
ACATCCCAGCCACAAG	neuronal
ACATCCCCAATACGAA	neuronal
ACATCCCCAATCAAGA	neuronal
ACATCCCGTCACCACG	unresolved
ACATCCCTCCATTGTT	unresolved
ACATCCCTCGAGCCTG	astrocyte
ACATCGACAGTGGGTA	unresolved
ACATGCAAGGATACGC	oligodendrocyte_OPC
ACATGCAAGTCTTCCC	oligodendrocyte_OPC
ACATTTCAGAGCCCAA	unresolved
ACATTTCAGCACCAGA	oligodendrocyte_OPC
ACATTTCGTCCTACGG	unresolved
ACATTTCGTTTATGCG	unresolved
ACATTTCTCTTACACT	unresolved
ACCAAACCACTGCTTC	neuronal
ACCAAACTCCTTTGAT	unresolved
ACCAAACTCGTGTTCC	microglia_immune
ACCAACAAGACATATG	neuronal
ACCAACACACCACATA	neuronal
ACCAACACACGCGCAT	oligodendrocyte_OPC
ACCACAAAGATTGAGT	unresolved
ACCACAAAGGTTTGAA	neuronal
ACCACAAAGTAGTCTC	neuronal
ACCACAAGTAAGCAAT	unresolved
ACCATTTGTCATAGTC	astrocyte
ACCATTTTCGACACTA	astrocyte
ACCATTTTCGGACTTA	astrocyte
ACCCAAAAGATAGTGT	neuronal
ACCCAAAAGATGTTAG	oligodendrocyte_OPC
ACCCAAAGTGCATGTT	unresolved
ACCCAAATCGCAGTTA	unresolved
ACCCTCAGTAGCGTAG	oligodendrocyte_OPC
ACCCTCATCGTGTGAT	unresolved
ACCCTTGAGGCTTAGG	unresolved
ACCCTTGTCACTGTTT	oligodendrocyte_OPC
ACCCTTGTCGTACACA	neuronal
ACCGTTCCAAGTTGGG	neuronal
ACCGTTCCATTGACAC	neuronal
ACCGTTCGTGCTGTCG	unresolved
ACCTACCCAGACCATT	astrocyte
ACCTACCCAGCTGTAT	astrocyte
ACCTACCTCAGAACCT	oligodendrocyte_OPC
ACCTGAAGTGACACGA	neuronal
ACCTGAAGTTGCTCAA	unresolved
ACCTGTCTCAACTGAC	unresolved
ACGATCAAGGACAGTC	neuronal
ACGATCAGTAACATAG	unresolved
ACGATGTAGTAGTCAA	oligodendrocyte_OPC
ACGATGTAGTCACACT	oligodendrocyte_OPC
ACGATGTTCCAAACCA	neuronal
ACGATGTTCCTATTTG	neuronal
ACGCACGCAGACCAAG	vascular
ACGCACGGTAACAGTA	unresolved
ACGCACGGTACCGGCT	oligodendrocyte_OPC
ACGCACGGTCCTTGTC	oligodendrocyte_OPC
ACGCACGGTGATCATC	unresolved
ACGCACGTCCATAAGC	astrocyte
ACGGGTCTCAGTGCGC	oligodendrocyte_OPC
ACGGTCGAGCCACCGT	unresolved
ACGGTCGCACCTCGTT	oligodendrocyte_OPC
ACGGTTAAGGTTACAA	oligodendrocyte_OPC
ACGGTTACAATTGTGC	oligodendrocyte_OPC
ACGGTTATCATGAGAA	unresolved
ACGGTTATCATTCATC	unresolved
ACGTAACGTACACGTT	astrocyte
ACGTAACGTACTCCCT	neuronal
ACGTAACGTGCTGTCG	oligodendrocyte_OPC
ACGTACAAGCTCCATA	unresolved
ACGTACACAGGTACGA	unresolved
ACGTAGTCACCCTATC	unresolved
ACGTAGTCACGGTGCT	unresolved
ACGTAGTCAGATTCGT	microglia_immune
ACGTAGTCAGTTACCA	unresolved
ACGTAGTGTATGTCAC	unresolved
ACGTAGTTCAGACTGT	neuronal
ACGTAGTTCCGGCAGT	vascular
ACGTCCTCATATGGCT	unresolved
ACGTTCCCACTTTAGG	astrocyte
ACGTTCCTCCAACACA	ambiguous_or_doublet
ACTACGAAGATCCCGC	astrocyte
ACTACGAAGCCTTGAT	oligodendrocyte_OPC
ACTACGACAAACCGGA	neuronal
ACTACGAGTGGAGGTT	astrocyte
ACTATCTGTACAGAGC	unresolved
ACTATCTTCAGTCAGT	oligodendrocyte_OPC
ACTATGGAGCGACTTT	neuronal
ACTATGGCACCAAAGG	astrocyte
ACTATGGGTTTAGAGA	astrocyte
ACTATTCAGCACTAAA	oligodendrocyte_OPC
ACTATTCGTATGCGTT	unresolved
ACTCCCAAGGTAGACC	astrocyte
ACTCCCACACCTTCCA	neuronal
ACTCCCAGTCAGACGA	astrocyte
ACTCCCAGTTCTAACG	oligodendrocyte_OPC
ACTCTCGAGGGATGTC	neuronal
ACTCTCGAGGTACATA	unresolved
ACTCTCGAGTCAATCC	astrocyte
ACTCTCGGTCATCCGG	neuronal
ACTCTCGGTCTAACGT	astrocyte
ACTCTCGGTTCGGTTA	oligodendrocyte_OPC
ACTGATGCACAACGTT	oligodendrocyte_OPC
ACTGATGGTTAGGACG	astrocyte
ACTGATGTCGCGTGCA	oligodendrocyte_OPC
ACTGCAAAGCGCCTCA	neuronal
ACTGCAAAGTGAACAT	neuronal
ACTGCAAAGTTGTCGT	neuronal
ACTGCAACAAGACGAC	oligodendrocyte_OPC
ACTGCAATCCGGACTG	unresolved
ACTGCAATCGGAGTGA	astrocyte
ACTGCAATCTGGCCAG	unresolved
ACTGTCCCATCCGTGG	oligodendrocyte_OPC
ACTGTCCTCACCCTTG	oligodendrocyte_OPC
ACTGTCCTCGTTCGCT	astrocyte
ACTGTGAAGCACCGAA	oligodendrocyte_OPC
ACTGTGAAGGATGAGA	unresolved
ACTGTGAGTTCCACAA	oligodendrocyte_OPC
ACTTAGGCAACTTGCA	neuronal
ACTTAGGCACAGTATC	oligodendrocyte_OPC
ACTTAGGGTCTCTCCA	astrocyte
ACTTAGGGTGGACCAA	astrocyte
ACTTATCGTCCCTCAT	unresolved
ACTTATCTCTCCATAT	oligodendrocyte_OPC
ACTTCCGGTAACTTCG	microglia_immune
ACTTCCGGTCACGTGC	neuronal
ACTTTCAAGAGCAGTC	astrocyte
ACTTTCACACGTGAGA	astrocyte
ACTTTCATCCGCACTT	astrocyte
ACTTTCATCGCACGAC	microglia_immune
ACTTTGTCAAAGCAAT	neuronal
AGAAATGAGGTCCCTG	unresolved
AGAAATGGTGTCTTCC	neuronal
AGAAATGGTTACTCAG	unresolved
AGAAATGTCTATCGTT	unresolved
AGAACAAAGAGATGCC	oligodendrocyte_OPC
AGAACCTAGCAGCCTC	neuronal
AGAACCTAGTGGAAGA	unresolved
AGAACCTCAGGATCTT	oligodendrocyte_OPC
AGAACCTTCTAGAACC	neuronal
AGAACCTTCTCTCGCA	unresolved
AGAAGCGTCAGGTGTT	astrocyte
AGACAAAAGATACTGA	unresolved
AGACAAACATAGCACT	ambiguous_or_doublet
AGACAAATCCCTCATG	oligodendrocyte_OPC
AGACACTCACGTCTCT	oligodendrocyte_OPC
AGACACTCATTACTCT	unresolved
AGACACTGTCTGTCAA	astrocyte
AGACACTGTGTATTGC	neuronal
AGACACTTCCGCTAGG	unresolved
AGACAGGGTACTAACC	unresolved
AGACAGGGTTCTCCCA	astrocyte
AGACAGGTCTAGCCTC	astrocyte
AGACCATAGATTGACA	astrocyte
AGACCATCACGAAAGC	oligodendrocyte_OPC
AGACCATGTACCCACG	oligodendrocyte_OPC
AGACCATGTTAAACAG	astrocyte
AGACCCGCAAAGGCAC	oligodendrocyte_OPC
AGACCCGCAGAAATTG	neuronal
AGACCCGGTTTAAGGA	unresolved
AGACTCACAACTCGAT	neuronal
AGACTCACATGACCCG	oligodendrocyte_OPC
AGACTCAGTGCTTCAA	unresolved
AGAGAATAGAAACACT	oligodendrocyte_OPC
AGAGAATAGAGAGCAA	neuronal
AGAGAATGTCCGAAGA	neuronal
AGAGAGCCAAGATGTA	unresolved
AGAGAGCGTTGTACGT	unresolved
AGAGAGCTCACAGTGT	oligodendrocyte_OPC
AGAGCAGAGACGGTTG	microglia_immune
AGAGCAGCAGTCGTTA	oligodendrocyte_OPC
AGAGCAGTCGGCCCAA	unresolved
AGAGCAGTCTATCGGA	oligodendrocyte_OPC
AGAGCCCGTCAGTTTG	unresolved
AGAGCCCGTCCGAAAG	astrocyte
AGAGCCCTCTCACGAA	oligodendrocyte_OPC
AGATAGAAGCCGTTAT	ambiguous_or_doublet
AGATAGACAGGACAGT	oligodendrocyte_OPC
AGATCCAAGAGGCGTT	unresolved
AGATCCAAGCTCACTA	oligodendrocyte_OPC
AGATCCAAGTTTCGAC	microglia_immune
AGATCCAGTTCATCGA	unresolved
AGATCCATCCATAGAC	oligodendrocyte_OPC
AGATGAAAGCGCAATG	oligodendrocyte_OPC
AGATGAAAGTAAATGC	unresolved
AGATGAAAGTTGCCTA	unresolved
AGATGAACACTCAAGT	oligodendrocyte_OPC
AGATGAAGTTGCTTGA	oligodendrocyte_OPC
AGATGCTGTCGCCACA	astrocyte
AGCATCAAGCTTCTAG	unresolved
AGCATCAAGGCCGCTT	oligodendrocyte_OPC
AGCATCAAGTAGTCTC	neuronal
AGCCAATGTCAGTTTG	oligodendrocyte_OPC
AGCCAATTCATTTGTC	unresolved
AGCCAATTCTCTGGTC	oligodendrocyte_OPC
AGCCACGCAAGATGGC	astrocyte
AGCCACGCAGGGCTTC	neuronal
AGCCACGGTACCGGCT	unresolved
AGCCAGCAGAAACTAC	unresolved
AGCCAGCGTAGGTCAG	unresolved
AGCCAGCTCTGGGCGT	oligodendrocyte_OPC
AGCGATTGTAGGGAGG	neuronal
AGCGCCAAGTTAGTGA	unresolved
AGCGCCACAAAGGGTC	astrocyte
AGCGCCAGTCCGGTCA	neuronal
AGCGCCAGTGATTGGG	unresolved
AGCGCCAGTGTGCCTG	neuronal
AGCGCCAGTTACGGAG	neuronal
AGCGCCAGTTATTCCT	unresolved
AGCGCTGAGGATACGC	unresolved
AGCGCTGAGGTACATA	unresolved
AGCGCTGCACGACGCT	oligodendrocyte_OPC
AGCGCTGCAGGCATGA	unresolved
AGCGCTGCATTGAAAG	neuronal
AGCGCTGGTATCGATC	neuronal
AGCGTATTCAGACCCG	neuronal
AGCGTATTCGCGGACT	astrocyte
AGCGTCGCAGGATCTT	unresolved
AGCTTCCAGCAAACAT	oligodendrocyte_OPC
AGCTTCCAGGTTGGTG	astrocyte
AGCTTCCCAACCTAAC	unresolved
AGCTTCCCAAGCTCTA	unresolved
AGCTTCCCACTCCGAG	neuronal
AGCTTCCCAGTGAGCA	neuronal
AGGAAATAGCTGACTT	astrocyte
AGGAAATGTAACGCGA	oligodendrocyte_OPC
AGGAATATCGATGGAG	oligodendrocyte_OPC
AGGACGACAATCGCAT	astrocyte
AGGACGATCATGAGAA	astrocyte
AGGACTTCAAAGTATG	oligodendrocyte_OPC
AGGACTTCAGAACTCT	unresolved
AGGACTTCATGGAGAC	ambiguous_or_doublet
AGGACTTGTAAGATCA	oligodendrocyte_OPC
AGGACTTGTCACTTAG	astrocyte
AGGACTTTCTAGTTCT	oligodendrocyte_OPC
AGGAGGTCAAGCGCAA	unresolved
AGGAGGTTCGTAGTCA	astrocyte
AGGATAACATATGAAG	unresolved
AGGATCTCAGCTATTG	neuronal
AGGATCTGTGGGCTCT	unresolved
AGGCATTAGCAGGCAT	unresolved
AGGCATTAGTACAACA	astrocyte
AGGCATTAGTGGAAGA	unresolved
AGGCATTAGTTTCGAC	unresolved
AGGCATTCAAGTGTCT	unresolved
AGGCATTCAATGTTGC	neuronal
AGGCATTTCTCCGAAA	unresolved
AGGCCACAGCCAAGGT	astrocyte
AGGCCACCATAAGCGG	neuronal
AGGCCACCATCTCCCA	neuronal
AGGCTGCCAGACCTAT	unresolved
AGGCTGCTCTAGCCTC	astrocyte
AGGGAGTAGCGAGTCA	oligodendrocyte_OPC
AGGGAGTGTGCATGAG	astrocyte
AGGGAGTTCAGATGCT	oligodendrocyte_OPC
AGGGCCTCATGGAATA	neuronal
AGGGCTCAGCCTCTGG	astrocyte
AGGGCTCCAGAAACCG	oligodendrocyte_OPC
AGGGTCCAGCTAATGA	microglia_immune
AGGGTGAGTTAGAGAT	astrocyte
AGGGTTTAGCACACAG	unresolved
AGGGTTTAGCGAGTCA	oligodendrocyte_OPC
AGGGTTTGTGCTGTCG	unresolved
AGGGTTTGTTTCGATG	oligodendrocyte_OPC
AGGGTTTTCGACACTA	unresolved
AGGGTTTTCTAGAACC	oligodendrocyte_OPC
AGGTAGGAGAGACAAG	astrocyte
AGGTAGGAGTGATCGG	unresolved
AGGTAGGCAACGACAG	oligodendrocyte_OPC
AGGTAGGCAGGTCCCA	unresolved
AGGTAGGGTCCCAAAT	unresolved
AGGTAGGTCGCACGGT	oligodendrocyte_OPC
AGGTAGGTCTCCATAT	oligodendrocyte_OPC
AGGTCATCATCTTTCA	oligodendrocyte_OPC
AGGTCATGTCGAACAG	unresolved
AGGTCATTCTGTTCAT	oligodendrocyte_OPC
AGGTCTAGTCATCCGG	vascular
AGGTCTATCGAACCTA	ambiguous_or_doublet
AGGTGTTAGTACCGGA	unresolved
AGGTGTTAGTATAGGT	unresolved
AGGTGTTAGTTTGAGA	ambiguous_or_doublet
AGGTGTTCAATATCCG	astrocyte
AGGTGTTCAGACTGCC	unresolved
AGGTTACAGGTTAAAC	oligodendrocyte_OPC
AGGTTACCAGTCGGAA	unresolved
AGGTTACTCCTACACC	microglia_immune
AGGTTGTAGAAACCAT	ambiguous_or_doublet
AGGTTGTCACACAGCC	oligodendrocyte_OPC
AGGTTGTCAGGGATAC	astrocyte
AGGTTGTTCTAGACCA	astrocyte
AGTAACCCACCTGTCT	astrocyte
AGTAACCTCCGATAAC	neuronal
AGTAACCTCTTACTGT	unresolved
AGTAACCTCTTGGCTC	unresolved
AGTACCAAGCGGACAT	unresolved
AGTACCACACAAGTGG	oligodendrocyte_OPC
AGTACCACACCGCTGA	microglia_immune
AGTACTGAGTCAGAGC	oligodendrocyte_OPC
AGTACTGGTCTTTCTA	unresolved
AGTACTGGTGATACTC	neuronal
AGTAGCTAGTAACGTA	neuronal
AGTAGCTCACAAGTTC	neuronal
AGTAGCTCATAGACTC	neuronal
AGTAGTCGTCTTCCGT	microglia_immune
AGTCAACCACCAATTG	microglia_immune
AGTCACAAGGGTTAGC	oligodendrocyte_OPC
AGTCACACAGGGTTGA	astrocyte
AGTCACAGTCATGACT	unresolved
AGTCACAGTTGTGTAC	neuronal
AGTCACATCACCACAA	astrocyte
AGTCACATCATTCGTT	astrocyte
AGTCATGAGGAAGTGA	neuronal
AGTCATGAGTATAGGT	astrocyte
AGTCATGCAAATGGAT	oligodendrocyte_OPC
AGTCTCCAGAATCGTA	oligodendrocyte_OPC
AGTCTCCGTATGATCC	oligodendrocyte_OPC
AGTCTCCTCCCGAACG	unresolved
AGTGACTCATCCGATA	neuronal
AGTGACTGTCATGGCC	neuronal
AGTGATCCAAAGTGTA	oligodendrocyte_OPC
AGTGCCGAGACCCGCT	astrocyte
AGTGCCGAGTTTGCTG	unresolved
AGTGCCGCAGCTCTGG	ambiguous_or_doublet
AGTGTTGAGACCTGGA	astrocyte
AGTGTTGCATGGTACT	astrocyte
AGTGTTGTCCTCTGCA	microglia_immune
AGTTAGCCACCTGCGA	unresolved
AGTTCCCAGCAAACAT	unresolved
AGTTCCCAGTTCACTG	oligodendrocyte_OPC
AGTTCCCGTGAGGCAT	neuronal
AGTTCGACAAACAGGC	astrocyte
AGTTCGACATCTGTTT	oligodendrocyte_OPC
AGTTCGAGTCCAGAAG	unresolved
AGTTCGATCGATACGT	astrocyte
ATACCGAAGGTAGACC	unresolved
ATACCGAGTCCACTCT	astrocyte
ATACCTTGTATTCCTT	astrocyte
ATACCTTGTGCTCCGA	oligodendrocyte_OPC
ATACTTCTCGGCATAT	unresolved
ATAGACCAGGCTTAGG	vascular
ATAGACCCAAAGGAGA	unresolved
ATAGACCCACTATCCC	unresolved
ATAGACCTCGCTGACG	oligodendrocyte_OPC
ATAGAGAAGTATGCAA	astrocyte
ATAGAGACAATTTCGG	vascular
ATAGAGAGTCTTGGTA	oligodendrocyte_OPC
ATAGAGAGTTACCCAA	unresolved
ATAGGCTAGCCTCACG	oligodendrocyte_OPC
ATAGGCTCAATCGCAT	astrocyte
ATAGGCTGTCGTCAGC	astrocyte
ATAGGCTTCGCCTTGT	oligodendrocyte_OPC
ATATCCTGTTCGGCTG	microglia_immune
ATATCCTGTTTCAGAC	neuronal
ATATCCTTCAAGAGTA	oligodendrocyte_OPC
ATATCCTTCACTGATG	oligodendrocyte_OPC
ATATCCTTCTAACGGT	vascular
ATATCCTTCTGCAGCG	astrocyte
ATCACAGAGAAGCTCG	unresolved
ATCACAGCAATAGAGT	neuronal
ATCACAGTCCCAATAG	unresolved
ATCACGAAGCCTAACT	oligodendrocyte_OPC
ATCACGATCAGTCATG	oligodendrocyte_OPC
ATCACGATCCTAGCCT	microglia_immune
ATCACTTAGGTTCCGC	vascular
ATCACTTCAATTCACG	unresolved
ATCATTCAGGTCCCGT	unresolved
ATCATTCGTTTACCAG	astrocyte
ATCCACCAGAAAGTCT	unresolved
ATCCACCAGCGGATCA	unresolved
ATCCACCAGTAGTGCG	oligodendrocyte_OPC
ATCCACCCATTAAAGG	microglia_immune
ATCCACCTCGTCTACC	neuronal
ATCCATTCAAATGATG	unresolved
ATCCATTCACAGACGA	microglia_immune
ATCCCTGAGCTCGACC	microglia_immune
ATCCCTGCATGACGAG	astrocyte
ATCCGTCGTCCTACAA	oligodendrocyte_OPC
ATCCGTCGTGGTCTGC	oligodendrocyte_OPC
ATCCGTCGTTAAACAG	unresolved
ATCCGTCGTTGACGGA	oligodendrocyte_OPC
ATCCGTCTCCGCGGAT	vascular
ATCCGTCTCGCTGATA	astrocyte
ATCCTATAGCATCGAG	oligodendrocyte_OPC
ATCCTATCATTGAGCT	oligodendrocyte_OPC
ATCCTATTCACATTGG	astrocyte
ATCCTATTCGGCACTG	unresolved
ATCGCCTAGCTTTGTG	oligodendrocyte_OPC
ATCGCCTCAGCGAACA	oligodendrocyte_OPC
ATCGCCTTCTTCTTCC	neuronal
ATCGGATCATGACAAA	neuronal
ATCGGATTCAATCGGT	neuronal
ATCGGATTCCATCTAT	oligodendrocyte_OPC
ATCGGATTCTGCCTGT	unresolved
ATCGGCGAGGCGCTCT	unresolved
ATCGGCGCATGACAAA	unresolved
ATCGGCGTCCACGAAT	unresolved
ATCGGCGTCGTAACTG	neuronal
ATCGTAGCAGTAGAAT	microglia_immune
ATCGTCCTCACCTCAC	oligodendrocyte_OPC
ATCGTCCTCGGACCAC	unresolved
ATCGTCCTCTAAACGC	oligodendrocyte_OPC
ATCGTGAAGGTAAGAG	astrocyte
ATCGTGACAGGTGACA	oligodendrocyte_OPC
ATCGTGATCAAGTTGC	oligodendrocyte_OPC
ATCTCTAAGTCATGGG	oligodendrocyte_OPC
ATCTTCAAGCCTGAAG	oligodendrocyte_OPC
ATGAAAGAGCGACTTT	neuronal
ATGAAAGAGGTACCTT	neuronal
ATGAAAGGTTCAATCG	oligodendrocyte_OPC
ATGAAAGTCTACCCAC	astrocyte
ATGACCATCACTTGGA	neuronal
ATGAGGGCAATTGAGA	unresolved
ATGAGGGCACGTCATA	neuronal
ATGAGGGCACTCAAGT	neuronal
ATGAGGGGTCCCGCAA	unresolved
ATGAGGGGTTGTATGC	unresolved
ATGAGTCAGAATTTGG	unresolved
ATGAGTCCACAATGTC	astrocyte
ATGAGTCCAGACCATT	unresolved
ATGAGTCGTATTGGCT	unresolved
ATGATCGAGTAACGTA	unresolved
ATGATCGGTAGATCCT	neuronal
ATGATCGTCATGCGGC	unresolved
ATGATCGTCCACGTGG	oligodendrocyte_OPC
ATGATCGTCCGTTGAA	oligodendrocyte_OPC
ATGCATGAGGCCTGAA	oligodendrocyte_OPC
ATGCATGCAACGGCCT	oligodendrocyte_OPC
ATGCATGGTAGGAGGG	neuronal
ATGCATGGTAGTGCGA	unresolved
ATGCCTCAGCCTCACG	neuronal
ATGCCTCAGGTCGTCC	oligodendrocyte_OPC
ATGCCTCGTCTCGGGT	unresolved
ATGCCTCGTTACTCAG	unresolved
ATGCGATGTTGGGTAG	unresolved
ATGCGATTCACAAGAA	oligodendrocyte_OPC
ATGGAGGCACTTGAGT	unresolved
ATGGAGGTCAGCTGAT	ambiguous_or_doublet
ATGGATCGTCTTGCTC	neuronal
ATGGATCGTGACTGAG	astrocyte
ATGGGAGAGCAGGGAG	unresolved
ATGGGAGAGGATTCCT	unresolved
ATGGGAGAGTGAGTGC	oligodendrocyte_OPC
ATGGGAGTCGGAACTT	neuronal
ATGGGTTAGCTGACAG	unresolved
ATGGGTTGTCAGACTT	astrocyte
ATGGGTTGTCCTGGTG	oligodendrocyte_OPC
ATGGGTTTCGATCCCT	oligodendrocyte_OPC
ATGGTTGGTCCACACG	oligodendrocyte_OPC
ATGTCCCAGTGGTTAA	unresolved
ATGTCCCTCTAATTCC	unresolved
ATGTCTTCAAGTTTGC	unresolved
ATGTCTTTCATTGTGG	unresolved
ATGTCTTTCTCATTAC	neuronal
ATTACCTAGCAGCCCT	unresolved
ATTACCTAGTGTAGAT	ambiguous_or_doublet
ATTACCTCACAAGTGG	oligodendrocyte_OPC
ATTACCTCACTTCCTG	oligodendrocyte_OPC
ATTACTCTCCATCTGC	oligodendrocyte_OPC
ATTACTCTCGAGTGGA	unresolved
ATTATCCAGGTTACAA	ambiguous_or_doublet
ATTATCCTCTCCATAT	neuronal
ATTCACTCATTACGGT	neuronal
ATTCACTGTTCCTTGC	unresolved
ATTCACTTCCCAGTGG	unresolved
ATTCAGGCAATACGAA	astrocyte
ATTCAGGTCACGAGGA	microglia_immune
ATTCAGGTCCCGAGGT	neuronal
ATTCATCTCCGATAAC	unresolved
ATTCCATTCAGTCTTT	oligodendrocyte_OPC
ATTCCCGAGTCATGCT	neuronal
ATTCCCGAGTGGTTAA	astrocyte
ATTCCCGCAAAGGGCT	unresolved
ATTCCCGCATGGTGGA	unresolved
ATTCCCGGTACAGTCT	oligodendrocyte_OPC
ATTCCCGGTCAGGTAG	astrocyte
ATTCCCGTCCAAGCAT	oligodendrocyte_OPC
ATTCCTAAGTCTCTGA	unresolved
ATTCCTAAGTTAGAAC	ambiguous_or_doublet
ATTCCTATCGCGTAGC	oligodendrocyte_OPC
ATTCGTTCATCTTAGG	neuronal
ATTCGTTGTACTTCCC	unresolved
ATTCGTTGTCGGATTT	oligodendrocyte_OPC
ATTCGTTGTTTGTTGG	oligodendrocyte_OPC
ATTCTACCATCGGTTA	oligodendrocyte_OPC
ATTCTACGTCGGATTT	neuronal
ATTCTACTCAACCTTT	oligodendrocyte_OPC
ATTCTTGAGGAAAGTG	unresolved
ATTCTTGAGGGTGAGG	neuronal
ATTCTTGAGTCACTCA	oligodendrocyte_OPC
ATTCTTGCATAGGTAA	neuronal
ATTCTTGTCTCTATAC	unresolved
ATTCTTGTCTGTGCTC	oligodendrocyte_OPC
ATTGTTCCAGAGGTAC	vascular
ATTGTTCCAGGTCCGT	oligodendrocyte_OPC
ATTGTTCTCAAGCCCG	microglia_immune
ATTGTTCTCAGGAGAC	unresolved
ATTGTTCTCCGAGAAG	oligodendrocyte_OPC
ATTTACCCATAGTCGT	neuronal
ATTTACCTCATTGAGC	neuronal
ATTTACCTCGTCCTCA	oligodendrocyte_OPC
ATTTCACGTAACGATA	oligodendrocyte_OPC
ATTTCTGAGAGAGCCT	oligodendrocyte_OPC
ATTTCTGAGCGACTTT	oligodendrocyte_OPC
ATTTCTGAGTGGGAAA	unresolved
ATTTCTGCACGGTGCT	unresolved
ATTTCTGGTAGGCAGT	oligodendrocyte_OPC
ATTTCTGGTGTTGATC	oligodendrocyte_OPC
ATTTCTGTCCTTCTAA	neuronal
CAAAGAAAGTTCATGC	ambiguous_or_doublet
CAAAGAACAGCACAGA	oligodendrocyte_OPC
CAAAGAACAGTGACCC	unresolved
CAAAGAAGTCGCGTTG	neuronal
CAACAACGTCTAGGCC	oligodendrocyte_OPC
CAACAGTCAGCTTCGG	oligodendrocyte_OPC
CAACAGTGTACTGGGA	astrocyte
CAACAGTTCGCTGATA	oligodendrocyte_OPC
CAACCAAGTGGCATCC	astrocyte
CAACCAAGTGTCACAT	oligodendrocyte_OPC
CAACCAAGTTAATGAG	neuronal
CAACCAATCCTCTTTC	oligodendrocyte_OPC
CAACCTCCAATAAGGT	astrocyte
CAACCTCTCGACCTAA	oligodendrocyte_OPC
CAACCTCTCTCATTGT	oligodendrocyte_OPC
CAACGATAGAAGCTCG	astrocyte
CAACGATAGACAGCGT	vascular
CAACGATCATCTTAGG	unresolved
CAACGGCAGTTGCCCG	neuronal
CAACGGCGTTCCGTTC	astrocyte
CAAGACTAGTCAGAGC	oligodendrocyte_OPC
CAAGAGGAGAAACTAC	neuronal
CAAGAGGCAAGTCCCG	neuronal
CAAGAGGTCGATTTCT	astrocyte
CAAGCTAAGTTCCGTA	unresolved
CAAGCTAGTACAACGG	unresolved
CAAGCTAGTGTGTGTT	astrocyte
CAAGCTATCCATCGTC	astrocyte
CAAGGGACAAGCTCTA	oligodendrocyte_OPC
CAAGGGACAGAGTGAC	astrocyte
CAAGGGAGTACCAGAG	astrocyte
CAAGGGAGTGACCGAA	astrocyte
CAATACGAGGGAGATA	vascular
CAATACGGTCGAGCAA	astrocyte
CAATACGTCAAACCTG	neuronal
CAATACGTCCCAAGCG	astrocyte
CAATACGTCGACGATT	astrocyte
CAATCGATCCATTTCA	astrocyte
CAATCGATCGCTGTTC	neuronal
CAATGACGTGTAAATG	neuronal
CAATTTCAGCTCGACC	neuronal
CAATTTCGTACTCGTA	unresolved
CAATTTCTCAACGCTA	astrocyte
CACAACAAGAAAGCGA	oligodendrocyte_OPC
CACAACAAGGTCATCT	ambiguous_or_doublet
CACAACATCAAGTGTC	unresolved
CACAACATCACCGGTG	oligodendrocyte_OPC
CACAGATCACGACGCT	oligodendrocyte_OPC
CACAGATCATAGGCGA	neuronal
CACAGATTCGGTTCAA	oligodendrocyte_OPC
CACAGATTCGTGCGAC	unresolved
CACAGGCAGCTGCGAA	neuronal
CACAGGCAGGTAAACT	astrocyte
CACAGGCAGGTCATTC	unresolved
CACAGGCAGTATTAGG	neuronal
CACAGGCTCGCGGTAC	oligodendrocyte_OPC
CACATGACACCACATA	unresolved
CACATGACATAGGTTC	oligodendrocyte_OPC
CACCAAATCAAACCTG	astrocyte
CACCGTTCAAGCTACT	unresolved
CACCGTTCAGCAGTGA	neuronal
CACCGTTGTTCTTCAT	neuronal
CACCGTTTCCCATACC	astrocyte
CACCGTTTCCCATTTA	microglia_immune
CACGAATAGAAGCGGG	astrocyte
CACGAATAGGACACTG	neuronal
CACGAATCATAACGGG	oligodendrocyte_OPC
CACGAATGTATGTCCA	neuronal
CACGAATGTCATGCAT	oligodendrocyte_OPC
CACGGGTGTTACACAC	oligodendrocyte_OPC
CACGGGTTCGACGAGA	unresolved
CACGGGTTCGCTTGCT	unresolved
CACGTGGAGCAATTAG	astrocyte
CACGTGGCACGTCTCT	unresolved
CACGTGGCATAGCACT	microglia_immune
CACGTGGCATGCAGGA	neuronal
CACGTGGTCACCATCC	microglia_immune
CACGTTCCAAGCGAGT	unresolved
CACGTTCCATCCGCGA	astrocyte
CACTAAGAGAGTCACG	unresolved
CACTAAGAGCATAGGC	oligodendrocyte_OPC
CACTAAGAGTGGTGAC	oligodendrocyte_OPC
CACTAAGCATAATGAG	microglia_immune
CACTAAGCATCATGAC	oligodendrocyte_OPC
CACTAAGTCATTCATC	oligodendrocyte_OPC
CACTAAGTCCCTTTGG	neuronal
CACTGAACACTCGATA	neuronal
CACTGAAGTTCCGCGA	oligodendrocyte_OPC
CACTGGGCATGGGTTT	unresolved
CACTGGGTCTAGACAC	neuronal
CACTGGGTCTTGCAGA	neuronal
CACTGTCAGGGAGGTG	unresolved
CACTGTCCACTACAGT	unresolved
CACTGTCTCACTTATC	oligodendrocyte_OPC
CACTGTCTCGGAAACG	unresolved
CACTGTCTCGTTTACT	oligodendrocyte_OPC
CACTTCGGTACGTGTT	unresolved
CACTTCGTCATGCGGC	astrocyte
CAGAGCCAGTCCCAAT	astrocyte
CAGAGCCCACTATCCC	vascular
CAGAGCCTCCTAGCTC	oligodendrocyte_OPC
CAGATACAGGACAGCT	unresolved
CAGATACAGGTCTTTG	neuronal
CAGATACCAAGTATCC	astrocyte
CAGATACGTCAACGCC	vascular
CAGATACTCTCTCCGA	unresolved
CAGATCAAGAGTCGAC	microglia_immune
CAGATCAAGTCCCAGC	oligodendrocyte_OPC
CAGATCACAGACCAGA	astrocyte
CAGATCACATTCATCT	neuronal
CAGATCAGTGCCCAGT	unresolved
CAGATCATCACCGCTT	oligodendrocyte_OPC
CAGATCATCATTCACT	astrocyte
CAGATTGAGTGAGGCT	unresolved
CAGATTGCACTGATTG	oligodendrocyte_OPC
CAGATTGGTTGAGGAC	unresolved
CAGATTGTCTTCGACC	oligodendrocyte_OPC
CAGCAATAGCCGAATG	astrocyte
CAGCAATCAATAACCC	unresolved
CAGCAATGTCATCAGT	neuronal
CAGCAATTCACCTTGC	astrocyte
CAGCAATTCGGCACTG	oligodendrocyte_OPC
CAGCACGAGACGCCCT	neuronal
CAGCACGAGGTCACCC	neuronal
CAGCACGCACTGGATT	unresolved
CAGCACGCAGCCCACA	unresolved
CAGCACGCATGTGGCC	oligodendrocyte_OPC
CAGCACGGTCCGTTTC	ambiguous_or_doublet
CAGCACGGTCTTTCTA	oligodendrocyte_OPC
CAGCACGTCCTACACC	astrocyte
CAGCAGCTCCTAGCGG	oligodendrocyte_OPC
CAGCCAGAGTACAACA	unresolved
CAGCCAGGTAACTGCT	vascular
CAGCCAGGTACAAACA	microglia_immune
CAGCCAGGTGTTCGTA	oligodendrocyte_OPC
CAGCCAGTCCTCGCAT	oligodendrocyte_OPC
CAGCGTGAGGGTTTCT	neuronal
CAGCGTGTCCAAGCAT	oligodendrocyte_OPC
CAGCGTGTCTCAACCC	oligodendrocyte_OPC
CAGCGTGTCTTTGGAG	vascular
CAGGGCTAGGACGGAG	unresolved
CAGGGCTCAATAAGGT	oligodendrocyte_OPC
CAGGGCTGTATGACAA	unresolved
CAGGTATAGGCAGCTA	unresolved
CAGGTATCAAATAGCA	astrocyte
CAGTGCGAGGCATCAG	oligodendrocyte_OPC
CAGTTAGAGTTGCGCC	neuronal
CAGTTAGTCTGAGAAA	microglia_immune
CAGTTCCAGGCCTTGC	astrocyte
CAGTTCCCACAGCCAC	neuronal
CAGTTCCCATTCCTAT	unresolved
CAGTTCCGTATCAGGG	oligodendrocyte_OPC
CATAAGCAGATCCGAG	oligodendrocyte_OPC
CATAAGCCACTCCACT	neuronal
CATAAGCGTCGATTAC	oligodendrocyte_OPC
CATAAGCTCACGACTA	astrocyte
CATACAGCAACCGACC	unresolved
CATACAGCAATTCACG	unresolved
CATACAGGTACTTCCC	neuronal
CATACAGGTGGCTACC	unresolved
CATACAGTCTAGCATG	oligodendrocyte_OPC
CATACAGTCTGGTGGC	unresolved
CATACCCGTCCGATCG	unresolved
CATACTTGTCGAATTC	unresolved
CATACTTTCCCAAGTA	neuronal
CATACTTTCCGTGGTG	unresolved
CATACTTTCGTCACCT	oligodendrocyte_OPC
CATACTTTCTGGGAGA	unresolved
CATAGACCAATAGTGA	oligodendrocyte_OPC
CATAGACCAGAGGCAT	astrocyte
CATAGACCAGCTGTAT	oligodendrocyte_OPC
CATAGACGTATAGGGC	neuronal
CATAGACTCGCCTCTA	oligodendrocyte_OPC
CATCAAGCAATCAAGA	oligodendrocyte_OPC
CATCAAGCAATTAGGA	neuronal
CATCAAGCACATACTG	unresolved
CATCAAGCACCTGTCT	oligodendrocyte_OPC
CATCCACAGAAGAACG	unresolved
CATCCACCAAAGCAAT	unresolved
CATCCACCAAATGGCG	unresolved
CATCCACCAGCTACCG	oligodendrocyte_OPC
CATCCACTCAAACGTC	neuronal
CATCCACTCCCAACTC	astrocyte
CATCCCATCGATAACC	unresolved
CATCCGTAGGCAGGTT	oligodendrocyte_OPC
CATCCGTAGTAAGAGG	astrocyte
CATCCGTAGTTTGTCG	oligodendrocyte_OPC
CATCCGTCATCTAGAC	neuronal
CATCCGTGTCTCGGAC	oligodendrocyte_OPC
CATCCGTGTGTCACAT	neuronal
CATCGCTAGCATCAGG	neuronal
CATCGCTAGTAGTCAA	microglia_immune
CATCGGGCACTCCACT	unresolved
CATCGGGGTAACAAGT	neuronal
CATCGTCAGCAATAGT	oligodendrocyte_OPC
CATCGTCGTATACCTG	oligodendrocyte_OPC
CATGAGTCAAGTATAG	neuronal
CATGAGTCACACACGC	astrocyte
CATGAGTTCCTCACCA	oligodendrocyte_OPC
CATGCAACACGGTGCT	oligodendrocyte_OPC
CATGCAACATGGCCCA	neuronal
CATGCAATCACGAACT	oligodendrocyte_OPC
CATGCAATCATCTATC	oligodendrocyte_OPC
CATGCAATCTGCGTCT	oligodendrocyte_OPC
CATGCCTTCTGCAGCG	astrocyte
CATGCGGAGTGGCCTC	microglia_immune
CATGCGGGTTGAGAGC	neuronal
CATGCGGTCCGATGTA	neuronal
CATGCTCAGTGGTTGG	astrocyte
CATGCTCCAACACGTT	neuronal
CATGCTCCACGACGTC	neuronal
CATGCTCCAGGTCTCG	astrocyte
CATGCTCGTATCCTCC	unresolved
CATGCTCGTCATCTAG	oligodendrocyte_OPC
CATGGATCAAACTCTG	unresolved
CATGGATCAGACCTAT	astrocyte
CATGGATGTAAGATAC	ambiguous_or_doublet
CATGGATTCATTACTC	astrocyte
CATGGATTCTCACGAA	unresolved
CATGGTAAGGATTTAG	ambiguous_or_doublet
CATTCATAGCGCAATG	unresolved
CATTCATAGGTAAGAG	microglia_immune
CATTCATCACCTGAAT	neuronal
CATTCATGTTTGTTCT	oligodendrocyte_OPC
CATTCATTCCAATCCC	unresolved
CATTCATTCTATCACT	neuronal
CATTCCGCATGTGTCA	neuronal
CATTCCGTCTATCGCC	neuronal
CATTGAGAGACCCGCT	neuronal
CATTGAGAGGTCCGAA	oligodendrocyte_OPC
CATTGAGGTAGCACAG	astrocyte
CATTGAGGTATAGGGC	neuronal
CATTGAGTCCTACCAC	neuronal
CATTGAGTCTAGACAC	unresolved
CATTGCCGTCCGAAAG	oligodendrocyte_OPC
CATTGCCTCAGCCTCT	unresolved
CATTGCCTCGCGTGCA	oligodendrocyte_OPC
CATTGTTAGAAGGCTC	unresolved
CATTGTTAGCAACAAT	oligodendrocyte_OPC
CATTGTTAGGGCCTCT	unresolved
CATTGTTGTTCTCTAT	neuronal
CATTTCAAGATTGTGA	astrocyte
CATTTCATCTGTCTCG	oligodendrocyte_OPC
CCAAGCGGTATTTCTC	neuronal
CCAAGCGGTCGACTGC	neuronal
CCAAGCGGTGAGCAGT	unresolved
CCAAGCGGTTCTGAGT	neuronal
CCAAGCGTCTGGTGCG	oligodendrocyte_OPC
CCAATGAAGCTAAACA	unresolved
CCAATGAAGTGACCTT	astrocyte
CCAATGACACACCTGG	unresolved
CCAATGACACTCCACT	neuronal
CCAATTTCACGCTGAC	neuronal
CCAATTTCAGCCATTA	neuronal
CCAATTTGTCCGAAGA	unresolved
CCAATTTTCAAACTGC	unresolved
CCAATTTTCGTTTACT	astrocyte
CCACAAACAAGGAGTC	oligodendrocyte_OPC
CCACAAAGTTCACGAT	unresolved
CCACAAATCTAGATCG	oligodendrocyte_OPC
CCACACTCAATTTCGG	vascular
CCACACTGTCTAACGT	neuronal
CCACCATAGAGCAGCT	oligodendrocyte_OPC
CCACCATAGCCTCTGG	unresolved
CCACGAGCACCTTCGT	ambiguous_or_doublet
CCACGAGGTCGTGATT	unresolved
CCACGAGTCTCATGCC	unresolved
CCACGTTAGTCATCCA	oligodendrocyte_OPC
CCACGTTCACCGCTAG	unresolved
CCACGTTTCGGCTATA	oligodendrocyte_OPC
CCACTTGAGAGCCGAT	oligodendrocyte_OPC
CCACTTGAGCAGCCTC	neuronal
CCACTTGAGCTGCGAA	neuronal
CCACTTGCACGGGCTT	unresolved
CCACTTGCATTCTCCG	oligodendrocyte_OPC
CCACTTGGTATCGAAA	astrocyte
CCATAAGTCGGCTCTT	oligodendrocyte_OPC
CCATCACAGAGAGCAA	ambiguous_or_doublet
CCATCACAGGTCGTCC	neuronal
CCATCACGTCGAACAG	unresolved
CCATCACTCACTAGCA	ambiguous_or_doublet
CCATCACTCGTAGCCG	astrocyte
CCCAACTGTCACAATC	neuronal
CCCATTGAGCAGTACG	unresolved
CCCATTGAGGTTGTTC	neuronal
CCCATTGCAAAGTGTA	vascular
CCCATTGCAGTCTACA	oligodendrocyte_OPC
CCCATTGGTATCCTTT	ambiguous_or_doublet
CCCATTGGTTACCCTC	oligodendrocyte_OPC
CCCATTGTCCAACCGG	vascular
CCCATTGTCCTCTAAT	neuronal
CCCGAAGAGAAGTATC	oligodendrocyte_OPC
CCCGAAGCAACCAATC	oligodendrocyte_OPC
CCCGAAGCATGCCGAC	unresolved
CCCGAAGTCACAAGAA	astrocyte
CCCGAAGTCTTACTGT	vascular
CCCGAAGTCTTGCAAG	oligodendrocyte_OPC
CCCGGAACAATCTGCA	unresolved
CCCTAACAGTGCTACT	unresolved
CCCTCAAAGTAAACGT	neuronal
CCCTCAACAAGTGGTG	oligodendrocyte_OPC
CCCTCAAGTTGACGGA	oligodendrocyte_OPC
CCCTCAATCGCATGAT	oligodendrocyte_OPC
CCCTCTCAGACTCTAC	microglia_immune
CCCTCTCCACCAGACC	unresolved
CCCTCTCGTGAGATCG	astrocyte
CCCTCTCTCGCACGAC	neuronal
CCCTCTCTCGGTTGTA	oligodendrocyte_OPC
CCCTCTCTCTGCGGAC	oligodendrocyte_OPC
CCCTGATAGGAATTAC	oligodendrocyte_OPC
CCCTGATGTTCGGTCG	oligodendrocyte_OPC
CCCTGATGTTGAGTCT	neuronal
CCCTTAGGTACTGAGG	microglia_immune
CCCTTAGGTCAGCTTA	unresolved
CCCTTAGGTGATACAA	oligodendrocyte_OPC
CCCTTAGTCAATCTTC	astrocyte
CCGAACGTCGCTGACG	unresolved
CCGATCTAGTCTAGCT	neuronal
CCGATCTTCCCGAGTG	astrocyte
CCGATCTTCCTCATAT	unresolved
CCGATGGAGAACGCGT	astrocyte
CCGATGGCATGGGATG	unresolved
CCGCAAGCACTGCTTC	unresolved
CCGCAAGTCACCTTAT	unresolved
CCGCAAGTCACGGACC	astrocyte
CCGCAAGTCAGACCGC	oligodendrocyte_OPC
CCGCAAGTCGATTGAC	neuronal
CCGGACAAGAAGTGTT	neuronal
CCGGACAAGTGAGGCT	oligodendrocyte_OPC
CCGGACACAACGGCTC	unresolved
CCGGACAGTATCACGT	astrocyte
CCGGACAGTATTTCGG	oligodendrocyte_OPC
CCGGACATCCGTATAG	unresolved
CCGGACATCGACGTCG	neuronal
CCGGGTACATGCAGCC	astrocyte
CCGGGTATCGTAACAC	unresolved
CCGGTAGAGTAAACGT	vascular
CCGGTAGAGTACGAGC	neuronal
CCGGTAGAGTCATGGG	unresolved
CCGGTGAAGGCATCTT	neuronal
CCGGTGAAGTGCACTT	oligodendrocyte_OPC
CCGGTGACAAGCAGGT	neuronal
CCGGTGACACCACATA	astrocyte
CCGGTGATCAGTCTTT	oligodendrocyte_OPC
CCGGTGATCCGTTTCG	vascular
CCGGTGATCTCACTCG	astrocyte
CCGTAGGCAGAGTCTT	unresolved
CCGTAGGCAGATCACT	unresolved
CCGTAGGGTTATGACC	oligodendrocyte_OPC
CCGTGAGCAGTTGTCA	unresolved
CCGTGAGTCGACCAAT	unresolved
CCGTTCATCGCGATCG	astrocyte
CCTAACCAGGAAAGTG	neuronal
CCTAACCGTAGGCTGA	unresolved
CCTACGTTCTGCTCTG	microglia_immune
CCTATCGCATGTCTAG	unresolved
CCTATCGTCACTGCTC	neuronal
CCTCAACAGACGGTCA	unresolved
CCTCAACAGGCACCAA	unresolved
CCTCAACTCACAACCA	neuronal
CCTCACACAATAGGAT	astrocyte
CCTCACACACGCACCA	astrocyte
CCTCACATCAAACGTC	unresolved
CCTCAGTCACATACGT	unresolved
CCTCATGAGGTGCTGA	unresolved
CCTCATGCAGCTGTGC	neuronal
CCTCATGGTGGACCAA	astrocyte
CCTCATGGTTGGATCT	unresolved
CCTCATGTCACTACGA	astrocyte
CCTCATGTCCCATGGG	astrocyte
CCTCCAACAACTTGCA	ambiguous_or_doublet
CCTCCAACACCCGTAG	microglia_immune
CCTCCAAGTATGTGTC	astrocyte
CCTCCAATCCAATGCA	unresolved
CCTCCTCGTCCTCAGG	unresolved
CCTCCTCGTCGAGCAA	neuronal
CCTCCTCGTGACAGCA	astrocyte
CCTCCTCTCGGCTGGT	ambiguous_or_doublet
CCTCTAGCAGCATTGT	unresolved
CCTCTAGGTCGAGTGA	oligodendrocyte_OPC
CCTCTAGTCACTGTCC	oligodendrocyte_OPC
CCTCTAGTCCATTCAT	oligodendrocyte_OPC
CCTCTCCCAATTCTCT	astrocyte
CCTCTCCGTATAGCTC	astrocyte
CCTCTCCGTCACCGCA	oligodendrocyte_OPC
CCTGCATAGCATCCTA	neuronal
CCTGCATGTCGTGCCA	neuronal
CCTGCATGTTCCGCAG	unresolved
CCTGCATTCGGTAAGG	oligodendrocyte_OPC
CCTGTTGAGCATGGGT	ambiguous_or_doublet
CCTGTTGAGGCGCTTC	oligodendrocyte_OPC
CCTGTTGAGTTGCCTA	microglia_immune
CCTGTTGGTCCCGGTA	microglia_immune
CCTGTTGGTCCTCCAT	oligodendrocyte_OPC
CCTGTTGGTTAGGAGC	oligodendrocyte_OPC
CCTGTTGTCCAAACCA	neuronal
CCTTCAGAGTCGAAAT	astrocyte
CCTTCAGCAACCGCTG	unresolved
CCTTCAGCAATTGCAC	astrocyte
CCTTCAGTCCGATAGT	oligodendrocyte_OPC
CCTTGTGAGCCATATC	oligodendrocyte_OPC
CCTTGTGGTACTCCCT	oligodendrocyte_OPC
CCTTGTGTCACCTACC	astrocyte
CCTTTGGCAGCCCACA	oligodendrocyte_OPC
CCTTTGGGTCTTCCGT	astrocyte
CGAAGGAAGGCGTTGA	oligodendrocyte_OPC
CGAAGGACATCGAAGG	neuronal
CGAAGTTAGAGTAACT	oligodendrocyte_OPC
CGAAGTTAGGTACATA	oligodendrocyte_OPC
CGAAGTTGTGTCCGTG	unresolved
CGAAGTTGTTTCACAG	neuronal
CGAATTGGTAGCACAG	astrocyte
CGACAGCAGACAGTCG	unresolved
CGACAGCCACCTGATA	unresolved
CGACAGCGTCGATTAC	unresolved
CGACAGCGTGAGTAGC	neuronal
CGAGAAGAGACCAGAC	oligodendrocyte_OPC
CGAGAAGAGGTGAGAA	oligodendrocyte_OPC
CGAGAAGCAATTTCTC	astrocyte
CGAGAAGGTCGTCTCT	unresolved
CGAGAAGTCCGAGCTG	oligodendrocyte_OPC
CGAGAAGTCTTGCAAG	astrocyte
CGAGGAAAGTGGACTG	neuronal
CGAGGAAAGTTGGAAT	neuronal
CGAGGAACACTGTGAT	microglia_immune
CGAGGAACAGCGATTT	neuronal
CGAGGAACAGGCATTT	microglia_immune
CGAGGAACATTGAAAG	astrocyte
CGAGGCTAGGTGGCTA	oligodendrocyte_OPC
CGAGGCTCATAATGAG	astrocyte
CGAGGCTGTTTGCCGG	neuronal
CGAGTGCCAAGAATGT	astrocyte
CGAGTGCCACGCGTGT	neuronal
CGAGTGCGTGAAAGTT	neuronal
CGAGTGCTCATACAGC	unresolved
CGAGTGCTCGGACTTA	neuronal
CGAGTTAAGAGGCCAT	oligodendrocyte_OPC
CGAGTTAAGTAGACAT	oligodendrocyte_OPC
CGAGTTACAGCTTCGG	neuronal
CGAGTTACATGAATCC	unresolved
CGAGTTATCGGAAGGT	unresolved
CGATCGGAGTATGAGT	astrocyte
CGATCGGCACCCTTAC	oligodendrocyte_OPC
CGATGCGCAGGTACGA	unresolved
CGATGCGGTGAACCGA	neuronal
CGATGCGGTGACAGCA	oligodendrocyte_OPC
CGATGGCAGGAATTAC	unresolved
CGATGGCCACCTGCGA	oligodendrocyte_OPC
CGATGGCTCAATGCAC	unresolved
CGATGGCTCGCCAGAC	neuronal
CGCAGGTAGCAGATAT	neuronal
CGCAGGTAGGGCTGAT	oligodendrocyte_OPC
CGCAGGTGTGTTAACC	unresolved
CGCAGGTTCCACAGCG	unresolved
CGCATAACAATCGCCG	oligodendrocyte_OPC
CGCATAACACTGGCCA	neuronal
CGCATAACAGTATTCG	astrocyte
CGCATAACATAGAAAC	oligodendrocyte_OPC
CGCATAATCTCGTTTA	neuronal
CGCATAATCTGTTCAT	neuronal
CGCATGGAGCCTGAAG	unresolved
CGCATGGGTTGCATGT	neuronal
CGCATGGTCAGGCGAA	unresolved
CGCCAGAGTTCTCGCT	astrocyte
CGCCAGATCAAGATAG	unresolved
CGCCATTAGCTCATAC	unresolved
CGCCATTGTATCGCAT	neuronal
CGCCATTTCACAAGAA	neuronal
CGCCATTTCGTGCGAC	neuronal
CGGAACCAGCAGCGAT	oligodendrocyte_OPC
CGGAACCCACTGAATC	astrocyte
CGGAACCGTCACTCGG	unresolved
CGGAATTAGATTTGCC	oligodendrocyte_OPC
CGGAATTGTCTCCCTA	neuronal
CGGAGAACACGAAGAC	unresolved
CGGAGAACACGCAGTC	unresolved
CGGAGAACAGGCACTC	neuronal
CGGAGAATCCGAGTGC	astrocyte
CGGCAGTCAAGTGGCA	unresolved
CGGCAGTGTAACAGTA	unresolved
CGGCAGTGTTTACGAC	oligodendrocyte_OPC
CGGCAGTTCCTTTGAT	unresolved
CGGCAGTTCTTGATTC	unresolved
CGGGACTAGAGGATGA	astrocyte
CGGGACTGTTTCGACA	oligodendrocyte_OPC
CGGGACTTCAAAGAAC	neuronal
CGGGACTTCTGCGGAC	astrocyte
CGGGCATAGAAGCGAA	microglia_immune
CGGGCATAGCTGGTGA	unresolved
CGGGCATAGTCGGCCT	astrocyte
CGGGCATGTACCTAAC	astrocyte
CGGGTCAAGAGTATAC	neuronal
CGGGTCACACGCACCA	unresolved
CGGGTCAGTATGGTAA	neuronal
CGGGTCATCGCTCATC	oligodendrocyte_OPC
CGGGTCATCTCTTCAA	oligodendrocyte_OPC
CGTAAGTAGTGATTCC	astrocyte
CGTAAGTAGTTAACGA	unresolved
CGTAAGTCAGCGCTTG	ambiguous_or_doublet
CGTAAGTCATCCGCGA	vascular
CGTAAGTTCTGGCTGG	neuronal
CGTAATGAGCGTTGTT	unresolved
CGTAATGCACGGCACT	unresolved
CGTAGTAAGTGGGAAA	oligodendrocyte_OPC
CGTAGTAGTGCCTTTC	unresolved
CGTAGTAGTGTGGTCC	unresolved
CGTAGTATCGCGCTGA	oligodendrocyte_OPC
CGTAGTATCGCTATTT	neuronal
CGTCAAAAGCACTCGC	astrocyte
CGTCAAACACTCATAG	neuronal
CGTCAAACATTGGATC	astrocyte
CGTCAAAGTAACAAGT	oligodendrocyte_OPC
CGTCAAATCATCGGGC	astrocyte
CGTCAAATCTCTCAAT	unresolved
CGTCCATGTCCATAGT	astrocyte
CGTCCATTCAAAGGTA	oligodendrocyte_OPC
CGTCCATTCCTCTAGC	oligodendrocyte_OPC
CGTGAATGTCAACACT	unresolved
CGTGAATGTCTACAAC	unresolved
CGTGAATGTTTGAACC	astrocyte
CGTGTCTAGTCTCCTC	neuronal
CGTGTCTGTTGTTGTG	oligodendrocyte_OPC
CGTTAGACAGCCTATA	neuronal
CGTTAGATCCGTTTCG	oligodendrocyte_OPC
CGTTCTGCACAGAGCA	oligodendrocyte_OPC
CGTTCTGGTAACCAGG	unresolved
CGTTCTGGTGAGCCAA	oligodendrocyte_OPC
CGTTGGGGTAGCGCTC	unresolved
CGTTGGGGTCCACAGC	vascular
CTAACCCGTAAGATCA	astrocyte
CTAACCCGTACCCGCA	oligodendrocyte_OPC
CTAACCCGTTGGGCCT	neuronal
CTAACCCTCGTGGACC	astrocyte
CTAACCCTCTGAGGTT	astrocyte
CTAACTTAGAGGTGCT	oligodendrocyte_OPC
CTAACTTCAATGTTGC	astrocyte
CTAACTTTCAGGGTAG	unresolved
CTAACTTTCGGTATGT	oligodendrocyte_OPC
CTAAGTGCAGACAATA	oligodendrocyte_OPC
CTAAGTGGTTGTGCAT	microglia_immune
CTAAGTGTCAGTGTGT	unresolved
CTACAGAGTAGACAGC	neuronal
CTACATTAGACATAGT	unresolved
CTACATTAGCAGCGAT	neuronal
CTACATTCACAATGCT	neuronal
CTACATTGTGACTAAA	neuronal
CTACATTTCGAGGCAA	unresolved
CTACCCAAGTCAGGGT	unresolved
CTACCCACAACAGTGG	astrocyte
CTACCCAGTACATTGC	neuronal
CTACCCAGTATGGTTC	oligodendrocyte_OPC
CTACCCAGTTCGAACT	neuronal
CTACCCATCTATCCAT	unresolved
CTACCTGAGATCCAAA	vascular
CTACCTGGTCAAGTTC	unresolved
CTACCTGTCGAGTGGA	neuronal
CTACCTGTCTCTCGCA	neuronal
CTACGGGAGGAGGTTC	oligodendrocyte_OPC
CTACGGGGTACCCACG	neuronal
CTACGGGTCAGAGTTC	astrocyte
CTACGGGTCCTTCACG	neuronal
CTACTATAGTAGAGTT	oligodendrocyte_OPC
CTACTATGTAACACCT	microglia_immune
CTACTATGTAGAATGT	unresolved
CTACTATTCGCCTTGT	unresolved
CTAGACACATTCTCTA	astrocyte
CTAGACAGTGAGCGAT	oligodendrocyte_OPC
CTAGACATCCACGTCT	neuronal
CTAGACATCTGAATCG	astrocyte
CTAGGTACACTACCCT	unresolved
CTAGGTACATGGTACT	oligodendrocyte_OPC
CTAGGTATCCATCTAT	neuronal
CTATAGGAGCATACTC	oligodendrocyte_OPC
CTATAGGAGCTGACCC	unresolved
CTATAGGGTCCGTACG	oligodendrocyte_OPC
CTATCCGAGGTCATAA	oligodendrocyte_OPC
CTATCCGCATCGGATT	oligodendrocyte_OPC
CTATCCGTCGTTCTCG	astrocyte
CTATCTAAGTTGGAGC	unresolved
CTATCTACACTTGTGA	oligodendrocyte_OPC
CTCAACCCAATGTGGG	oligodendrocyte_OPC
CTCAACCTCCCGAGTG	unresolved
CTCAAGACATGGCCAC	astrocyte
CTCAATTCAGCTCGGT	astrocyte
CTCAATTCATAGCTGT	neuronal
CTCAATTTCTAGGCCG	vascular
CTCACTGAGCGATCGA	astrocyte
CTCACTGGTCATATGC	neuronal
CTCAGAACAATGAACA	oligodendrocyte_OPC
CTCAGAACATAGATCC	astrocyte
CTCAGAATCTCTCAAT	unresolved
CTCAGAATCTTAATCC	oligodendrocyte_OPC
CTCAGGGAGGCTGAAC	unresolved
CTCAGGGGTAGAAACT	neuronal
CTCAGTCCAAGGGTCA	neuronal
CTCAGTCGTCGAAGCA	astrocyte
CTCAGTCTCTAGGAAA	neuronal
CTCATCGAGAGCCGTA	oligodendrocyte_OPC
CTCATCGAGATGTTAG	neuronal
CTCATGCAGAGTTGAT	unresolved
CTCATGCCATAGAATG	unresolved
CTCATGCTCCCGAGTG	unresolved
CTCATGCTCCTCAGAA	unresolved
CTCATTAGTTTAGTCG	oligodendrocyte_OPC
CTCATTATCAAGCCAT	unresolved
CTCATTATCCGCCTAT	unresolved
CTCATTATCTTGAACG	astrocyte
CTCCAACGTCACCGCA	unresolved
CTCCAACGTGGGCTTC	neuronal
CTCCACACAGCAATTC	oligodendrocyte_OPC
CTCCACATCCACGTCT	neuronal
CTCCACATCGATTGGT	unresolved
CTCCACATCTCGCAGG	unresolved
CTCCATGCAACTTGCA	unresolved
CTCCATGGTTTAGTCG	vascular
CTCCATGTCCACCTCA	oligodendrocyte_OPC
CTCCATGTCTGGGATT	unresolved
CTCCCAAAGCCTGTGC	unresolved
CTCCCAACAAGCGATG	oligodendrocyte_OPC
CTCCCAACAGTCAGCC	ambiguous_or_doublet
CTCCCAAGTGGATCAG	unresolved
CTCCCAATCCTAGAGT	oligodendrocyte_OPC
CTCCCAATCGCAGTGC	oligodendrocyte_OPC
CTCCCAATCTGATGGT	oligodendrocyte_OPC
CTCCCTCCACGTCTCT	unresolved
CTCCCTCGTACCCACG	oligodendrocyte_OPC
CTCCCTCTCGGTGTAT	astrocyte
CTCCGATAGCAATTCC	vascular
CTCCGATTCGCTAAAC	unresolved
CTCCTCCAGAGGACTC	unresolved
CTCCTCCCATGATCTG	neuronal
CTCCTCCGTCGTTTCC	oligodendrocyte_OPC
CTCCTCCTCCACAAGT	neuronal
CTCCTCCTCGTTCAGA	microglia_immune
CTCCTTTAGCTATCTG	astrocyte
CTCCTTTCAATGTGGG	neuronal
CTCCTTTGTGTGTGGA	unresolved
CTCCTTTTCCAGTGTA	unresolved
CTCCTTTTCCCTCATG	neuronal
CTCGAGGCACACAGAG	neuronal
CTCGAGGGTTACCCTC	unresolved
CTCGAGGTCCCTAGGG	unresolved
CTCTCAGAGCGTACAG	unresolved
CTCTCAGAGGTTACCT	astrocyte
CTCTCAGCAAGACGAC	neuronal
CTCTCAGGTCCGAAGA	astrocyte
CTCTCAGGTGTCTTAG	astrocyte
CTCTCGACAATAGGGC	oligodendrocyte_OPC
CTCTCGACACGCCAGT	astrocyte
CTCTCGACACGTCTCT	astrocyte
CTCTCGACAGGTCCGT	oligodendrocyte_OPC
CTCTCGATCGGTGTAT	astrocyte
CTCTGGTAGAGCCTGA	unresolved
CTCTGGTAGGACAACC	unresolved
CTCTGGTAGGGTACAC	oligodendrocyte_OPC
CTCTGGTCAACCTATG	oligodendrocyte_OPC
CTCTGGTTCCAGCCTT	unresolved
CTGAATGAGAAACCAT	neuronal
CTGAATGCACTCCGAG	oligodendrocyte_OPC
CTGAATGCAGGCTATT	astrocyte
CTGAATGCAGTTGTCA	astrocyte
CTGAATGTCCCAATAG	astrocyte
CTGAGCGGTTCCACAA	vascular
CTGAGCGGTTGGGCCT	unresolved
CTGAGGCAGCAATAAC	neuronal
CTGAGGCGTGATATAG	unresolved
CTGAGGCTCTTGTTAC	unresolved
CTGATCCAGGTCCCGT	oligodendrocyte_OPC
CTGATCCCAATGTGGG	neuronal
CTGATCCGTAAGAACT	microglia_immune
CTGCAGGCATGGCTGC	microglia_immune
CTGCAGGGTCGTGATT	ambiguous_or_doublet
CTGCAGGTCAGACATC	oligodendrocyte_OPC
CTGCAGGTCTAATTCC	oligodendrocyte_OPC
CTGCATCGTCTGATAC	astrocyte
CTGCCATAGGCCGCTT	unresolved
CTGCCATCAAAGGCGT	unresolved
CTGCCATGTTCTCCAC	unresolved
CTGCCATTCCATCTGC	unresolved
CTGCCATTCCGATAGT	microglia_immune
CTGCCTATCCTAGCGG	unresolved
CTGCCTATCGAACGCC	astrocyte
CTGCGAGTCGTTCTGC	neuronal
CTGCTCAAGCACACAG	unresolved
CTGCTCAAGTGCAGCA	oligodendrocyte_OPC
CTGCTCACAACCCGCA	astrocyte
CTGCTCACATTATGCG	oligodendrocyte_OPC
CTGCTCATCTGCCTCA	oligodendrocyte_OPC
CTGGACGCAATAGTCC	astrocyte
CTGGACGGTACCAATC	neuronal
CTGGCAGAGAGAGCAA	neuronal
CTGGCAGGTTCAATCG	oligodendrocyte_OPC
CTGGTCTAGGGAGGAC	oligodendrocyte_OPC
CTGGTCTCACATAACC	ambiguous_or_doublet
CTGTACCAGACTTCCA	unresolved
CTGTACCAGTATCCTG	neuronal
CTGTACCCATTGTACG	unresolved
CTGTAGACAAAGGATT	unresolved
CTGTAGAGTCGAGCAA	unresolved
CTGTAGATCTGACAGT	neuronal
CTGTATTAGTCTGGAG	astrocyte
CTGTATTCAACAGCTT	microglia_immune
CTGTATTCACAACGTT	unresolved
CTGTATTGTGCCGGTT	neuronal
CTGTCGTAGCGTGAAC	unresolved
CTGTCGTCAGCGTTGC	unresolved
CTGTCGTTCTGACCCT	oligodendrocyte_OPC
CTGTGAAAGTATCCTG	astrocyte
CTGTGAACAGCATGCC	neuronal
CTGTGAAGTCTACGTA	oligodendrocyte_OPC
CTGTGGGAGTAGATCA	unresolved
CTGTGGGCAAGCTCTA	microglia_immune
CTGTGGGGTGACACAG	oligodendrocyte_OPC
CTTACCGCAAGCAATA	neuronal
CTTAGGAGTTAAGACA	oligodendrocyte_OPC
CTTCAATAGAATTGCA	unresolved
CTTCAATAGACCACGA	astrocyte
CTTCAATCAGGTGGAT	unresolved
CTTCAATGTATTTCCT	unresolved
CTTCCGACAAGATCCT	astrocyte
CTTCCGAGTAATTAGG	oligodendrocyte_OPC
CTTCCTTCACGGTGCT	unresolved
CTTCCTTGTTCGGTAT	astrocyte
CTTCCTTTCATGCCCT	oligodendrocyte_OPC
CTTCCTTTCGGCACTG	astrocyte
CTTCGGTCACCAGTTA	oligodendrocyte_OPC
CTTCGGTCAGCGGTTC	neuronal
CTTCGGTTCGTTGTAG	unresolved
CTTCTAACAGCTAACT	unresolved
CTTCTAAGTCTCAGGC	oligodendrocyte_OPC
CTTCTAAGTGAATGAT	unresolved
CTTGAGAAGCTTAAGA	astrocyte
CTTGAGAAGGTCCCTG	unresolved
CTTGAGACAAGTGACG	unresolved
CTTGAGAGTACGCGTC	vascular
CTTGAGAGTATTCCGA	unresolved
CTTGATTAGTAGCAAT	astrocyte
CTTGATTGTCTGTCCT	ambiguous_or_doublet
CTTGATTGTGAAGCTG	unresolved
CTTTCAAAGACATCCT	unresolved
CTTTCAACATTAAGCC	oligodendrocyte_OPC
CTTTCGGTCTGCGGAC	unresolved
GAAATGATCGTAGTGT	astrocyte
GAACACTTCCGTGGCA	oligodendrocyte_OPC
GAACACTTCGGTGTAT	oligodendrocyte_OPC
GAACGTTCAATTGAAG	unresolved
GAACGTTTCCATTGCC	oligodendrocyte_OPC
GAAGAATAGGTTTACC	astrocyte
GAAGAATCACCCATAA	astrocyte
GAAGAATCAGCTCCTT	unresolved
GAAGAATGTGGGTTGA	oligodendrocyte_OPC
GAAGCCCAGACTAAGT	vascular
GAAGCCCGTAATCAGA	unresolved
GAAGCCCGTCAAGGCA	oligodendrocyte_OPC
GAAGCGAAGGTTGAGC	unresolved
GAAGCGAAGTAGACCG	unresolved
GAAGCGACATAGATGA	unresolved
GAAGCGATCCCAAGTA	unresolved
GAAGCGATCGATACGT	neuronal
GAAGGACTCAAACCTG	oligodendrocyte_OPC
GAAGGACTCACAGTGT	unresolved
GAAGGACTCGGTAGAG	unresolved
GAAGGGTAGCTGGAGT	oligodendrocyte_OPC
GAAGGGTAGCTTGTTG	vascular
GAAGGGTAGGTGGGTT	oligodendrocyte_OPC
GAAGGGTCAGGGAATC	microglia_immune
GAAGGGTCATCCGTGG	oligodendrocyte_OPC
GAAGGGTGTAAGCGGT	unresolved
GAAGGGTGTGGTACAG	oligodendrocyte_OPC
GAAGTAACAGACATCT	oligodendrocyte_OPC
GAAGTAAGTCCAGCCA	vascular
GAATAGAAGGCGAACT	unresolved
GAATAGATCCTACAAG	oligodendrocyte_OPC
GAATCACAGATCCAAA	neuronal
GAATCACAGGTTACAA	microglia_immune
GAATCACCAGACCAAG	unresolved
GAATCACCAGCAGTTT	unresolved
GAATCACCAGTTTCGA	astrocyte
GAATCACGTATGACAA	astrocyte
GAATCGTAGAAACTAC	unresolved
GAATCGTAGGGTGGGA	unresolved
GAATCGTAGTGCAGGT	oligodendrocyte_OPC
GACACGCGTATCCTTT	astrocyte
GACACGCTCCGACATA	neuronal
GACAGCCCAACCGCTG	oligodendrocyte_OPC
GACAGCCCAGCAGGAT	unresolved
GACAGCCGTATTAAGG	vascular
GACAGCCGTTGAGAGC	unresolved
GACAGCCGTTGGGTAG	astrocyte
GACATCACAATGTGGG	astrocyte
GACATCACAGAGTCTT	neuronal
GACATCACATCCCACT	unresolved
GACATCAGTGCGGCTT	oligodendrocyte_OPC
GACATCATCAGCTGTA	unresolved
GACATCATCCGCAGTG	astrocyte
GACATCATCCTTCTTC	neuronal
GACATCATCGGCGATC	neuronal
GACCAATTCTCTTAAC	unresolved
GACCCAGAGACTAGAT	neuronal
GACCCAGAGTACCGGA	neuronal
GACCCAGGTGATATAG	astrocyte
GACCCAGGTGTTAACC	astrocyte
GACCCTTAGCAAGCCA	astrocyte
GACCCTTGTCAGTCGC	microglia_immune
GACCCTTGTGGTTCTA	oligodendrocyte_OPC
GACCGTGAGAGGGTAA	neuronal
GACCGTGCATCGGCCA	unresolved
GACCGTGGTTGGACCC	astrocyte
GACCGTGTCGATTCCC	astrocyte
GACCTTCTCAAACGTC	neuronal
GACCTTCTCGCTGACG	unresolved
GACGCTGGTATGACAA	unresolved
GACGCTGGTCACTCTC	unresolved
GACGCTGGTTATCTTC	astrocyte
GACGCTGTCGTAACCA	astrocyte
GACGTTAAGCTTCTAG	unresolved
GACGTTAAGGAAACGA	neuronal
GACGTTAAGTTGGCGA	astrocyte
GACGTTACACAAGCAG	unresolved
GACGTTACACTGTCCT	neuronal
GACGTTACAGCGATTT	astrocyte
GACGTTACATTGTGCA	neuronal
GACGTTATCAAAGGAT	unresolved
GACGTTATCTCCTACG	oligodendrocyte_OPC
GACTATGGTAGTACGG	oligodendrocyte_OPC
GACTATGGTCCCTGAG	unresolved
GACTCAATCTGTTCAT	neuronal
GACTCTCAGGTTCATC	astrocyte
GACTCTCAGTGTACCT	unresolved
GACTCTCGTGCTAGCC	unresolved
GACTGATAGCCTTTCC	unresolved
GACTGATCACGCACCA	vascular
GACTGATGTCTCAAGT	oligodendrocyte_OPC
GACTGATGTGAGGATC	vascular
GACTGATTCACTTATC	unresolved
GACTGATTCCGCAACG	vascular
GAGAAATGTCTGCATA	unresolved
GAGAAATGTGCAACGA	oligodendrocyte_OPC
GAGACCCAGACCATGG	unresolved
GAGACCCAGTTTCAGC	astrocyte
GAGACCCTCCATGCAA	ambiguous_or_doublet
GAGACTTAGCGAGGAG	astrocyte
GAGACTTCACGGATCC	microglia_immune
GAGACTTCACGTACTA	unresolved
GAGACTTGTACCGGCT	oligodendrocyte_OPC
GAGACTTGTACTTGTG	unresolved
GAGACTTGTCCAGGTC	oligodendrocyte_OPC
GAGACTTTCACACCCT	unresolved
GAGATGGAGCTTTGTG	astrocyte
GAGATGGCAGCGTACC	unresolved
GAGATGGCAGGCATGA	unresolved
GAGATGGGTGGTTCTA	unresolved
GAGCTGCAGACTGAGC	oligodendrocyte_OPC
GAGCTGCCAACCACAT	oligodendrocyte_OPC
GAGCTGCCACGCTGTG	astrocyte
GAGCTGCTCGACATCA	oligodendrocyte_OPC
GAGGCAAGTGTCCGTG	oligodendrocyte_OPC
GAGGCAAGTGTTCGTA	oligodendrocyte_OPC
GAGGCAAGTTCCCACT	unresolved
GAGGCAATCCCAGGCA	neuronal
GAGGCAATCCTAGAGT	oligodendrocyte_OPC
GAGGCAATCTCCTGAC	neuronal
GAGGCCTAGCTTTCTT	unresolved
GAGGCCTGTTCTCAGA	unresolved
GAGGCCTTCCCTTCCC	microglia_immune
GAGGCCTTCCTTCTAA	unresolved
GAGGGATAGTTTCAGC	unresolved
GAGGGATGTACTGCGC	unresolved
GAGGGATTCAGCCTTC	unresolved
GAGGGATTCATTGCCC	unresolved
GAGGGTATCATGTCTT	unresolved
GAGGGTATCGACGTCG	astrocyte
GAGTCATCAATAGTAG	microglia_immune
GAGTCATGTAATGTGA	oligodendrocyte_OPC
GAGTCTACACGGATCC	unresolved
GAGTCTACAGGCATGA	neuronal
GAGTCTAGTATCACCA	unresolved
GAGTCTATCAATCCAG	astrocyte
GAGTGAGGTACTCGCG	astrocyte
GAGTGTTTCCCTTCCC	neuronal
GAGTTACTCAAATGCC	neuronal
GAGTTACTCACAAGGG	astrocyte
GAGTTGTAGTTGTCGT	oligodendrocyte_OPC
GAGTTGTCACGGGCTT	neuronal
GAGTTGTCATCCCACT	unresolved
GAGTTTGCAACCTATG	vascular
GAGTTTGGTACTTGTG	neuronal
GAGTTTGTCAATCGGT	oligodendrocyte_OPC
GAGTTTGTCACAAGGG	unresolved
GAGTTTGTCCCTGTTG	astrocyte
GATAGAAAGCAACTCT	oligodendrocyte_OPC
GATAGAAAGGAAGTGA	unresolved
GATAGAACACAGTGAG	unresolved
GATAGAACACATATGC	unresolved
GATAGAACAGTAACAA	astrocyte
GATAGAACATGTCAGT	unresolved
GATAGAAGTCACAGTT	unresolved
GATAGAATCGTTGTGA	oligodendrocyte_OPC
GATAGAATCTTCACGC	unresolved
GATAGCTGTCTAGGTT	oligodendrocyte_OPC
GATAGCTTCACGTAGT	astrocyte
GATCACAAGTCACACT	oligodendrocyte_OPC
GATCACAAGTGAGGTC	unresolved
GATCACAGTGTTCGAT	oligodendrocyte_OPC
GATCACATCAGCAATC	astrocyte
GATCAGTCATACCAGT	astrocyte
GATCAGTGTATAATGG	unresolved
GATCAGTTCCTACGGG	astrocyte
GATCATGCAGATCCAT	oligodendrocyte_OPC
GATCATGGTGATCGTT	oligodendrocyte_OPC
GATCATGTCACCCTTG	oligodendrocyte_OPC
GATCATGTCCCAGGAC	astrocyte
GATCCCTAGGCTGAAC	oligodendrocyte_OPC
GATCCCTAGGTGCCTC	oligodendrocyte_OPC
GATCCCTAGTTTCTTC	unresolved
GATCCCTCAACTCCCT	neuronal
GATCCCTGTCTGTGAT	oligodendrocyte_OPC
GATCCCTTCTAAGCCA	unresolved
GATCGTAGTGACTCGC	neuronal
GATGACTAGGTGATAT	neuronal
GATGACTCAGCAGGAT	unresolved
GATGACTGTCCAAGAG	astrocyte
GATGAGGCACGAAAGC	neuronal
GATGAGGGTGTGTTTG	unresolved
GATGAGGTCGAGAAAT	astrocyte
GATGATCGTATCAGCT	neuronal
GATGCTAAGAAGGCTC	oligodendrocyte_OPC
GATGGAGAGACCGTTT	unresolved
GATGGAGTCAGACTGT	neuronal
GATGGAGTCTATGTGG	unresolved
GATGTTGAGGCCTAGA	oligodendrocyte_OPC
GATGTTGCATGCACTA	astrocyte
GATGTTGGTAGGCTGA	oligodendrocyte_OPC
GATGTTGTCCATAAGC	neuronal
GATGTTGTCCGAGATT	neuronal
GATGTTGTCGACGATT	unresolved
GATTCGAAGATGGCAC	unresolved
GATTCGATCTCGCGTT	oligodendrocyte_OPC
GATTCTTGTACTGCGC	neuronal
GATTCTTGTGTCCGGT	unresolved
GATTGGTAGAGGTCAC	astrocyte
GATTGGTAGCAAGTCG	unresolved
GATTGGTAGTGCACTT	microglia_immune
GATTGGTCACTACCGG	oligodendrocyte_OPC
GATTGGTGTAAGATTG	vascular
GATTGGTTCAGCACCG	unresolved
GATTGGTTCTATTTCG	unresolved
GATTTCTAGCATCCTA	microglia_immune
GATTTCTGTAGCTGCC	neuronal
GATTTCTTCACGAACT	unresolved
GCAACATAGGTAACTA	unresolved
GCAACATTCGGTGCAC	astrocyte
GCAACATTCTAAACGC	unresolved
GCAACCGCAACAGAGC	unresolved
GCAACCGGTCTACATG	astrocyte
GCAACCGTCGGATAAA	microglia_immune
GCACATACACTTGTCC	astrocyte
GCACATAGTTGCCGCA	unresolved
GCACGGTAGGTCGAGT	unresolved
GCACGGTAGTCGGCAA	unresolved
GCACGGTCACACGCCA	oligodendrocyte_OPC
GCACGGTCACGAGGTA	vascular
GCACGGTCAGTATTCG	astrocyte
GCACGGTGTTCCGTTC	microglia_immune
GCACGGTTCCCTCTAG	astrocyte
GCACGTGAGCAGGGAG	neuronal
GCACGTGCAACACGAG	astrocyte
GCACGTGGTGACTATC	unresolved
GCACGTGGTGGCCCAT	unresolved
GCACGTGGTTACCCTC	ambiguous_or_doublet
GCACGTGTCTGCTGAA	vascular
GCACTAAGTACACTCA	unresolved
GCACTAAGTTCAGTAC	unresolved
GCACTAATCATCCTGC	oligodendrocyte_OPC
GCACTAATCATGCCGG	unresolved
GCACTAATCTTTGGAG	astrocyte
GCAGCCACACTCCACT	astrocyte
GCAGCCAGTGCACGCT	astrocyte
GCAGCTGAGACGCATG	microglia_immune
GCAGCTGCAACTGATC	astrocyte
GCAGCTGCAGCTTTGA	unresolved
GCAGCTGGTTTGCAGT	neuronal
GCAGCTGTCACATCAG	astrocyte
GCAGCTGTCCTCTCGA	oligodendrocyte_OPC
GCAGGCTAGGGCGAAG	oligodendrocyte_OPC
GCAGGCTGTAGGCAAC	astrocyte
GCAGTTAAGAGTCTGG	unresolved
GCAGTTAGTCGCTGCA	oligodendrocyte_OPC
GCAGTTAGTGTTGCCG	neuronal
GCATCGGCAGTTGTTG	neuronal
GCATCGGTCCCGAAAT	oligodendrocyte_OPC
GCATCGGTCTACTCAT	unresolved
GCATCTCAGACGATAT	unresolved
GCATCTCCAGCCTTCT	microglia_immune
GCATCTCTCCGTTGGG	vascular
GCATGATGTGGCTTGC	astrocyte
GCATGATTCGATTGGT	microglia_immune
GCATTAGAGACGACGT	microglia_immune
GCCAACGAGCGAGGAG	neuronal
GCCAACGGTACACGTT	astrocyte
GCCAACGGTTGCTCGG	neuronal
GCCAACGTCCACACAA	unresolved
GCCAGCAAGAAACTAC	unresolved
GCCAGCAAGTCTGGTT	astrocyte
GCCAGCACATATCTGG	oligodendrocyte_OPC
GCCAGGTAGGCCTTGC	astrocyte
GCCAGGTCAATAGGGC	unresolved
GCCAGGTGTACCATAC	astrocyte
GCCAGGTGTGGGCTTC	oligodendrocyte_OPC
GCCAGGTTCAAAGACA	neuronal
GCCAGGTTCGTTGTAG	oligodendrocyte_OPC
GCCAGTGGTAGGAGTC	oligodendrocyte_OPC
GCCAGTGTCCCAGGCA	unresolved
GCCAGTGTCTCTGAGA	oligodendrocyte_OPC
GCCATGGGTAACATCC	unresolved
GCCATTCCACTGAGTT	unresolved
GCCATTCCAGTCACGC	unresolved
GCCATTCGTGACAGCA	neuronal
GCCATTCTCTTAGCAG	microglia_immune
GCCCAGACACCTAAAC	unresolved
GCCCAGACATACAGAA	unresolved
GCCCAGAGTACGACAG	unresolved
GCCCAGAGTCACAATC	astrocyte
GCCCAGAGTGCGCTCA	neuronal
GCCCGAAAGAAGGGAT	unresolved
GCCCGAAAGGTGAGCT	neuronal
GCCCGAAAGTCGAAGC	oligodendrocyte_OPC
GCCCGAACATGACCCG	astrocyte
GCCCGAAGTGGACTGA	oligodendrocyte_OPC
GCCCGAATCATGCTAG	unresolved
GCCCGAATCCATAGAC	unresolved
GCCGATGCAACTCCCT	oligodendrocyte_OPC
GCCGATGTCTCAATCT	neuronal
GCCTGTTCACGTCGTG	neuronal
GCCTGTTCAGTAACAA	oligodendrocyte_OPC
GCCTGTTGTAAGATTG	unresolved
GCCTGTTGTATCAGCT	oligodendrocyte_OPC
GCCTGTTGTCACTTAG	unresolved
GCCTGTTTCATCGCAA	oligodendrocyte_OPC
GCCTGTTTCCTGGGAC	unresolved
GCGAGAAAGCAGTACG	unresolved
GCGAGAAGTATGCGTT	microglia_immune
GCGATCGAGCGGTAAC	unresolved
GCGGAAACACCAGGTC	neuronal
GCGGAAAGTGATGTAA	unresolved
GCGGAAAGTTCTTAGG	unresolved
GCGGAAAGTTGGGATG	unresolved
GCGGATCCAGGACAGT	neuronal
GCGTGCACAAGACCGA	astrocyte
GCGTGCAGTCACCGCA	neuronal
GCGTTTCGTTGTGGCC	neuronal
GCTACAAAGATTCGAA	neuronal
GCTACAAGTGACATCT	astrocyte
GCTACAATCAGACCTA	oligodendrocyte_OPC
GCTACCTAGACTGAGC	unresolved
GCTACCTGTGCTCGTG	astrocyte
GCTCAAACACTTGGGC	unresolved
GCTCAAAGTACTCAAC	unresolved
GCTCAAAGTAGACGTG	unresolved
GCTCAAATCTCTATGT	ambiguous_or_doublet
GCTCAAATCTTACTGT	oligodendrocyte_OPC
GCTGAATCAGTCCCGA	neuronal
GCTGAATTCACAATGC	neuronal
GCTGCAGAGGCCCAAA	unresolved
GCTGCAGTCCTCTCGA	astrocyte
GCTGGGTAGTAAGAGG	unresolved
GCTGGGTTCTTGCAAG	oligodendrocyte_OPC
GCTTCACCACACACTA	neuronal
GCTTCACCAGTGGGTA	astrocyte
GCTTCACGTAGTCTTG	oligodendrocyte_OPC
GCTTCACTCCTTGACC	astrocyte
GCTTGGGCAAACTAAG	ambiguous_or_doublet
GCTTGGGGTCTCGACG	astrocyte
GCTTGGGGTTTGTGGT	neuronal
GCTTTCGCACTCCACT	unresolved
GCTTTCGTCTCACGAA	unresolved
GGAACCCCAGGCCCTA	astrocyte
GGAACCCGTCAGTCCG	astrocyte
GGAACCCTCAGGACGA	oligodendrocyte_OPC
GGAAGTGCACGACGTC	oligodendrocyte_OPC
GGAAGTGCAGCGACCT	unresolved
GGAAGTGTCATGCCCT	unresolved
GGAAGTGTCATTGCTT	unresolved
GGAATCTAGGCATGGT	unresolved
GGAATCTAGGGTCAAC	astrocyte
GGAATCTCAAATCAAG	oligodendrocyte_OPC
GGAATCTGTGAATATG	oligodendrocyte_OPC
GGAATCTTCCAGTGCG	unresolved
GGAATGGCACAAATGA	oligodendrocyte_OPC
GGAATGGCACTCATAG	oligodendrocyte_OPC
GGAATGGGTAGTGGCA	unresolved
GGAATGGGTCACATTG	neuronal
GGACGTCCAGGAATCG	microglia_immune
GGACGTCTCACCTCAC	oligodendrocyte_OPC
GGACGTCTCCTAGAGT	oligodendrocyte_OPC
GGACGTCTCTCCTGTG	astrocyte
GGAGAACTCATGTCAG	vascular
GGAGATGAGTCTTCCC	neuronal
GGAGATGCAGAGGACT	oligodendrocyte_OPC
GGAGATGCATGCCGAC	astrocyte
GGAGATGGTGCTGATT	oligodendrocyte_OPC
GGAGATGTCTATTGTC	oligodendrocyte_OPC
GGAGATGTCTCTATAC	neuronal
GGAGCAAAGATTGCGG	oligodendrocyte_OPC
GGAGCAACAGAGAATT	unresolved
GGAGGTATCACATCAG	astrocyte
GGATCTAAGACTAGAT	neuronal
GGATCTACATTCATCT	oligodendrocyte_OPC
GGATCTAGTACGTAGG	unresolved
GGATCTAGTGTTGAGG	astrocyte
GGATGTTAGGTGATAT	ambiguous_or_doublet
GGATGTTCAAGACCGA	unresolved
GGATGTTCACCCTCTA	astrocyte
GGATGTTGTATCGCTA	oligodendrocyte_OPC
GGATGTTGTCTTGCGG	oligodendrocyte_OPC
GGATGTTGTGAATGAT	oligodendrocyte_OPC
GGATGTTTCCTACACC	microglia_immune
GGCACGTCATTGGCAT	oligodendrocyte_OPC
GGCACGTTCGAAGAAT	oligodendrocyte_OPC
GGCAGTCAGACTACGG	unresolved
GGCAGTCGTTAACCTG	unresolved
GGCGTCAAGCAGCCTC	unresolved
GGCGTCAAGTAGACCG	neuronal
GGCGTCATCGAGTGAG	neuronal
GGCTGTGAGTCGTTAC	unresolved
GGCTGTGCATGACGTT	oligodendrocyte_OPC
GGCTGTGGTATTGGCT	astrocyte
GGCTTGGCAGCTACAT	unresolved
GGCTTGGCAGCTCGGT	unresolved
GGCTTGGGTCTCAAGT	oligodendrocyte_OPC
GGCTTGGGTTCGGCTG	oligodendrocyte_OPC
GGCTTGGGTTGGGTAG	astrocyte
GGCTTTCCAACCAGAG	unresolved
GGCTTTCCAATGAGCG	oligodendrocyte_OPC
GGCTTTCCATCCCGTT	unresolved
GGCTTTCTCAAGCCTA	unresolved
GGCTTTCTCGCCTTTG	oligodendrocyte_OPC
GGCTTTCTCGGCTTGG	oligodendrocyte_OPC
GGGAAGTGTATGACAA	oligodendrocyte_OPC
GGGACAAGTTCCTAAG	astrocyte
GGGACCTAGTGTTGTC	astrocyte
GGGACCTCATTGTGCA	neuronal
GGGACCTGTCTGTGTA	microglia_immune
GGGACCTGTGTGGACA	oligodendrocyte_OPC
GGGACCTGTTGTGTAC	neuronal
GGGACTCAGTGACCTT	neuronal
GGGACTCGTCTTTCTA	unresolved
GGGACTCTCCCGTGAG	oligodendrocyte_OPC
GGGACTCTCGCACGAC	astrocyte
GGGAGATCAACTGCTA	astrocyte
GGGAGATGTTCGGTAT	astrocyte
GGGAGATTCACAAGAA	oligodendrocyte_OPC
GGGAGATTCTGATGGT	unresolved
GGGAGTAAGCAGTCTT	unresolved
GGGAGTACACGGCGTT	unresolved
GGGAGTAGTCCGATCG	neuronal
GGGAGTAGTGCTGCAC	neuronal
GGGAGTATCGAGTGAG	neuronal
GGGATCCAGCCACTCG	unresolved
GGGATCCGTTGGGTAG	oligodendrocyte_OPC
GGGATGAAGTGACCTT	oligodendrocyte_OPC
GGGATGACACTTCAGA	oligodendrocyte_OPC
GGGATGAGTGTTAGCT	neuronal
GGGCCATAGATTGTGA	vascular
GGGCCATCACAATCTG	oligodendrocyte_OPC
GGGCCATGTTCAAAGA	unresolved
GGGCCATGTTGTCAGT	astrocyte
GGGCCATTCCCTGTTG	oligodendrocyte_OPC
GGGCCATTCGGTCAGC	neuronal
GGGCCATTCTACGGGC	neuronal
GGGCGTTAGAAGCGCT	oligodendrocyte_OPC
GGGCGTTGTGGGCTCT	neuronal
GGGCTACAGGAAGAAC	neuronal
GGGCTACAGTCACAGG	unresolved
GGGCTACGTCAACCTA	unresolved
GGGCTACGTTCACCGG	neuronal
GGGCTACTCAACGTGT	oligodendrocyte_OPC
GGGCTACTCGCCAACG	astrocyte
GGGCTACTCGTTCATT	neuronal
GGGCTCACACCCTCTA	oligodendrocyte_OPC
GGGCTCACAGCCTACG	neuronal
GGGTAGAGTTGTAAAG	astrocyte
GGGTAGAGTTGTGTAC	neuronal
GGGTAGATCTAGTGTG	neuronal
GGGTATTAGCTTACGT	unresolved
GGGTCACAGTTCCATG	oligodendrocyte_OPC
GGGTCACTCAACCTCC	unresolved
GGGTCACTCTCTTAAC	astrocyte
GGGTCTGTCGGTATGT	neuronal
GGGTCTGTCTAGCAAC	vascular
GGGTTATAGCACTCGC	astrocyte
GGGTTATAGTGGCAGT	oligodendrocyte_OPC
GGGTTATGTCCGACGT	oligodendrocyte_OPC
GGGTTATGTTGCGAAG	unresolved
GGGTTATTCATGTCTT	oligodendrocyte_OPC
GGGTTTAGTCGTTGGC	unresolved
GGGTTTATCAGTGTGT	oligodendrocyte_OPC
GGTAATCAGGATGTTA	astrocyte
GGTAATCCAATGACCT	microglia_immune
GGTAATCCACACCAGC	oligodendrocyte_OPC
GGTAATCTCTACGCAA	neuronal
GGTAATCTCTGTCTCG	neuronal
GGTAATCTCTTGGGCG	unresolved
GGTAGAGGTAATTAGG	neuronal
GGTCACGCAAGGTTGG	unresolved
GGTCACGTCGGCCAAC	astrocyte
GGTCTGGTCCACGTCT	oligodendrocyte_OPC
GGTGAAGCAGATTCGT	unresolved
GGTGAAGGTAGTCACT	unresolved
GGTGAAGGTGCGGCTT	unresolved
GGTGATTCATTGTAGC	oligodendrocyte_OPC
GGTGGCTCATAGACTC	microglia_immune
GGTGGCTGTATCAGCT	astrocyte
GGTGTCGAGAGAGTTT	astrocyte
GGTGTCGGTTATAGAG	astrocyte
GGTGTTACAAAGACGC	neuronal
GGTGTTACAATCTAGC	neuronal
GGTGTTACAGCGACAA	oligodendrocyte_OPC
GGTGTTAGTACAGTAA	astrocyte
GGTGTTAGTTAAGACA	astrocyte
GGTGTTATCCCTCTAG	astrocyte
GGTTCTCTCCTTCTTC	neuronal
GGTTGTAAGAAGGATG	ambiguous_or_doublet
GGTTGTAAGATGGCGT	unresolved
GGTTGTACACAACGAG	oligodendrocyte_OPC
GGTTGTAGTCGCATGC	oligodendrocyte_OPC
GGTTGTAGTTCCACGG	unresolved
GGTTGTAGTTTCAGAC	vascular
GGTTGTATCAGTCTTT	unresolved
GTAACACCAGGCACAA	microglia_immune
GTAACACCAGGTCCGT	neuronal
GTAACACCATGCCATA	unresolved
GTAACCATCAAATAGG	microglia_immune
GTAAGTCGTGGGCTCT	oligodendrocyte_OPC
GTAAGTCTCATTCGTT	neuronal
GTAATCGAGATTGGGC	unresolved
GTAATGCAGAGTTGAT	oligodendrocyte_OPC
GTAATGCAGGTTACAA	oligodendrocyte_OPC
GTAATGCGTCACCTTC	unresolved
GTAATGCGTCTACACA	oligodendrocyte_OPC
GTACAACAGCAAATGT	neuronal
GTACAACAGGGTAATT	neuronal
GTACAACCACGGCACT	unresolved
GTACAACCAGCGCGTT	vascular
GTACAGTAGCGGGTTA	astrocyte
GTACAGTCATCATCTT	unresolved
GTAGAAAAGTCCCAAT	neuronal
GTAGAAAGTCCTGAAT	ambiguous_or_doublet
GTAGAAATCGGAAACG	unresolved
GTAGAGGAGATTGGGC	unresolved
GTAGAGGAGGAACTCG	neuronal
GTAGAGGCACCTGCTT	neuronal
GTAGAGGCAGCCGGTT	neuronal
GTAGATCCATGTACGT	unresolved
GTAGATCGTGATACTC	astrocyte
GTAGCTAGTAGAAACT	neuronal
GTAGCTAGTCGTGGAA	neuronal
GTAGGAGAGGCTTTCA	neuronal
GTAGGAGGTAGGCTGA	astrocyte
GTAGGTTAGTAGATCA	unresolved
GTAGGTTGTACCTGTA	astrocyte
GTAGTACCAGGCTATT	neuronal
GTAGTACGTAACGCGA	unresolved
GTAGTACTCATCGTAG	oligodendrocyte_OPC
GTATTGGCAATCGCGC	astrocyte
GTATTGGGTAGTCTGT	neuronal
GTATTGGGTTAGAAGT	unresolved
GTCAAACAGGTAAGGA	astrocyte
GTCAAACCATTATGCG	unresolved
GTCAAACGTAATTGGA	unresolved
GTCAAACGTCCGTTTC	unresolved
GTCAAACTCATTACGG	oligodendrocyte_OPC
GTCAAGTTCCCGATCT	oligodendrocyte_OPC
GTCACGGAGTAGCAAT	neuronal
GTCACGGGTGATTCTG	unresolved
GTCACTCAGCACACAG	neuronal
GTCACTCAGTTACGGG	microglia_immune
GTCACTCCAAAGGCGT	neuronal
GTCACTCCAATTGAAG	oligodendrocyte_OPC
GTCACTCTCGCTACAA	unresolved
GTCATCCAGGTACTGG	oligodendrocyte_OPC
GTCATCCAGTCGGCAA	neuronal
GTCATCCGTCAACATC	astrocyte
GTCATCCTCAGCTCTC	unresolved
GTCATCCTCGGCCCAA	oligodendrocyte_OPC
GTCATGACAAACAGGC	oligodendrocyte_OPC
GTCATGACAAGCGGAT	unresolved
GTCATGACAGTGAGCA	oligodendrocyte_OPC
GTCATGAGTCTACACA	unresolved
GTCATGATCCGTTGGG	unresolved
GTCATTTAGACGCAGT	unresolved
GTCATTTCAGTGGCTC	oligodendrocyte_OPC
GTCATTTGTCTAGATC	microglia_immune
GTCATTTTCACTGTCC	unresolved
GTCCACTCAAGTTCGT	unresolved
GTCCCATCATGGTACT	astrocyte
GTCCCATTCCTCTCTT	oligodendrocyte_OPC
GTCGAATAGTAACGAT	astrocyte
GTCGAATAGTGTTGAA	unresolved
GTCGAATCAAGTGCTT	unresolved
GTCGAATTCCTGATAG	neuronal
GTCGTAAAGCCATGCC	neuronal
GTCGTAAAGGGTGGGA	unresolved
GTCGTTCAGAATCTAG	neuronal
GTCGTTCCAAATGCTC	oligodendrocyte_OPC
GTCGTTCCAGCGTACC	unresolved
GTCGTTCGTGATGGCA	oligodendrocyte_OPC
GTCTACCCAGCACGAA	unresolved
GTCTACCGTGGCCACT	unresolved
GTCTAGAAGAGATCGC	astrocyte
GTCTCACGTGTACAGG	oligodendrocyte_OPC
GTCTCACGTTCGGGTC	unresolved
GTCTCACTCGTTATCT	microglia_immune
GTCTTTAAGGCCCACT	astrocyte
GTCTTTAGTTCAGCGC	unresolved
GTGACGCCAACTGCCG	vascular
GTGAGCCGTCGGCACT	oligodendrocyte_OPC
GTGAGGAAGCGTGAGT	astrocyte
GTGAGGACATCATGAC	oligodendrocyte_OPC
GTGAGGAGTGTATTCG	oligodendrocyte_OPC
GTGAGGATCAGACCGC	astrocyte
GTGAGGATCGACATAC	unresolved
GTGAGTTAGCAGTAAT	unresolved
GTGAGTTGTATTCCGA	astrocyte
GTGATGTAGGTGGCTA	astrocyte
GTGATGTCAAGTACCT	unresolved
GTGATGTCAGGCACTC	astrocyte
GTGATGTGTCACTACA	astrocyte
GTGCACGAGACTTCCA	astrocyte
GTGCACGCAACTTCTT	unresolved
GTGCACGCACGAGGAT	astrocyte
GTGCACGCATGACAGG	neuronal
GTGCAGCCAAGCCCAC	ambiguous_or_doublet
GTGCGTGTCCACACAA	unresolved
GTGCTGGGTAGCTGTT	oligodendrocyte_OPC
GTGCTGGGTTCGAACT	neuronal
GTGCTTCGTTTACCAG	unresolved
GTGGAAGCAGGAACCA	unresolved
GTGGAAGCAGGTCCGT	oligodendrocyte_OPC
GTGGAAGGTATCGCTA	astrocyte
GTGGAGAAGAAGCTCG	oligodendrocyte_OPC
GTGGAGATCTTGTTAC	unresolved
GTGGTTAAGCATCTTG	neuronal
GTGGTTACAGTCGCAC	unresolved
GTGGTTAGTCCTGAAT	unresolved
GTGTAACAGCGATGCA	neuronal
GTGTAACCAATCTGCA	unresolved
GTGTAACTCAAACCCA	unresolved
GTGTAACTCTCTAGGA	astrocyte
GTGTCCTGTCTACAGT	vascular
GTGTGATAGCTGTTCA	unresolved
GTGTGATAGTATAGGT	unresolved
GTGTGATGTCTACACA	astrocyte
GTGTGATTCTGAGAAA	unresolved
GTGTGGCAGTTCATCG	astrocyte
GTGTGGCCAATAGTAG	unresolved
GTGTGGCCATGAGTAA	unresolved
GTGTGGCGTGTGACCC	oligodendrocyte_OPC
GTGTGGCTCTAGGCCG	unresolved
GTGTTCCGTCAGTCTA	neuronal
GTGTTCCTCATGACAC	neuronal
GTGTTCCTCCTCTAAT	neuronal
GTTACAGAGACCATAA	astrocyte
GTTACAGAGACCATGG	unresolved
GTTACAGAGCGTGCCT	vascular
GTTACAGGTGGAACAC	microglia_immune
GTTACAGTCGCTGTTC	unresolved
GTTACCCAGGATGAGA	neuronal
GTTACCCCAAAGCTAA	unresolved
GTTACGAAGAAACCCG	oligodendrocyte_OPC
GTTACGATCACGATCA	neuronal
GTTACGATCACTGAAC	oligodendrocyte_OPC
GTTAGACAGCTTAAGA	oligodendrocyte_OPC
GTTAGACAGGTCACTT	oligodendrocyte_OPC
GTTAGTGAGCAACCAG	neuronal
GTTAGTGTCCGTGGCA	astrocyte
GTTATGGAGCTCCCTT	oligodendrocyte_OPC
GTTCATTAGTAGAGTT	oligodendrocyte_OPC
GTTCATTCAGTGAGCA	microglia_immune
GTTCATTGTGTGAATA	neuronal
GTTCATTGTTTCGACA	astrocyte
GTTCCGTAGATGCGAC	oligodendrocyte_OPC
GTTCCGTAGGAGCTGT	neuronal
GTTCCGTCACACCAGC	neuronal
GTTCCGTTCGTGTGGC	oligodendrocyte_OPC
GTTCGCTAGCGTTCAT	oligodendrocyte_OPC
GTTCGCTCAGAGCCCT	neuronal
GTTCGCTGTAATGTGA	unresolved
GTTCGCTGTACCTATG	astrocyte
GTTCGCTGTCCTTGTC	unresolved
GTTCGCTGTTGTTGAC	unresolved
GTTGAACAGCGTCAGA	unresolved
GTTGAACCACTTCATT	neuronal
GTTGCGGAGGAAACGA	vascular
GTTGCGGAGTGACCTT	oligodendrocyte_OPC
GTTGCGGAGTGGACGT	unresolved
GTTGCGGAGTTCCTGA	oligodendrocyte_OPC
GTTGCGGGTAGTGCGA	astrocyte
GTTGCGGGTCTGTGCG	unresolved
GTTGCGGTCAAACTGC	astrocyte
GTTGCTCAGCAGCAGT	unresolved
GTTGCTCAGTAGCAAT	unresolved
GTTGCTCCATGGAATA	astrocyte
GTTGCTCTCACAGTGT	microglia_immune
GTTGCTCTCGGATACT	neuronal
GTTGCTCTCGTCGACG	astrocyte
GTTGTAGAGCACACCC	oligodendrocyte_OPC
GTTGTAGCAATACCCA	astrocyte
GTTGTAGCATATCGGT	oligodendrocyte_OPC
GTTGTAGGTAGTTCCA	oligodendrocyte_OPC
GTTGTCCAGTCTAGAA	oligodendrocyte_OPC
GTTGTCCGTGGTCTAT	unresolved
GTTGTGAAGCGCCCAT	unresolved
GTTGTGACATGACTGT	oligodendrocyte_OPC
GTTGTGAGTTAAACAG	unresolved
GTTGTGATCATGAGGG	unresolved
GTTGTGATCGGTAAGG	neuronal
GTTTACTAGAGCCTGA	astrocyte
GTTTACTAGCAACAAT	vascular
GTTTACTCATACTTTC	neuronal
GTTTACTCATGAGTAA	unresolved
GTTTACTGTCGCACGT	oligodendrocyte_OPC
GTTTACTGTCGTCTCT	oligodendrocyte_OPC
GTTTGGAAGATGCAGC	neuronal
GTTTGGACAATATCCG	unresolved
GTTTGGACACGCTTAA	microglia_immune
GTTTGGAGTCAGACGA	astrocyte
GTTTGGAGTCCAGGTC	unresolved
GTTTGGATCACAGTGT	unresolved
TAACACGAGCGACTAG	neuronal
TAACACGAGGCACGAT	astrocyte
TAACACGAGGGTTAGC	astrocyte
TAACACGGTCCTGGTG	unresolved
TAACACGTCATGGATC	neuronal
TAACACGTCGCATTAG	unresolved
TAACCAGAGACAGCTG	oligodendrocyte_OPC
TAACCAGAGAGAGAAC	neuronal
TAACCAGAGCGTTCCG	astrocyte
TAACCAGCACCCTAAA	unresolved
TAACCAGGTCCGGACT	unresolved
TAACGACGTATGAAAC	neuronal
TAACGACGTGGCTGAA	astrocyte
TAACGACTCATTGCCC	astrocyte
TAACTTCCATTAGGAA	neuronal
TAACTTCGTGTCCGTG	astrocyte
TAACTTCGTTCATCGA	neuronal
TAACTTCTCTGCCTCA	astrocyte
TAAGCACAGGCCCACT	oligodendrocyte_OPC
TAAGCACCACGATAGG	neuronal
TAAGCACCACTTTATC	microglia_immune
TAAGCACTCGCAACAT	unresolved
TAAGCCAAGAGGCGGA	neuronal
TAAGCCAAGTAAACGT	unresolved
TAAGCCAAGTGCCCGT	oligodendrocyte_OPC
TAAGCCACACAACGTT	neuronal
TAAGCCAGTGAGAGGG	astrocyte
TAAGCCATCCCGATCT	ambiguous_or_doublet
TAAGCGTCATCCTAAG	neuronal
TAAGTCGCATGACGAG	oligodendrocyte_OPC
TAAGTCGGTCGGAACA	unresolved
TAAGTCGTCATGCCGG	unresolved
TAATCTCAGTCAACAA	oligodendrocyte_OPC
TAATCTCGTCGTAATC	unresolved
TAATCTCGTGTGCTTA	unresolved
TAATCTCTCCCGTAAA	unresolved
TAATTCCAGTGGTTGG	astrocyte
TAATTCCCAGGGAATC	neuronal
TACAACGAGACCAACG	unresolved
TACAACGGTGCCTAAT	oligodendrocyte_OPC
TACAACGTCCCGAACG	unresolved
TACACCCCACGACAGA	unresolved
TACACCCGTCGTTTCC	neuronal
TACACCCGTCTTCGAA	neuronal
TACACCCTCATTGCTT	oligodendrocyte_OPC
TACAGGTAGCTGGCCT	unresolved
TACAGGTAGTAACGTA	oligodendrocyte_OPC
TACAGGTCACCCTAGG	unresolved
TACAGGTCATCATGAC	unresolved
TACAGGTGTAAGCAAT	oligodendrocyte_OPC
TACAGGTTCATACGAC	oligodendrocyte_OPC
TACATTCAGAACGTGC	vascular
TACATTCCACTGGAAG	astrocyte
TACATTCGTTCAGGTT	unresolved
TACATTCTCATACGGT	unresolved
TACATTCTCCATAGAC	astrocyte
TACCCACCAACCTAAC	neuronal
TACCCACGTAGTTCCA	oligodendrocyte_OPC
TACCCGTCAGGGATAC	neuronal
TACCCGTTCCGCACGA	unresolved
TACCGAATCTTGGAAC	neuronal
TACCGGGCAAGACCTT	oligodendrocyte_OPC
TACCGGGGTCTCTCTG	oligodendrocyte_OPC
TACCGGGGTGTTAAAG	oligodendrocyte_OPC
TACCTCGAGCCTCAAT	astrocyte
TACCTCGCATGCCATA	oligodendrocyte_OPC
TACCTCGGTCCTGTTC	neuronal
TACCTGCGTACAGCGA	astrocyte
TACCTGCGTACCGTCG	astrocyte
TACCTGCTCTCAATCT	oligodendrocyte_OPC
TACGCTCGTAAGCGGT	oligodendrocyte_OPC
TACGGGCAGAATAGTC	oligodendrocyte_OPC
TACGGGCAGCTGTCCG	vascular
TACGGGCTCTTCCCAG	neuronal
TACGGTAGTCCCGTGA	unresolved
TACGGTAGTCGTAATC	neuronal
TACGGTATCCTACGGG	neuronal
TACGGTATCTAGACCA	oligodendrocyte_OPC
TACGTCCCACCTATCC	unresolved
TACGTCCCACGCGTGT	astrocyte
TACGTCCGTCCACATA	vascular
TACTGCCCACGGTGCT	astrocyte
TACTGCCCATACCACA	unresolved
TACTGCCGTTAATGAG	unresolved
TACTGCCTCGTTGTTT	oligodendrocyte_OPC
TACTGCCTCTCGCTCA	unresolved
TACTTACAGCGGTATG	oligodendrocyte_OPC
TACTTACCAGAGTTGG	unresolved
TACTTACTCATAGACC	neuronal
TACTTCAAGGTAGGCT	unresolved
TACTTCACAAAGGCAC	unresolved
TACTTCACAGCTTCCT	unresolved
TACTTCATCGTAACTG	unresolved
TACTTCATCGTTCTCG	oligodendrocyte_OPC
TACTTGTAGAATCGAT	unresolved
TACTTGTCACAGACGA	ambiguous_or_doublet
TACTTGTCATCTGCGG	unresolved
TACTTGTGTTCGTTCC	astrocyte
TACTTGTGTTCTCTAT	astrocyte
TAGACCAAGAGCTGCA	astrocyte
TAGACCAAGATGTAGT	unresolved
TAGACCAAGTAGATCA	neuronal
TAGACCATCTGACGCG	unresolved
TAGACTGGTCAGCTTA	microglia_immune
TAGACTGGTGTCCGGT	neuronal
TAGACTGGTTGTGCCG	unresolved
TAGAGTCCAGGTCCCA	neuronal
TAGAGTCGTAGCGTAG	unresolved
TAGAGTCTCAACGTGT	oligodendrocyte_OPC
TAGATCGAGCAACAGC	astrocyte
TAGATCGCAAAGTGTA	neuronal
TAGCACAAGTGTACCT	oligodendrocyte_OPC
TAGCACACACAATGTC	ambiguous_or_doublet
TAGCACAGTGCCTGAC	astrocyte
TAGCACATCTATCGTT	neuronal
TAGGAGGCACGACTAT	oligodendrocyte_OPC
TAGGGTTAGCCTGACC	neuronal
TAGGGTTTCGCGCTGA	neuronal
TAGGGTTTCTGGGTCG	unresolved
TAGGTACGTGGGAGAG	unresolved
TAGGTACTCAGCAGAG	vascular
TAGGTACTCGAGCCAC	oligodendrocyte_OPC
TAGTGCACATTGAGGG	neuronal
TAGTGCAGTGACCGTC	astrocyte
TAGTGCATCCAAAGGG	unresolved
TATACCTGTTCGTACA	neuronal
TATACCTTCATCAGTG	neuronal
TATATCCCACTGGCGT	oligodendrocyte_OPC
TATATCCTCGTCACCT	microglia_immune
TATCAGGCAGCTTCCT	unresolved
TATCAGGGTCTACTGA	neuronal
TATCCTAAGGCTCACC	oligodendrocyte_OPC
TATCCTACACCAATTG	neuronal
TATCCTAGTCGGCACT	unresolved
TATCCTATCATGCCCT	neuronal
TATCCTATCTCCGCAT	unresolved
TATCGCCAGCATCAAA	unresolved
TATCGCCCAACAACAA	unresolved
TATCGCCCACTGTCGG	oligodendrocyte_OPC
TATCTGTGTGCCAAGA	astrocyte
TATCTGTTCATACGAC	unresolved
TATCTTGAGTGCACAG	unresolved
TATCTTGCAACCGCCA	oligodendrocyte_OPC
TATCTTGTCGTAGCCG	astrocyte
TATGTTCAGCTACTGT	astrocyte
TATGTTCCAATCGTCA	astrocyte
TATGTTCTCTGCTCTG	oligodendrocyte_OPC
TATTGCTTCGAACGGA	unresolved
TATTGGGGTGACACGA	unresolved
TATTGGGTCCAAATGC	neuronal
TATTTCGAGAAGGGAT	neuronal
TCAAGACCATGTGACT	unresolved
TCAAGCAGTCTGCAAT	oligodendrocyte_OPC
TCAAGCATCGTAACAC	unresolved
TCAAGTGCAACAAAGT	neuronal
TCAAGTGGTCAACCAT	oligodendrocyte_OPC
TCAAGTGTCCGGCAAC	oligodendrocyte_OPC
TCAATCTAGTAGATCA	astrocyte
TCAATCTCACATGAAA	oligodendrocyte_OPC
TCAATCTGTAGACGGT	unresolved
TCAATCTGTAGCGTCC	unresolved
TCAATCTGTCCACTTC	ambiguous_or_doublet
TCAATCTTCTGCGTCT	unresolved
TCAATTCAGATCGCTT	vascular
TCAATTCCAATCCTAG	neuronal
TCAATTCCATAGGCGA	oligodendrocyte_OPC
TCAATTCCATGGGATG	astrocyte
TCAATTCCATTGGCAT	unresolved
TCAATTCGTACCTTCC	unresolved
TCAATTCTCCACTGAA	oligodendrocyte_OPC
TCACAAGAGAGAGGGC	unresolved
TCACAAGCACATACTG	neuronal
TCACAAGTCGTCACCT	astrocyte
TCACACCTCGGTAAGG	unresolved
TCACACCTCTCCACTG	unresolved
TCACATTAGACATATG	unresolved
TCACATTAGCCAAGCA	neuronal
TCACATTAGGTTGGTG	astrocyte
TCACATTAGTCACACT	vascular
TCACATTCAAATGAAC	oligodendrocyte_OPC
TCACATTCAGGTTACT	oligodendrocyte_OPC
TCACATTTCCCGTGTT	neuronal
TCACATTTCTGTCAGA	neuronal
TCACGCTAGGATGGCT	neuronal
TCACGCTGTATCGGTT	neuronal
TCACGGGAGATACATG	neuronal
TCACGGGAGGCGCTTC	neuronal
TCACGGGGTAATGCTC	unresolved
TCACGGGTCAACCTTT	unresolved
TCACGGGTCATGGTAC	neuronal
TCACTATGTAGCTTTG	oligodendrocyte_OPC
TCACTATTCTCCAAGA	unresolved
TCACTCGAGATTAGAC	unresolved
TCACTCGTCACCTGGG	oligodendrocyte_OPC
TCACTCGTCACGATAC	unresolved
TCACTCGTCATTGCTT	astrocyte
TCACTCGTCGCGTGCA	unresolved
TCAGCAAAGCCACTCG	neuronal
TCAGCAAAGGTTCACT	unresolved
TCAGCAAAGGTTGACG	microglia_immune
TCAGCAAAGTATCTGC	ambiguous_or_doublet
TCAGCAACAACCTATG	unresolved
TCAGCAAGTTCCTAGA	unresolved
TCAGCAATCACAGTGT	astrocyte
TCAGCAATCGTAACAC	astrocyte
TCAGCCTAGACGCTCC	neuronal
TCAGCCTAGATTGCGG	astrocyte
TCAGCCTGTCCCTGTT	oligodendrocyte_OPC
TCAGCCTTCTCGAGTA	neuronal
TCAGGGCAGTTGCATC	ambiguous_or_doublet
TCAGGGCCACTCATAG	oligodendrocyte_OPC
TCAGGGCCAGCTGTTA	oligodendrocyte_OPC
TCAGGGCGTAGAGCTG	oligodendrocyte_OPC
TCAGGGCTCAAGAGGC	unresolved
TCAGGTAAGCGATTCT	unresolved
TCAGGTAAGGTAACTA	oligodendrocyte_OPC
TCAGGTACAAGGCAAC	astrocyte
TCAGGTACACTGTGAT	astrocyte
TCAGTCCCAGTGGTGA	neuronal
TCAGTCCGTAGCTGAG	unresolved
TCAGTCCGTTGGGACA	astrocyte
TCAGTGAAGTGGTGAC	oligodendrocyte_OPC
TCAGTGAAGTTAGTGA	unresolved
TCAGTGACAAGATGTA	unresolved
TCAGTGATCCTCTCGA	microglia_immune
TCAGTGATCCTGTAAG	astrocyte
TCAGTTTCAGGTCCGT	unresolved
TCAGTTTGTGATATAG	oligodendrocyte_OPC
TCAGTTTTCCTTATCA	oligodendrocyte_OPC
TCAGTTTTCGTTTACT	neuronal
TCATACTAGGCACGAT	unresolved
TCATACTCATGAATCC	oligodendrocyte_OPC
TCATACTGTGTTCATG	astrocyte
TCATACTTCAAGCCCG	oligodendrocyte_OPC
TCATACTTCACTTATC	unresolved
TCATATCAGATCCAAA	neuronal
TCATATCTCCCGTGTT	oligodendrocyte_OPC
TCATATCTCTACACTT	unresolved
TCATCATAGCGGTAGT	astrocyte
TCATCATAGGTACTGG	unresolved
TCATCATCACCAGTAT	oligodendrocyte_OPC
TCATCATGTAGCACGA	neuronal
TCATCATGTTTCGCTC	unresolved
TCATCATTCATCAGTG	unresolved
TCATCATTCCGTTGGG	unresolved
TCATGAGAGATTACCC	unresolved
TCATGAGAGCGAGTAC	astrocyte
TCATGAGAGGTTCACT	vascular
TCATGAGTCCTTCTTC	unresolved
TCATGCCAGAGATCGC	neuronal
TCATGCCAGCCGAATG	unresolved
TCATGCCTCATCCCGT	oligodendrocyte_OPC
TCATGCCTCATTACCT	oligodendrocyte_OPC
TCATGGACAGTCAACT	microglia_immune
TCATGGAGTTCGTAAC	oligodendrocyte_OPC
TCATGGATCTCATGGA	microglia_immune
TCATGGATCTGACAGT	unresolved
TCATGTTAGACTTCGT	neuronal
TCATGTTAGGACTATA	oligodendrocyte_OPC
TCATGTTCAGTCTCTC	vascular
TCATGTTGTATCGTTG	astrocyte
TCATGTTGTCTGCATA	microglia_immune
TCATGTTGTTTAGAGA	neuronal
TCATTACAGTCTGCAT	unresolved
TCATTACCAAAGCAAT	oligodendrocyte_OPC
TCATTACCAATGTCTG	oligodendrocyte_OPC
TCATTACCACGTAGAG	oligodendrocyte_OPC
TCATTACCAGGTTACT	oligodendrocyte_OPC
TCATTACTCCTACCAC	oligodendrocyte_OPC
TCATTCAAGAGGCTGT	oligodendrocyte_OPC
TCATTCACAAACGTGG	oligodendrocyte_OPC
TCATTGTAGACTGAGC	unresolved
TCATTGTCAAAGGCAC	oligodendrocyte_OPC
TCATTGTCATGGAACG	unresolved
TCATTGTGTACAATAG	unresolved
TCATTGTTCTTCGGAA	neuronal
TCATTTGCACTCCGGA	astrocyte
TCATTTGCAGAGGTAC	unresolved
TCATTTGGTGACCTGC	astrocyte
TCCACGTGTGAACGGT	unresolved
TCCACGTTCGTAATGC	astrocyte
TCCAGAAAGGTAATCA	unresolved
TCCATCGGTGGTATGG	unresolved
TCCATCGGTGTGTTTG	unresolved
TCCATGCAGACTTCAC	oligodendrocyte_OPC
TCCATGCCACCACATA	oligodendrocyte_OPC
TCCCACATCCGAGCTG	unresolved
TCCCACATCGGCTGGT	oligodendrocyte_OPC
TCCCACATCTGCCTGT	neuronal
TCCCAGTAGATTAGTG	astrocyte
TCCCAGTCAATAGTGA	unresolved
TCCCAGTGTTCTGAGT	oligodendrocyte_OPC
TCCCAGTTCTGACAGT	unresolved
TCCCATGAGCTGAAGC	unresolved
TCCCATGAGTCATGGG	unresolved
TCCCATGGTATAGCTC	astrocyte
TCCGAAAAGGTTCAGG	oligodendrocyte_OPC
TCCGAAATCGCATAGT	neuronal
TCCGAAATCTACCTTA	astrocyte
TCCGATCAGACGGTTG	astrocyte
TCCGATCAGCACCCAC	oligodendrocyte_OPC
TCCGATCAGCTACGTT	oligodendrocyte_OPC
TCCGATCCACGCGCTA	oligodendrocyte_OPC
TCCGGGACAGAATGTA	oligodendrocyte_OPC
TCCGGGACAGAGTCTT	oligodendrocyte_OPC
TCCGTGTTCCACACCT	neuronal
TCCGTGTTCCCGAGGT	unresolved
TCCGTGTTCCTGTAGA	unresolved
TCCTAATCACGCAGTC	neuronal
TCCTAATCACTGCACG	unresolved
TCCTAATGTTCTGACA	oligodendrocyte_OPC
TCCTCCCAGCACCCAC	unresolved
TCCTCGAAGAGCAGTC	oligodendrocyte_OPC
TCCTCGAAGTCGCTAT	oligodendrocyte_OPC
TCCTCGACAGATTAAG	oligodendrocyte_OPC
TCCTCGATCTCCGAAA	neuronal
TCCTCTTTCCTGCCAT	neuronal
TCCTGCAAGAGGTTAT	unresolved
TCCTTCTAGCAATTAG	oligodendrocyte_OPC
TCCTTCTCAAGTGGCA	unresolved
TCCTTCTGTGGTTCTA	astrocyte
TCCTTTCAGTACTGGG	oligodendrocyte_OPC
TCCTTTCCAAGTGTCT	oligodendrocyte_OPC
TCCTTTCCACCTGAAT	microglia_immune
TCCTTTCTCAAGCTTG	neuronal
TCGAACAAGAAGCCAC	unresolved
TCGAAGTTCCGATAAC	unresolved
TCGACCTAGTCGCGAA	unresolved
TCGACCTGTGGATCAG	neuronal
TCGACCTGTTAAACAG	unresolved
TCGACGGTCCACTTCG	astrocyte
TCGATTTCAATACCCA	unresolved
TCGATTTCAATTTCGG	oligodendrocyte_OPC
TCGATTTGTATGGAAT	oligodendrocyte_OPC
TCGATTTGTGTAAACA	neuronal
TCGATTTTCAAGGCTT	unresolved
TCGATTTTCGACATAC	astrocyte
TCGCACTTCTGCTGAA	unresolved
TCGCAGGAGAGATCGC	unresolved
TCGCAGGGTGTTTCTT	astrocyte
TCGCTCACAACCCTAA	oligodendrocyte_OPC
TCGCTCACAGCGAACA	vascular
TCGCTCATCGTTAGAC	oligodendrocyte_OPC
TCGGATAAGAGTGACC	neuronal
TCGGATAAGGAGGGTG	astrocyte
TCGGATACATGCGTGC	astrocyte
TCGGATATCCTTTAGT	astrocyte
TCGGATATCGGAATTC	astrocyte
TCGGATATCGTGGCTG	neuronal
TCGGGACCAGAAGTGC	astrocyte
TCGGGACGTAACTTCG	unresolved
TCGGGACTCAAGTGTC	astrocyte
TCGGGACTCGTTCTAT	neuronal
TCGGGCACACCTGTCT	unresolved
TCGGGCACATAAGATG	astrocyte
TCGGGTGCAATCGAAA	microglia_immune
TCGGGTGGTTAGAAAC	ambiguous_or_doublet
TCGGGTGTCAAGCCGC	unresolved
TCGGGTGTCAGTGTTG	neuronal
TCGGGTGTCCGTCAAA	oligodendrocyte_OPC
TCGGTCTGTGGCCACT	microglia_immune
TCGGTCTTCAGCGCGT	neuronal
TCGGTCTTCCTACCGT	vascular
TCGGTCTTCTGGGTCG	neuronal
TCGTCCAAGTCACACT	oligodendrocyte_OPC
TCGTCCAAGTCTCCTC	oligodendrocyte_OPC
TCGTGCTCAGTTCACA	microglia_immune
TCGTGGGCAGAGTAAT	neuronal
TCGTGGGGTTAAGAAC	unresolved
TCTAACTAGCTTCTAG	astrocyte
TCTAACTGTTCCGCAG	neuronal
TCTAACTTCAGGAAAT	microglia_immune
TCTACATAGCCTCCAG	unresolved
TCTACATAGCGATGGT	unresolved
TCTACATAGTACAACA	neuronal
TCTACATGTGTTCCAA	unresolved
TCTACATTCCCTCTAG	astrocyte
TCTACATTCCTGCCAT	unresolved
TCTACATTCTAGTGAC	oligodendrocyte_OPC
TCTACCGCACAGAGAC	unresolved
TCTACCGCACCCAATA	astrocyte
TCTATACAGCACCCAC	astrocyte
TCTATACTCGTAACTG	unresolved
TCTATCAAGTGTAGAT	ambiguous_or_doublet
TCTATCAGTACCGCGT	neuronal
TCTATCAGTACTAAGA	astrocyte
TCTATCAGTCCTCAGG	unresolved
TCTATCAGTCGATTTG	microglia_immune
TCTATCAGTGACTCGC	unresolved
TCTATCATCAGGAGAC	oligodendrocyte_OPC
TCTATCATCCTAACAG	unresolved
TCTATCATCTCATGCC	astrocyte
TCTCACGAGCGAGTCA	unresolved
TCTCACGAGGGTACAC	microglia_immune
TCTCACGCACAAATCC	neuronal
TCTCACGTCTAACGCA	astrocyte
TCTCAGCAGGTTGGTG	astrocyte
TCTCAGCAGTCCTGTA	unresolved
TCTCAGCCAATTGCAC	astrocyte
TCTCAGCCACGGTGTC	unresolved
TCTCAGCTCATACGGT	microglia_immune
TCTCAGCTCGACACCG	neuronal
TCTCCGAAGGTATAGT	unresolved
TCTCCGATCTCTATGT	neuronal
TCTCCGATCTTCCTAA	astrocyte
TCTCTGGAGACTGTTC	oligodendrocyte_OPC
TCTGCCAAGAGTCAAT	oligodendrocyte_OPC
TCTGCCAAGTATAGGT	astrocyte
TCTGCCATCCGTTGAA	unresolved
TCTGGCTTCCGCGATG	microglia_immune
TCTGGCTTCCTGGCTT	neuronal
TCTGTCGCACTACGGC	oligodendrocyte_OPC
TCTGTCGCAGGCCCTA	vascular
TCTGTCGGTAGGATAT	astrocyte
TCTGTCGGTGCGTTTA	unresolved
TCTGTCGTCACAAGGG	oligodendrocyte_OPC
TCTTAGTCAAGACCGA	vascular
TCTTAGTCAGAGGAAA	oligodendrocyte_OPC
TCTTAGTCATGCACTA	vascular
TCTTCCTAGACGTCGA	astrocyte
TCTTCCTCACCTATCC	neuronal
TCTTCCTGTCATGCAT	unresolved
TCTTCCTTCTACGGGC	oligodendrocyte_OPC
TCTTGCGCAACCGATT	unresolved
TCTTGCGGTCCTTAAG	neuronal
TCTTGCGGTTTCCATT	unresolved
TCTTGCGTCGACGAGA	unresolved
TCTTTGAAGTTGCTGT	unresolved
TCTTTGAGTGAATTGA	oligodendrocyte_OPC
TCTTTGAGTTTCCAAG	ambiguous_or_doublet
TCTTTGATCCGTGTGG	oligodendrocyte_OPC
TCTTTGATCCTCATAT	unresolved
TGAACGTAGTCCCAAT	oligodendrocyte_OPC
TGAACGTAGTTCCAGT	astrocyte
TGAATCGAGACTTCCA	unresolved
TGAATCGAGTATGGAT	unresolved
TGAATCGTCCCTCTAG	neuronal
TGAATGCCAACAGCTT	vascular
TGAATGCCATCCTATT	unresolved
TGAATGCTCAAGCTTG	unresolved
TGACAGTAGTATGCAA	astrocyte
TGACAGTAGTGCTAGG	unresolved
TGACAGTCAACCTAAC	neuronal
TGACAGTCAGTTCTAG	astrocyte
TGACAGTTCCGGTAAT	unresolved
TGACCCTAGTACCGGA	astrocyte
TGACGCGCACATGACT	neuronal
TGACGCGCAGATTTCG	microglia_immune
TGACGCGCAGGATCTT	unresolved
TGACGCGGTCTTGTCC	unresolved
TGACTCCGTAGACAGC	unresolved
TGACTCCTCAAATGAG	unresolved
TGACTCCTCGACCAAT	unresolved
TGAGACTAGTGAGTTA	ambiguous_or_doublet
TGAGACTCAGGAACCA	astrocyte
TGAGACTGTACTGAGG	neuronal
TGAGACTGTGAAGCTG	astrocyte
TGAGACTGTTGCGGAA	neuronal
TGAGACTGTTTGACAC	oligodendrocyte_OPC
TGAGACTTCGGAGTGA	astrocyte
TGAGCATAGTTGAAAC	vascular
TGAGCATTCGCCGAGT	oligodendrocyte_OPC
TGAGCATTCTCGAGTA	neuronal
TGAGCGCCAGCGGATA	unresolved
TGAGCGCCATCCCACT	neuronal
TGAGCGCCATTAAAGG	astrocyte
TGAGCGCCATTGCAAC	astrocyte
TGAGGAGTCTGGGTCG	astrocyte
TGAGGGAAGGGAGAAT	astrocyte
TGAGGGACAACGTAAA	oligodendrocyte_OPC
TGAGGGAGTGAACGGT	unresolved
TGAGGTTAGATTACCC	oligodendrocyte_OPC
TGAGGTTCAGTGGCTC	neuronal
TGAGGTTGTACGAAAT	astrocyte
TGAGTCAAGAGCAAGA	unresolved
TGAGTCACAGCAGGAT	unresolved
TGAGTCACATTAGGAA	unresolved
TGAGTCATCTGCCCTA	neuronal
TGATCAGCAATCGCAT	ambiguous_or_doublet
TGATCAGGTAATGATG	neuronal
TGATCAGGTTGACTGT	oligodendrocyte_OPC
TGATCTTAGATGGTAT	astrocyte
TGATCTTTCATCCTGC	unresolved
TGATGCACACTGATTG	unresolved
TGATGCAGTTGCTCGG	microglia_immune
TGATGGTAGCTGTTAC	astrocyte
TGATGGTAGGGCTTCC	unresolved
TGATGGTCACCCTAAA	oligodendrocyte_OPC
TGATGGTGTACTCGCG	neuronal
TGATGGTGTAGGAGTC	oligodendrocyte_OPC
TGATGGTGTCGTACTA	unresolved
TGATGGTTCATGCCCT	neuronal
TGATTCTCACGAGGAT	neuronal
TGATTCTCACGGCACT	astrocyte
TGATTCTTCACCCTGT	ambiguous_or_doublet
TGATTCTTCGATTGAC	unresolved
TGATTTCAGAAGATCT	neuronal
TGCACGGAGACCAACG	unresolved
TGCACGGAGGAGCTGT	unresolved
TGCACGGCAAGAAACT	ambiguous_or_doublet
TGCAGATAGAAACTGT	unresolved
TGCAGATAGGATACGC	unresolved
TGCAGATTCTGGGATT	oligodendrocyte_OPC
TGCAGGCAGTATGGCG	oligodendrocyte_OPC
TGCAGGCCATAGCACT	unresolved
TGCAGTAAGGGCCCTT	oligodendrocyte_OPC
TGCAGTACACAACGCC	oligodendrocyte_OPC
TGCAGTAGTTGCCTAA	oligodendrocyte_OPC
TGCATCCAGGGAGATA	unresolved
TGCATCCCACTCCCTA	oligodendrocyte_OPC
TGCATCCCAGCTGTTA	astrocyte
TGCCGAGAGACGAGCT	unresolved
TGCCGAGCAACGTAAA	astrocyte
TGCCGAGGTAACTGCT	oligodendrocyte_OPC
TGCCGAGGTTGGGATG	unresolved
TGCGACGAGCCAGTAG	microglia_immune
TGCGACGCAGAGATTA	vascular
TGCGATAAGAATACAC	oligodendrocyte_OPC
TGCGATACAAGCAGGT	neuronal
TGCGATAGTTATGACC	astrocyte
TGCGGCAAGCATTTCG	oligodendrocyte_OPC
TGCGGCACAAATGAAC	unresolved
TGCTCCAAGCCGTTGC	astrocyte
TGCTCCACAAGAAATC	unresolved
TGCTCCACACCTCGTT	microglia_immune
TGCTCCACATAATGAG	astrocyte
TGCTCGTAGCCTTTGA	oligodendrocyte_OPC
TGCTCGTAGGTTGCCC	astrocyte
TGCTCGTAGTCACTAC	unresolved
TGCTCGTCACTCTGCT	oligodendrocyte_OPC
TGCTCGTCAGGTAGTG	astrocyte
TGCTCGTCAGTCGAGA	astrocyte
TGCTGAAAGCTCAGAG	oligodendrocyte_OPC
TGCTGAAAGGAACGAA	astrocyte
TGCTGAACAGGAACCA	ambiguous_or_doublet
TGCTGAAGTACATACC	microglia_immune
TGCTTCGCAATAACCC	unresolved
TGCTTCGCACACCTTC	neuronal
TGCTTCGCATGTACGT	oligodendrocyte_OPC
TGCTTCGGTAACATGA	unresolved
TGCTTCGGTGCCTGAC	neuronal
TGCTTGCTCAACTACG	astrocyte
TGCTTGCTCTTCTGGC	astrocyte
TGGAACTCACTGGAAG	neuronal
TGGAACTCAGACAAAT	unresolved
TGGAACTCAGCATGCC	neuronal
TGGAACTCATCTTTCA	unresolved
TGGAGAGCAGGGCTTC	astrocyte
TGGAGAGGTACGTGTT	astrocyte
TGGAGAGGTGGACCAA	oligodendrocyte_OPC
TGGATCAAGGAGTCTG	unresolved
TGGATCAAGTGCACAG	vascular
TGGATCATCGATTTCT	oligodendrocyte_OPC
TGGATGTAGACTTGTC	unresolved
TGGATGTAGCAGGCAT	neuronal
TGGATGTCAAACACGG	microglia_immune
TGGATGTCAATTCTTC	astrocyte
TGGATGTCACCAGGTC	neuronal
TGGATGTCATGTCGTA	oligodendrocyte_OPC
TGGATGTGTAACCAGG	unresolved
TGGATGTGTCGCATCG	oligodendrocyte_OPC
TGGATGTGTTCACCGG	unresolved
TGGCGTGCAGCGAGTA	astrocyte
TGGCGTGGTTACCGTA	neuronal
TGGGAAGAGACTTGTC	ambiguous_or_doublet
TGGGAAGAGCATGTTC	astrocyte
TGGGAAGAGTAGATCA	ambiguous_or_doublet
TGGGAAGAGTCCCAAT	neuronal
TGGGAAGGTTTCTTAC	ambiguous_or_doublet
TGGGAGACAAAGAGTT	unresolved
TGGGAGACAACACGAG	astrocyte
TGGGATTAGACTTGTC	unresolved
TGGGATTAGATGAACT	neuronal
TGGGATTAGTCGTTAC	unresolved
TGGGATTCAACAGTGG	neuronal
TGGGATTGTAGCGTTT	oligodendrocyte_OPC
TGGGCGTAGCAAGTGC	neuronal
TGGGCGTCATTGCAAC	unresolved
TGGGCGTGTCTTTCAT	unresolved
TGGGCTGAGATTCGCT	unresolved
TGGGCTGAGTGGATTA	unresolved
TGGGCTGCATCGTCCT	vascular
TGGGCTGGTCAGATTC	neuronal
TGGGCTGTCCACAGGC	oligodendrocyte_OPC
TGGGCTGTCCGAAATC	astrocyte
TGGGCTGTCTCGTCGT	neuronal
TGGTAGTAGGAGTCTG	oligodendrocyte_OPC
TGGTAGTGTCGCAGTC	unresolved
TGGTAGTGTGTACAGG	neuronal
TGGTAGTTCCGTAGGC	neuronal
TGGTAGTTCTGGTGCG	unresolved
TGGTGATCAAGATGTA	unresolved
TGGTGATCATCTTAGG	astrocyte
TGGTGATGTACTAGCT	oligodendrocyte_OPC
TGGTGATGTAGGCAGT	unresolved
TGGTGATGTCAAAGTA	oligodendrocyte_OPC
TGGTGATGTGTTCGAT	neuronal
TGGTGATTCCGACAGC	oligodendrocyte_OPC
TGGTTAGCAACACGTT	neuronal
TGGTTAGCACTGGATT	astrocyte
TGTAAGCAGACGCATG	oligodendrocyte_OPC
TGTAAGCAGTAGTCCT	unresolved
TGTAAGCCAAACTGCT	unresolved
TGTAAGCGTACTCCCT	oligodendrocyte_OPC
TGTAAGCTCGCCGTGA	astrocyte
TGTACAGGTACGGTTT	oligodendrocyte_OPC
TGTACAGTCGCACGAC	astrocyte
TGTAGACCATACAGCT	astrocyte
TGTAGACTCCGCTTAC	neuronal
TGTCAGAAGTCATGGG	oligodendrocyte_OPC
TGTCAGAAGTCTAGAA	neuronal
TGTCAGACAGCTCTGG	astrocyte
TGTCCACAGTAGGTTA	unresolved
TGTCCACCATTGAGCT	unresolved
TGTCCACTCATGCCAA	oligodendrocyte_OPC
TGTCCACTCCATACTT	neuronal
TGTCCACTCTGTTGGA	oligodendrocyte_OPC
TGTCCCAAGAAACCCG	oligodendrocyte_OPC
TGTCCCAAGCTAAGTA	astrocyte
TGTCCCACAAGCGCTC	oligodendrocyte_OPC
TGTCCCACAGCCCAGT	unresolved
TGTCCCAGTAGAGATT	unresolved
TGTCCTGAGAATCGCG	astrocyte
TGTCCTGAGGACATCG	unresolved
TGTCCTGGTATCGCTA	neuronal
TGTGAGTAGCAAGTGC	astrocyte
TGTGAGTAGGTGCATG	unresolved
TGTGAGTCAGCGGATA	astrocyte
TGTGAGTTCCACTTTA	microglia_immune
TGTGCGGAGGCCTGCT	oligodendrocyte_OPC
TGTGCGGGTTTAGACC	astrocyte
TGTGCGGTCGATTTCT	microglia_immune
TGTGGCGCACCTCTGT	unresolved
TGTGGCGGTGAAAGTT	unresolved
TGTGTGACACGCGTCA	unresolved
TGTGTGACATATGGCT	microglia_immune
TGTGTGAGTCAGATTC	oligodendrocyte_OPC
TGTGTGAGTTTGACAC	astrocyte
TGTTACTAGGCAGGGA	unresolved
TGTTACTCATGGCCAC	microglia_immune
TGTTCATAGACTCTTG	microglia_immune
TGTTCCGCAAGATTGA	oligodendrocyte_OPC
TGTTCCGCAGGTCTCG	neuronal
TGTTCCGGTCTTTCAT	astrocyte
TGTTCCGGTGTGTCCG	oligodendrocyte_OPC
TGTTCTAAGGAAGTCC	oligodendrocyte_OPC
TGTTCTACACAACGCC	neuronal
TGTTCTAGTCTTTCTA	oligodendrocyte_OPC
TGTTGAGAGAATACAC	oligodendrocyte_OPC
TGTTGAGAGGGCAATC	neuronal
TGTTGAGGTAAGTAGT	oligodendrocyte_OPC
TGTTGAGGTCACTGAT	astrocyte
TGTTGAGTCCTGGGTG	unresolved
TGTTGGAGTGGTATGG	neuronal
TGTTTGTAGCACTTTG	unresolved
TTAATCCAGGCCATAG	oligodendrocyte_OPC
TTAATCCCAAAGAGTT	unresolved
TTACAGGAGTAAATGC	oligodendrocyte_OPC
TTACAGGCATTACTCT	neuronal
TTACAGGGTAGGCAGT	oligodendrocyte_OPC
TTACCATGTCAGCGTC	unresolved
TTACCATTCGCCAGTG	neuronal
TTACCGCCACACTGGC	neuronal
TTACGCCGTGAATTAG	astrocyte
TTACGCCGTTCTTCAT	microglia_immune
TTACGCCTCTTGATTC	oligodendrocyte_OPC
TTACGTTAGCATCCCG	astrocyte
TTACGTTAGTAGGATT	neuronal
TTACGTTCACGCTATA	unresolved
TTACGTTGTACGAGTG	unresolved
TTACTGTGTAATGATG	astrocyte
TTACTGTGTGAGTTTC	oligodendrocyte_OPC
TTACTGTGTTCGGCGT	oligodendrocyte_OPC
TTAGGCAGTACCCGCA	astrocyte
TTAGGCATCAGCTTCC	neuronal
TTAGGCATCGCAGATT	vascular
TTAGGGTCATGGGAAC	neuronal
TTAGTCTAGATTAGAC	unresolved
TTAGTCTGTTCTTAGG	oligodendrocyte_OPC
TTAGTCTTCTCTCCGA	astrocyte
TTATTGCAGACGCCCT	unresolved
TTATTGCAGCCTCACG	oligodendrocyte_OPC
TTATTGCCATTAGGAA	astrocyte
TTATTGCGTCTTCGAA	unresolved
TTCAATCTCCTATTTG	unresolved
TTCAATCTCTAACACG	oligodendrocyte_OPC
TTCACGCCACCAGGTC	unresolved
TTCACGCGTCCAGCAC	vascular
TTCAGGAAGTCAAGCG	unresolved
TTCAGGAGTGAACGGT	astrocyte
TTCATGTCAACACAGG	unresolved
TTCATGTCATGACCCG	oligodendrocyte_OPC
TTCATGTTCACACGAT	neuronal
TTCCAATCAACATCGT	oligodendrocyte_OPC
TTCCAATGTAGACTGG	neuronal
TTCCAATGTGTATCCA	unresolved
TTCCAATGTTTCGTTT	oligodendrocyte_OPC
TTCCAATTCCTGGGAC	neuronal
TTCCAATTCGGTGTTA	unresolved
TTCCACGTCAAACTGC	unresolved
TTCCGGTCATGCAGGA	unresolved
TTCCGGTGTGGACCTC	oligodendrocyte_OPC
TTCCGTGTCACTCTTA	astrocyte
TTCCGTGTCCAACTAG	vascular
TTCCGTGTCCATAAGC	astrocyte
TTCCTAAAGGTCATAA	ambiguous_or_doublet
TTCCTAAAGTTGGAAT	oligodendrocyte_OPC
TTCCTAACACAGCATT	unresolved
TTCCTAACACTTGTCC	neuronal
TTCCTAACAGTCTGGC	unresolved
TTCCTAAGTGGTACAG	neuronal
TTCCTAATCCAAGCCG	astrocyte
TTCCTAATCTAAGCCA	neuronal
TTCCTCTAGGCGAACT	oligodendrocyte_OPC
TTCCTCTTCATCCTAT	neuronal
TTCCTTCAGTCGGCAA	unresolved
TTCCTTCAGTCGTCTA	unresolved
TTCCTTCCAAGTATAG	microglia_immune
TTCCTTCCATGATAGA	oligodendrocyte_OPC
TTCCTTCGTCATCACA	neuronal
TTCGATTCACTTCAGA	astrocyte
TTCGATTCAGGAGGTT	unresolved
TTCGATTCATTGTACG	unresolved
TTCGATTGTGACGTCC	oligodendrocyte_OPC
TTCGATTGTTTGTGGT	neuronal
TTCGATTTCTAGCAAC	unresolved
TTCGCTGGTTAATCGC	neuronal
TTCGCTGGTTGATCGT	oligodendrocyte_OPC
TTCGCTGTCGTAGCTA	oligodendrocyte_OPC
TTCGGTCAGCTTAAGA	oligodendrocyte_OPC
TTCTAACCAACTCCAA	neuronal
TTCTAACCAAGGATGC	oligodendrocyte_OPC
TTCTAACTCATGCGGC	unresolved
TTCTAACTCTTCCAGC	unresolved
TTCTAGTAGGTCCCTG	astrocyte
TTCTAGTGTAGAGCTG	neuronal
TTCTAGTTCATTTGCT	microglia_immune
TTCTCTCAGATTACCC	unresolved
TTCTCTCAGTGCAAAT	unresolved
TTCTCTCCAGTTTCGA	vascular
TTCTGTAAGCCTGAAG	astrocyte
TTCTGTAGTTCTGAGT	unresolved
TTCTGTATCTAGGCCG	unresolved
TTCTTCCTCATCTGTT	neuronal
TTCTTGAAGTGGTCAG	oligodendrocyte_OPC
TTCTTGACAACTCATG	neuronal
TTCTTGACACGAAAGC	astrocyte
TTCTTGATCCATGATG	astrocyte
TTCTTGATCGTAGTCA	oligodendrocyte_OPC
TTGAACGAGTAGGTTA	oligodendrocyte_OPC
TTGAACGCACAGGATG	astrocyte
TTGAACGGTCACTCTC	astrocyte
TTGAACGGTGTGACCC	oligodendrocyte_OPC
TTGAACGGTTATTCCT	unresolved
TTGAGTGCAACTCCCT	microglia_immune
TTGATGGCAATACCTG	astrocyte
TTGATGGCAGAGTTCT	unresolved
TTGATGGGTCAGGTAG	astrocyte
TTGATGGTCACGGGCT	vascular
TTGATGGTCATCACAG	unresolved
TTGATGGTCCTTATAC	oligodendrocyte_OPC
TTGATGGTCGCCAATA	neuronal
TTGATGGTCTCGGTCT	unresolved
TTGCCTGCATGGCTAT	oligodendrocyte_OPC
TTGCCTGTCACTAGCA	unresolved
TTGCCTGTCGTAGTCA	unresolved
TTGCGTCCAATGCAAA	oligodendrocyte_OPC
TTGCGTCTCCTACACC	neuronal
TTGCTGCAGGGTATAT	unresolved
TTGCTGCCAAACACCT	neuronal
TTGCTGCGTTTCGACA	neuronal
TTGGATGAGCGTATAA	neuronal
TTGGATGCAATACAGA	neuronal
TTGGATGGTCGGTAAG	astrocyte
TTGGATGGTCTCTCTG	oligodendrocyte_OPC
TTGGATGTCATTGCTT	neuronal
TTGGATGTCGCTATTT	oligodendrocyte_OPC
TTGGGATCAACAGATA	unresolved
TTGGGATCACAGAAGC	neuronal
TTGGGCGCATGACTTG	microglia_immune
TTGGGTACAAGTCATC	unresolved
TTGGGTACACCAGTAT	vascular
TTGGGTAGTGAATAAC	neuronal
TTGGGTATCAAACCTG	neuronal
TTGGGTATCGCTTGAA	unresolved
TTGGTTTAGAGGTTAT	astrocyte
TTGGTTTCAGGTAGTG	unresolved
TTGGTTTCATCGTGCG	oligodendrocyte_OPC
TTGGTTTTCCCTCTAG	unresolved
TTGTGGATCCCATGGG	unresolved
TTGTGTTCACGACCTG	oligodendrocyte_OPC
TTGTGTTCACGTCGTG	oligodendrocyte_OPC
TTGTGTTTCTTCCTAA	oligodendrocyte_OPC
TTGTTCAAGCCTGAAG	oligodendrocyte_OPC
TTGTTCAAGGTCGAGT	astrocyte
TTGTTCAGTGGCATCC	unresolved
TTGTTCAGTTTAAGGA	oligodendrocyte_OPC
TTGTTCATCTGACGCG	unresolved
TTGTTGTAGGATTACA	oligodendrocyte_OPC
TTGTTGTGTCGAGATG	astrocyte
TTGTTTGCAAATGAAC	oligodendrocyte_OPC
TTTACCACAAGAGGCT	oligodendrocyte_OPC
TTTACCACACACGGTC	neuronal
TTTACCATCTGTCGTC	unresolved
TTTACGTAGACGGATC	unresolved
TTTACGTCATGCCGGT	astrocyte
TTTACGTTCAGTGTCA	unresolved
TTTACGTTCTGACGCG	oligodendrocyte_OPC
TTTACTGAGCTCTGTA	oligodendrocyte_OPC
TTTAGTCAGAGCATTA	astrocyte
TTTAGTCAGCTGGTGA	oligodendrocyte_OPC
TTTATGCCAGTTGGTT	unresolved
TTTATGCCATGTTCGA	ambiguous_or_doublet
TTTATGCGTTCAGCTA	neuronal
TTTCACATCACAGAGG	unresolved
TTTCAGTAGAATTGTG	oligodendrocyte_OPC
TTTCAGTAGTACAGCG	astrocyte
TTTCAGTGTTAGAAGT	unresolved
TTTCAGTTCAGACAAA	neuronal
TTTCATGAGCGGTAGT	unresolved
TTTCATGAGGTAGATT	unresolved
TTTCATGCAGTCGCAC	neuronal
TTTCCTCAGCCTCAGC	microglia_immune
TTTCCTCAGTAAGACT	neuronal
TTTCCTCAGTCATCCA	oligodendrocyte_OPC
TTTCCTCGTATGAAAC	ambiguous_or_doublet
TTTCCTCGTGTGTCGC	unresolved
TTTCCTCGTTTCAGAC	unresolved
TTTCCTCTCACAGAGG	unresolved
TTTCGATAGGCGTTAG	astrocyte
TTTCGATGTAAGGCCA	unresolved
TTTCGATGTCACTACA	unresolved
TTTGACTCAAGTGGCA	neuronal
TTTGACTTCAGTGTGT	oligodendrocyte_OPC
TTTGATCCAAGTGCAG	oligodendrocyte_OPC
TTTGATCGTCGATGCC	oligodendrocyte_OPC
TTTGATCTCACACCGG	neuronal
TTTGGAGAGTGACCTT	unresolved
TTTGGAGCAAATCGTC	unresolved
TTTGGAGCATCCTTCG	astrocyte
TTTGGTTAGTCAATCC	oligodendrocyte_OPC
TTTGGTTCACAATGAA	unresolved
TTTGGTTCACCGGTCA	unresolved
TTTGGTTTCCTGGGTG	oligodendrocyte_OPC
TTTGGTTTCTCGCTCA	unresolved
TTTGTTGAGGGCGAGA	neuronal
TTTGTTGAGGTACCTT	astrocyte
TTTGTTGGTTGAATCC	astrocyte
TTTGTTGTCCGACAGC	unresolved
