AAACCCAAGGAACTCG	ambiguous_or_doublet
AAACGAAAGCAGAAAG	unresolved
AAACGCTCAAGTGATA	unresolved
AAAGAACTCTCTGCTG	unresolved
AAAGGATTCGCAGAGA	unresolved
AAAGTCCCAGCGCTTG	unresolved
AAAGTCCGTCACTTCC	astrocyte
AAAGTGATCGGATTAC	unresolved
AAATGGATCGATACTG	astrocyte
AACAAAGCATACCGTA	oligodendrocyte_OPC
AACAAAGGTCAGCGTC	astrocyte
AACAAGAAGTATAACG	neuronal
AACAAGATCTACTTCA	oligodendrocyte_OPC
AACAGGGTCCTTGGAA	unresolved
AACAGGGTCTAAGCGT	oligodendrocyte_OPC
AACCAACCATGGCACC	vascular
AACCAACGTTGCTCGG	unresolved
AACCACAAGAGGCTGT	astrocyte
AACCACAAGGGAGTGG	unresolved
AACCACAAGTATTGCC	oligodendrocyte_OPC
AACCCAAAGCACCAGA	unresolved
AACCCAAAGGTCCAGA	oligodendrocyte_OPC
AACCCAACAGCTGTGC	unresolved
AACCTGAAGGCTCTAT	unresolved
AACCTGACAATGAAAC	neuronal
AACCTGATCCGATGTA	unresolved
AACCTGATCTAACACG	astrocyte
AACCTTTTCAGCGGAA	neuronal
AACGAAAGTAGTCTTG	astrocyte
AACGAAATCATGACAC	unresolved
AACGGGAGTAGTGATA	neuronal
AACGTCAAGATGCTTC	unresolved
AACGTCAAGCGCATCC	neuronal
AACGTCATCGTCCATC	vascular
AACTTCTCACCAAATC	astrocyte
AACTTCTCAGATGCGA	neuronal
AACTTCTGTCCTATAG	microglia_immune
AAGAACAAGAGGCCAT	neuronal
AAGAACAGTTCAGCTA	neuronal
AAGACAATCCGATGCG	oligodendrocyte_OPC
AAGACTCCACGCGTGT	ambiguous_or_doublet
AAGATAGAGCCGTTAT	oligodendrocyte_OPC
AAGCATCAGACGGTCA	microglia_immune
AAGCCATCAGAACTAA	astrocyte
AAGCGTTGTCCCGGTA	unresolved
AAGGAATGTAACCAGG	oligodendrocyte_OPC
AAGGTAATCGTTAGTG	astrocyte
AAGTACCCAAACGGCA	astrocyte
AAGTACCCATCGCTGG	unresolved
AAGTACCTCTATGCCC	ambiguous_or_doublet
AAGTGAAGTGACGCCT	unresolved
AAGTGAATCCTCATAT	astrocyte
AAGTTCGGTCACTTCC	microglia_immune
AAGTTCGTCAAACCTG	oligodendrocyte_OPC
AATCGACAGATTACCC	neuronal
AATGACCAGGTTAAAC	vascular
AATGACCGTAACGCGA	neuronal
AATGGAACACGGTAGA	astrocyte
AATGGAAGTGTCCGGT	neuronal
AATTCCTAGTGGCAGT	astrocyte
AATTCCTGTTTACTGG	unresolved
ACAAAGAGTCAGCTTA	astrocyte
ACAACCAAGACCATGG	unresolved
ACAACCAAGGTTAGTA	neuronal
ACAACCAAGGTTCATC	oligodendrocyte_OPC
ACACCAAAGACGCTCC	unresolved
ACACCAATCCTATGGA	astrocyte
ACACGCGAGTAGTCCT	ambiguous_or_doublet
ACACGCGGTATGCTAC	unresolved
ACACTGACAGCTGTTA	unresolved
ACAGAAACACTATCCC	unresolved
ACAGGGATCATTCGGA	unresolved
ACATCCCAGCAATTCC	microglia_immune
ACATCCCCACTCATAG	oligodendrocyte_OPC
ACATGCAGTAGCGTCC	microglia_immune
ACATGCAGTCTTTCTA	neuronal
ACATTTCCAGACTGCC	unresolved
ACATTTCCATATTCGG	neuronal
ACCAAACAGCATGCAG	vascular
ACCAAACTCTCCCAAC	unresolved
ACCAACACAAGGCCTC	astrocyte
ACCAACAGTCTCTCCA	astrocyte
ACCATTTAGAAGCTCG	neuronal
ACCCAAACATCACCAA	unresolved
ACCCTCAAGGTACTGG	astrocyte
ACCCTCATCTGCGGCA	neuronal
ACCGTTCTCTCACTCG	astrocyte
ACCTACCTCAAAGAAC	ambiguous_or_doublet
ACCTGAATCATGCCAA	unresolved
ACCTGTCCAGGTTCGC	vascular
ACCTGTCGTCAGTCGC	oligodendrocyte_OPC
ACCTGTCTCGAGCTGC	oligodendrocyte_OPC
ACGATCAGTCTCAGAT	oligodendrocyte_OPC
ACGATGTGTATTGGCT	neuronal
ACGCACGAGATTGAGT	neuronal
ACGGGTCCATATAGCC	neuronal
ACGGTCGAGAATCGTA	microglia_immune
ACGGTTATCATGGTAC	neuronal
ACGTAACAGTCAGAGC	unresolved
ACGTAACGTTAGCGGA	microglia_immune
ACGTAACTCGAGCACC	unresolved
ACGTACATCGACATAC	neuronal
ACGTACATCGAGTTGT	oligodendrocyte_OPC
ACGTAGTCACAATGTC	unresolved
ACGTCCTCACCGTGCA	oligodendrocyte_OPC
ACGTCCTTCTATCGTT	unresolved
ACTATCTAGTGCGTCC	unresolved
ACTATGGTCGATTGGT	neuronal
ACTATTCAGCGACCCT	neuronal
ACTATTCAGGGCAGGA	astrocyte
ACTCCCAGTGACTCTA	astrocyte
ACTCCCATCCAGCAAT	unresolved
ACTCTCGAGAGTCAGC	neuronal
ACTCTCGAGCATATGA	microglia_immune
ACTCTCGTCTGTTGGA	unresolved
ACTGATGGTGACGTCC	astrocyte
ACTGCAAAGAGAGGTA	neuronal
ACTGTCCGTCATGCAT	unresolved
ACTGTCCGTCCAATCA	unresolved
ACTGTGACAGACCTGC	neuronal
ACTGTGATCCATCTGC	neuronal
ACTGTGATCGTCAAAC	unresolved
ACTTCCGGTTGCTCGG	neuronal
ACTTTGTCATGCCATA	neuronal
ACTTTGTGTATCTTCT	vascular
AGAAATGCAATGAGCG	oligodendrocyte_OPC
AGAAATGCAGTCGGTC	neuronal
AGAACAAAGACGACGT	oligodendrocyte_OPC
AGAACAAAGGAACGTC	neuronal
AGAAGCGCAAGTTCGT	unresolved
AGAAGCGCAGATTTCG	unresolved
AGAAGCGTCCATTTCA	oligodendrocyte_OPC
AGAAGCGTCCGAAGGA	astrocyte
AGAAGTATCTCACTCG	neuronal
AGACACTGTTGCATTG	oligodendrocyte_OPC
AGACAGGCATAGATCC	oligodendrocyte_OPC
AGACAGGGTAACACGG	unresolved
AGACAGGGTAGCCCTG	neuronal
AGACCATAGCTTTGTG	unresolved
AGACCCGCAGCTATTG	astrocyte
AGACCCGTCCCTGGTT	astrocyte
AGACTCAAGTGAGCCA	neuronal
AGACTCAAGTGGACGT	astrocyte
AGAGAATAGCCGTTGC	astrocyte
AGAGAGCAGCAACCAG	unresolved
AGAGAGCTCGCGTGAC	oligodendrocyte_OPC
AGAGCAGTCATCGACA	astrocyte
AGAGCAGTCGCAACAT	astrocyte
AGAGCCCAGACAGCGT	astrocyte
AGATAGAAGGAAAGGT	astrocyte
AGATAGAGTAGCTTAC	unresolved
AGATAGATCTAGTCAG	astrocyte
AGATCCATCTCTGCCA	astrocyte
AGATCGTGTGGATCGA	neuronal
AGATCGTTCATGGCCG	oligodendrocyte_OPC
AGATCGTTCTTCACAT	oligodendrocyte_OPC
AGATGAACAGCAGGAT	oligodendrocyte_OPC
AGATGAATCACTACGA	neuronal
AGATGCTCATAGGAGC	oligodendrocyte_OPC
AGCCAATTCAAACCCA	microglia_immune
AGCCAGCTCGATTGGT	ambiguous_or_doublet
AGCGATTCACGGATCC	unresolved
AGCGATTGTCCTGGTG	oligodendrocyte_OPC
AGCGATTTCTCAGGCG	unresolved
AGCGCCAAGGTCGCCT	oligodendrocyte_OPC
AGCGCCATCTTCGACC	neuronal
AGCTACACACCAGCCA	unresolved
AGCTACACAGCGACCT	unresolved
AGCTTCCAGACATCCT	microglia_immune
AGGAATAAGTGCGCTC	unresolved
AGGAATAGTAGCTGAG	unresolved
AGGACGAAGGTAGATT	oligodendrocyte_OPC
AGGACGAAGGTCCTGC	oligodendrocyte_OPC
AGGACGAGTATCGGTT	unresolved
AGGACTTAGTCAGCGA	oligodendrocyte_OPC
AGGAGGTGTCACGTGC	astrocyte
AGGAGGTTCTGCCTCA	unresolved
AGGATCTAGTAGCAAT	unresolved
AGGCATTCAAGCGATG	neuronal
AGGCATTCAGCTGTCG	vascular
AGGCCACAGTTGTCAC	unresolved
AGGCCACTCATTGTTC	oligodendrocyte_OPC
AGGCCACTCCACACAA	oligodendrocyte_OPC
AGGGAGTCAAACACCT	unresolved
AGGGAGTGTACGACAG	ambiguous_or_doublet
AGGGAGTGTGTCCGTG	neuronal
AGGGCCTTCTAGACCA	oligodendrocyte_OPC
AGGGTGATCCATCACC	unresolved
AGGGTTTGTGTCTAAC	unresolved
AGGTAGGCACATTGTG	unresolved
AGGTAGGGTGTTGCCG	neuronal
AGGTCTACACTTCAGA	astrocyte
AGGTGTTAGCAACTTC	astrocyte
AGGTGTTGTAATGCTC	unresolved
AGGTTACAGATAACGT	neuronal
AGGTTACCAACCACGC	vascular
AGGTTGTTCCTACGGG	neuronal
AGTACCACATAGCTGT	astrocyte
AGTACTGTCAAGTAAG	unresolved
AGTACTGTCTTCGATT	neuronal
AGTAGTCGTCGTTGGC	unresolved
AGTCAACAGTAAAGCT	unresolved
AGTCAACGTCAGGAGT	vascular
AGTCAACTCCCGAGTG	unresolved
AGTCAACTCGCTTTAT	oligodendrocyte_OPC
AGTCACAAGTCGGCAA	unresolved
AGTCACACACATTCTT	oligodendrocyte_OPC
AGTCACAGTCCACAGC	astrocyte
AGTCATGCAACGTTAC	unresolved
AGTCATGCACGTCTCT	unresolved
AGTCTCCAGATGCGAC	neuronal
AGTCTCCCAAAGGCTG	neuronal
AGTCTCCCACAGTCAT	oligodendrocyte_OPC
AGTGACTCAAGTGGCA	unresolved
AGTGCCGCAGAGTGAC	unresolved
AGTGCCGTCATACAGC	oligodendrocyte_OPC
AGTGTTGAGATGCTAA	astrocyte
AGTGTTGGTTTACTGG	astrocyte
AGTTAGCAGATACGAT	unresolved
AGTTCCCCAAATGAGT	unresolved
AGTTCGAGTCACTTAG	oligodendrocyte_OPC
AGTTCGATCGCGGACT	unresolved
AGTTCGATCTCTGCTG	neuronal
ATACCGAGTCGTGCCA	oligodendrocyte_OPC
ATACTTCCACCCTGAG	unresolved
ATACTTCTCGAGGCAA	oligodendrocyte_OPC
ATAGACCAGTCGAAAT	unresolved
ATAGGCTGTGGCCACT	unresolved
ATAGGCTTCCTGTAGA	microglia_immune
ATATCCTCAACACTAC	unresolved
ATATCCTTCCGCACGA	neuronal
ATCACGAAGGCTATCT	unresolved
ATCACGATCATTCGTT	microglia_immune
ATCACGATCCATCCGT	unresolved
ATCACTTCACAAAGTA	neuronal
ATCAGGTGTCCTGTTC	unresolved
ATCATTCAGCGCTGAA	neuronal
ATCATTCCAATGTGGG	ambiguous_or_doublet
ATCCATTCAGGTGTGA	unresolved
ATCCCTGGTCGCATCG	unresolved
ATCCCTGGTGTGTTTG	astrocyte
ATCCTATAGCGATGAC	neuronal
ATCCTATGTCGATTCA	neuronal
ATCGCCTGTCATCTAG	oligodendrocyte_OPC
ATCGGATCATGACTCA	neuronal
ATCGGCGCAGCAGACA	ambiguous_or_doublet
ATCGGCGGTACCCAGC	unresolved
ATCGTAGTCGGCTTCT	unresolved
ATCGTCCCACACACTA	astrocyte
ATCGTCCCACGCTGCA	unresolved
ATCGTCCCATGGCTGC	unresolved
ATCGTCCGTAAGATCA	unresolved
ATCGTCCTCAAGCCGC	oligodendrocyte_OPC
ATCTCTAGTGGGTATG	vascular
ATCTTCAGTCTATGAC	oligodendrocyte_OPC
ATCTTCATCGTCGCTT	unresolved
ATGACCACACATGAAA	oligodendrocyte_OPC
ATGAGGGCAATGAGCG	unresolved
ATGCATGAGTTCAACC	ambiguous_or_doublet
ATGCATGTCAGTAGGG	oligodendrocyte_OPC
ATGCATGTCCACGTGG	unresolved
ATGCCTCCAAAGGATT	unresolved
ATGCCTCGTATACAGA	astrocyte
ATGCCTCGTCGAACAG	neuronal
ATGCCTCTCTGGTCAA	ambiguous_or_doublet
ATGCGATAGTGGATAT	astrocyte
ATGGATCAGTCCGTCG	ambiguous_or_doublet
ATGGATCCAAGGGTCA	astrocyte
ATGGATCGTATCGTTG	oligodendrocyte_OPC
ATGGGAGAGTCCGCGT	unresolved
ATGGGTTAGCAGTAAT	vascular
ATGGTTGCAGAACATA	microglia_immune
ATGGTTGTCTGCGAGC	neuronal
ATGTCCCCACGGTGAA	oligodendrocyte_OPC
ATGTCTTGTCCGATCG	neuronal
ATTACTCAGAATCGAT	neuronal
ATTACTCCATGCCGAC	unresolved
ATTATCCTCCTTATAC	neuronal
ATTCAGGTCGGTTAGT	oligodendrocyte_OPC
ATTCATCCACAGTCGC	oligodendrocyte_OPC
ATTCCCGGTATCGAGG	unresolved
ATTCCCGTCTCGTGGG	oligodendrocyte_OPC
ATTCCTAGTAGCTCGC	unresolved
ATTCTACGTATGAGGC	unresolved
ATTCTACTCACGGGCT	unresolved
ATTCTTGAGCCTGACC	unresolved
ATTGGGTGTCGTATGT	astrocyte
ATTTCACAGAAACCAT	astrocyte
ATTTCACTCACATCAG	neuronal
ATTTCTGGTCTACGTA	unresolved
CAACAACAGTAGTCTC	unresolved
CAACAGTAGAACAGGA	ambiguous_or_doublet
CAACAGTCAGGCGATA	unresolved
CAACAGTTCACTTGTT	unresolved
CAACCAAAGACCCTTA	unresolved
CAACCAAAGCATGCAG	unresolved
CAACCAATCGCCGTGA	unresolved
CAACCTCGTCTACGAT	neuronal
CAACCTCTCTGTTGGA	ambiguous_or_doublet
CAACGGCTCTGCTTAT	neuronal
CAAGACTAGTGGCGAT	oligodendrocyte_OPC
CAAGCTATCTCCGATC	neuronal
CAATACGAGTACCCTA	astrocyte
CAATACGCATGAAGCG	ambiguous_or_doublet
CAATACGGTGAGCTCC	unresolved
CAATCGACAATACCTG	unresolved
CAATCGATCACATCAG	neuronal
CAATTTCAGTAACCTC	neuronal
CAATTTCCAGCACCCA	oligodendrocyte_OPC
CACAACAGTTGGCCTG	oligodendrocyte_OPC
CACACAAAGCGATTCT	unresolved
CACAGATAGAGTGGCT	microglia_immune
CACAGATCACACCAGC	astrocyte
CACAGATCATGGCTGC	unresolved
CACAGGCGTGTGATGG	astrocyte
CACATGATCAAAGCCT	unresolved
CACCAAATCGGTTGTA	unresolved
CACCGTTTCTAGTTCT	vascular
CACGGGTAGCTCGAAG	astrocyte
CACGGGTGTGTTCCAA	astrocyte
CACGTTCAGGACAAGA	neuronal
CACGTTCCATCCAATG	astrocyte
CACTAAGGTACCTAGT	unresolved
CACTGAAGTAAGGCCA	unresolved
CACTGAATCCGGTTCT	unresolved
CACTGAATCTTTCGAT	oligodendrocyte_OPC
CACTGGGTCATTCGTT	oligodendrocyte_OPC
CACTGTCTCATTCCTA	oligodendrocyte_OPC
CACTGTCTCTCTATAC	unresolved
CAGATACAGAGTTCGG	neuronal
CAGATACGTTATTCCT	vascular
CAGATTGAGCGATGCA	microglia_immune
CAGATTGGTACGCTTA	astrocyte
CAGATTGGTCACTCAA	neuronal
CAGATTGTCACCGGGT	unresolved
CAGCAATTCCTACCGT	neuronal
CAGCACGAGTTGAAAC	oligodendrocyte_OPC
CAGCACGGTATACCCA	unresolved
CAGCACGTCCTCTCTT	astrocyte
CAGCAGCAGAGACAAG	unresolved
CAGCAGCAGGGACAGG	neuronal
CAGCAGCCACTGGCCA	astrocyte
CAGCGTGCACCCTATC	neuronal
CAGGCCATCCTGTTAT	neuronal
CAGTGCGTCTCGACCT	microglia_immune
CAGTTAGAGATTGTGA	oligodendrocyte_OPC
CAGTTAGAGGACGCAT	unresolved
CAGTTCCAGTGTACAA	neuronal
CATACAGAGGTAAACT	microglia_immune
CATACAGCACAGTACT	unresolved
CATACAGTCCGTTGGG	neuronal
CATACTTAGTAACCTC	microglia_immune
CATAGACCATCCCACT	unresolved
CATAGACGTATTGAGA	vascular
CATAGACGTGGTCCGT	unresolved
CATAGACTCTGTCGCT	astrocyte
CATCAAGGTCTCTCTG	astrocyte
CATCCACTCAGACTGT	unresolved
CATCCCAGTGTAAACA	microglia_immune
CATCCGTTCTATGCCC	neuronal
CATCGCTAGGGTTTCT	neuronal
CATCGGGAGCGAGTAC	astrocyte
CATCGTCAGACAGTCG	neuronal
CATCGTCAGTTTGGCT	vascular
CATGAGTCATCGGCCA	neuronal
CATGCAACATACTGTG	unresolved
CATGCCTAGACAGCGT	unresolved
CATGCCTCATGTTCGA	neuronal
CATGCGGAGAGTGACC	neuronal
CATGCGGGTCCTCCAT	neuronal
CATGCGGGTCTGTCCT	unresolved
CATGCGGGTCTGTTAG	unresolved
CATGCGGGTTCGTACA	microglia_immune
CATGCTCAGCCGTTAT	neuronal
CATGCTCAGTTCCTGA	unresolved
CATGGTACAGACCGCT	oligodendrocyte_OPC
CATTCATAGTATAGAC	unresolved
CATTCCGCATGGCTGC	microglia_immune
CATTCCGTCTGGAGAG	oligodendrocyte_OPC
CATTCTACAGCTACAT	oligodendrocyte_OPC
CATTGAGCATTCGGGC	oligodendrocyte_OPC
CATTGCCGTGGACTGA	ambiguous_or_doublet
CATTGTTGTGTATTCG	microglia_immune
CATTTCAAGATCACTC	neuronal
CATTTCAAGATGGTCG	neuronal
CCAAGCGTCCAGCAAT	unresolved
CCAATGAAGGCGACAT	unresolved
CCACAAAAGTGGGAAA	oligodendrocyte_OPC
CCACAAAGTGACTAAA	oligodendrocyte_OPC
CCACACTTCACCTGTC	unresolved
CCACCATTCGTTTACT	unresolved
CCACGAGCAATTTCCT	astrocyte
CCACGAGGTGAGTTGG	astrocyte
CCACGTTAGATCCGAG	microglia_immune
CCACTTGCAGCAGTCC	oligodendrocyte_OPC
CCATAAGCAGAGAGGG	unresolved
CCATAAGTCGAGAGAC	unresolved
CCCAACTCACAGTCCG	oligodendrocyte_OPC
CCCAACTGTATTCCTT	astrocyte
CCCAACTGTTGGCCGT	oligodendrocyte_OPC
CCCATTGCAGAAACCG	unresolved
CCCGAAGCAAGAAACT	astrocyte
CCCGAAGTCAAATGAG	unresolved
CCCGGAATCTTCGACC	microglia_immune
CCCTAACGTATGTCAC	unresolved
CCCTAACGTGCGGCTT	oligodendrocyte_OPC
CCCTAACGTTCCTACC	unresolved
CCCTAACTCCTTGAAG	unresolved
CCCTCAACAGGCACTC	ambiguous_or_doublet
CCCTCAAGTTTCGTTT	neuronal
CCCTCAATCCTTCTGG	unresolved
CCCTCTCTCACCGGTG	microglia_immune
CCCTCTCTCCTCAGGG	oligodendrocyte_OPC
CCCTGATAGAGTATAC	vascular
CCCTTAGTCATGGTAC	unresolved
CCGAACGCATGTACGT	unresolved
CCGATCTGTGTGAGCA	oligodendrocyte_OPC
CCGCAAGGTGCGGTAA	oligodendrocyte_OPC
CCGGACAAGCCTCTGG	astrocyte
CCGGACACAAAGACGC	astrocyte
CCGGACACAACCAGAG	microglia_immune
CCGGACATCTTCCAGC	unresolved
CCGGGTAGTCGCCTAG	unresolved
CCGGTGATCTTGAGCA	oligodendrocyte_OPC
CCGTAGGCAATGTTGC	neuronal
CCGTGAGAGTGCGCTC	vascular
CCGTGAGGTCCCTAAA	unresolved
CCGTTCAAGGGTATAT	unresolved
CCGTTCATCAAGGCTT	microglia_immune
CCTAAGACAGTTTCGA	oligodendrocyte_OPC
CCTAAGACATTAGGAA	astrocyte
CCTACGTCAGACCAGA	neuronal
CCTACGTTCAAGGAGC	neuronal
CCTACGTTCGCTGTCT	oligodendrocyte_OPC
CCTATCGGTCATTCCC	neuronal
CCTATCGTCCCTAGGG	oligodendrocyte_OPC
CCTCACAAGGACCCAA	astrocyte
CCTCACAGTGGCCTCA	neuronal
CCTCAGTTCGCTAAAC	neuronal
CCTCATGCACATATCG	neuronal
CCTCCTCAGCCAGAGT	neuronal
CCTCCTCAGCCTGAAG	ambiguous_or_doublet
CCTCCTCAGGTTGACG	neuronal
CCTCCTCGTAGCCCTG	oligodendrocyte_OPC
CCTCCTCGTAGCGCTC	unresolved
CCTCTAGCACCAGCCA	unresolved
CCTCTCCTCGAGAAGC	oligodendrocyte_OPC
CCTCTCCTCGCTAGCG	unresolved
CCTGCATTCGGTTGTA	astrocyte
CCTGTTGAGAAGCCAC	vascular
CCTGTTGCAAACACCT	oligodendrocyte_OPC
CCTGTTGCAGGCTCTG	unresolved
CCTGTTGGTCGATGCC	oligodendrocyte_OPC
CCTTCAGAGCGCACAA	oligodendrocyte_OPC
CCTTCAGTCACTTGGA	oligodendrocyte_OPC
CCTTGTGTCATTCATC	microglia_immune
CCTTTGGAGGAAAGGT	astrocyte
CCTTTGGCAGCCTACG	unresolved
CGAAGGAAGAATACAC	neuronal
CGAAGTTCAAGCAGGT	unresolved
CGAATTGCATCGATCA	neuronal
CGACAGCTCATAGCAC	astrocyte
CGACAGCTCTATCGGA	oligodendrocyte_OPC
CGAGAAGGTAGCTTTG	neuronal
CGAGAAGTCACCATCC	astrocyte
CGAGGAAAGGCCACCT	oligodendrocyte_OPC
CGAGTTAGTAATTAGG	oligodendrocyte_OPC
CGATCGGCATTGTGCA	unresolved
CGATGCGAGGGATCGT	neuronal
CGATGCGGTATCCTCC	microglia_immune
CGATGGCCAACACGTT	neuronal
CGCAGGTAGCTGACCC	neuronal
CGCATGGGTTAACCTG	unresolved
CGCATGGTCTGCACCT	unresolved
CGCCAGAAGTTTCAGC	neuronal
CGCGTGACATACCATG	oligodendrocyte_OPC
CGCGTGATCATCGCCT	unresolved
CGGAACCAGACCATTC	unresolved
CGGAGAACAAAGAGTT	astrocyte
CGGGACTTCGAGTGGA	neuronal
CGGGACTTCGTAGGGA	unresolved
CGGGCATAGCCGCTTG	microglia_immune
CGGGCATAGCTCCGAC	astrocyte
CGGGTCAAGCAAGTGC	neuronal
CGGGTGTGTAACCCTA	unresolved
CGTAAGTAGTAGCATA	unresolved
CGTAATGGTAGCTTTG	unresolved
CGTAGTAGTGTATTCG	neuronal
CGTCAAACAAGTTCCA	unresolved
CGTGATATCTCCGCAT	astrocyte
CGTTCTGCATTACTCT	unresolved
CGTTGGGAGTTGGCTT	oligodendrocyte_OPC
CGTTGGGCAGTAGAAT	unresolved
CGTTGGGGTGGATACG	unresolved
CTAACTTTCTAGACAC	astrocyte
CTAAGTGAGTAAACGT	neuronal
CTACAGAAGGTTGCCC	neuronal
CTACATTCAGAGAATT	oligodendrocyte_OPC
CTACATTGTATTGCCA	unresolved
CTACATTTCGCCGAAC	unresolved
CTACCCATCGGTAACT	unresolved
CTACCTGAGCAGCAGT	astrocyte
CTACGGGAGTATGCAA	unresolved
CTAGACATCTGCTGAA	oligodendrocyte_OPC
CTATCCGTCCGACGGT	unresolved
CTCAAGAAGGGCATGT	unresolved
CTCAATTTCCCAACTC	neuronal
CTCACTGAGTTAACAG	neuronal
CTCACTGCATGATAGA	unresolved
CTCACTGGTTTGTTGG	oligodendrocyte_OPC
CTCACTGTCCGGCTTT	vascular
CTCAGAATCGCAAGAG	neuronal
CTCATCGTCAGAGCGA	oligodendrocyte_OPC
CTCATGCGTCTTGCTC	unresolved
CTCATTAAGTCGCCAC	unresolved
CTCATTACAGTAGGAC	astrocyte
CTCCAACTCAGGGTAG	unresolved
CTCCACAAGCCTTTGA	unresolved
CTCCACACACACGTGC	unresolved
CTCCACAGTATCGCAT	unresolved
CTCCACAGTGAGTCAG	oligodendrocyte_OPC
CTCCATGCATGTTCAG	unresolved
CTCCCAATCGCATTAG	unresolved
CTCCCTCAGCCTTCTC	unresolved
CTCCCTCCACCTTCGT	unresolved
CTCCCTCGTACCGGAA	unresolved
CTCCGATCAATAGGGC	microglia_immune
CTCCTTTCACCACTGG	astrocyte
CTCGAGGAGAAACCCG	unresolved
CTCGAGGGTCTTTCAT	unresolved
CTCTGGTCACAGTCCG	neuronal
CTCTGGTTCGAGTTGT	oligodendrocyte_OPC
CTGAATGCAAGAGGTC	vascular
CTGAATGCAGTTAGGG	unresolved
CTGAATGCATATACCG	oligodendrocyte_OPC
CTGAGCGCAGTGGTGA	vascular
CTGATCCCATTAAAGG	unresolved
CTGCAGGTCGCTCATC	astrocyte
CTGCATCCACGTCGGT	oligodendrocyte_OPC
CTGCCATCATACCGTA	unresolved
CTGCCATGTCATCAGT	astrocyte
CTGCGAGCAGCGTAGA	oligodendrocyte_OPC
CTGCGAGTCTACACAG	ambiguous_or_doublet
CTGCTCAAGGCCTTGC	astrocyte
CTGGACGGTGACAGGT	astrocyte
CTGGCAGGTTCCCAAA	unresolved
CTGGTCTGTCACCGAC	unresolved
CTGTAGAGTCGCTCGA	unresolved
CTGTAGATCAAGCGTT	oligodendrocyte_OPC
CTGTAGATCGCAGAGA	oligodendrocyte_OPC
CTGTATTTCATTACCT	oligodendrocyte_OPC
CTGTCGTCAGCGTAGA	unresolved
CTGTGAAGTACAGAGC	unresolved
CTTACCGCAGGGATAC	unresolved
CTTACCGTCTTCACAT	neuronal
CTTAGGAGTCTAGTGT	oligodendrocyte_OPC
CTTCAATAGGATGGCT	ambiguous_or_doublet
CTTCAATTCCTCACGT	unresolved
CTTCAATTCCTCGCAT	neuronal
CTTCCTTTCTGGCCTT	neuronal
CTTCGGTGTTCCTAAG	unresolved
CTTGAGAAGCTGCGAA	unresolved
CTTGAGACAATACCTG	oligodendrocyte_OPC
CTTGATTCATGAGGGT	neuronal
CTTTCAACAGATCACT	neuronal
GAAATGACACCGCTGA	neuronal
GAACACTTCTAACGGT	unresolved
GAACGTTAGCGCCTTG	unresolved
GAACGTTGTATCGGTT	neuronal
GAACGTTTCTATACTC	unresolved
GAAGAATAGGTAATCA	astrocyte
GAAGAATAGTCACTAC	neuronal
GAAGCCCAGGACTATA	neuronal
GAAGCGAAGCGGCTCT	neuronal
GAAGCGACACCGAATT	unresolved
GAAGGACCAGCTGTCG	unresolved
GAAGGACGTCTTCGAA	microglia_immune
GAAGGGTCATAATGAG	unresolved
GAAGGGTCATGACTTG	neuronal
GAAGTAAGTCTGTCAA	unresolved
GAATCACCAATAACCC	unresolved
GAATCACGTAATGCGG	oligodendrocyte_OPC
GAATCACTCGACACCG	neuronal
GAATCGTAGCCTCGTG	unresolved
GAATCGTAGCGGTAGT	neuronal
GAATCGTAGCTGACAG	oligodendrocyte_OPC
GAATCGTGTCAATGGG	microglia_immune
GAATCGTTCGGAGTGA	astrocyte
GACACGCTCCTGGCTT	oligodendrocyte_OPC
GACATCAAGCGGTAGT	oligodendrocyte_OPC
GACCAATTCTGCGGAC	unresolved
GACCCAGAGCTTCTAG	unresolved
GACCCAGTCACACCCT	astrocyte
GACGTTAGTCTTGCGG	unresolved
GACTATGAGATGGGCT	neuronal
GACTATGAGTCACTAC	unresolved
GACTCAACACACAGAG	astrocyte
GACTCTCGTGGGTTGA	unresolved
GACTGATCAAGAAATC	microglia_immune
GACTGATCATCGTCCT	neuronal
GACTGATGTCATCGCG	unresolved
GACTTCCTCTTCGACC	neuronal
GAGAAATAGCAGATAT	oligodendrocyte_OPC
GAGAAATTCAACCTCC	oligodendrocyte_OPC
GAGACCCCACCTCTAC	astrocyte
GAGACCCGTACGATTC	neuronal
GAGACCCTCTACGCAA	astrocyte
GAGACTTTCCAACCGG	neuronal
GAGACTTTCCGCGGAT	vascular
GAGAGGTGTTTCCAAG	unresolved
GAGATGGAGCCTCCAG	astrocyte
GAGATGGAGGAGTATT	unresolved
GAGATGGCACGGTGTC	oligodendrocyte_OPC
GAGATGGGTGCCTGAC	neuronal
GAGCCTGGTGTGGTCC	ambiguous_or_doublet
GAGCCTGTCTCACTCG	neuronal
GAGGCAATCAACACGT	unresolved
GAGGCAATCTGCCTGT	astrocyte
GAGGCCTAGTCCGTCG	unresolved
GAGGCCTCATACGCAT	astrocyte
GAGGCCTGTGGTTTAC	unresolved
GAGGGATTCTACCACC	unresolved
GAGGGTAAGCCAAGCA	unresolved
GAGGGTAAGTCTTGGT	unresolved
GAGTCATGTGTCCGGT	microglia_immune
GAGTCTACAACGGCCT	neuronal
GAGTCTATCCTCATAT	unresolved
GAGTGTTGTCTGCATA	vascular
GAGTTACGTCGGCTAC	astrocyte
GAGTTGTGTTTACCAG	neuronal
GAGTTTGAGACGCCCT	unresolved
GATAGAATCTTACACT	oligodendrocyte_OPC
GATCACATCACACCCT	unresolved
GATCATGCAAGGGCAT	unresolved
GATCATGCAATGAACA	ambiguous_or_doublet
GATCATGGTGGACCAA	neuronal
GATCATGTCAAGCCCG	unresolved
GATCCCTTCTCATAGG	unresolved
GATCGTACACATATCG	ambiguous_or_doublet
GATGAGGAGTCAACAA	unresolved
GATGAGGGTGGCTTGC	oligodendrocyte_OPC
GATGCTACAGACATCT	unresolved
GATGCTATCAACACCA	unresolved
GATGGAGCAAATGGAT	vascular
GATGGAGCATCCTAAG	oligodendrocyte_OPC
GATGGAGGTTATAGAG	unresolved
GATGTTGAGTGTTCCA	microglia_immune
GATTCGAAGGAAGAAC	oligodendrocyte_OPC
GATTCGACAGACACAG	oligodendrocyte_OPC
GATTCGAGTATGATCC	oligodendrocyte_OPC
GATTCTTAGCATTGTC	astrocyte
GATTCTTCATGTCTAG	oligodendrocyte_OPC
GATTGGTAGGTGCTGA	unresolved
GATTGGTCAAGTTGGG	neuronal
GATTTCTGTCGCATCG	oligodendrocyte_OPC
GCACATAGTAGATGTA	astrocyte
GCACATATCAGGAACG	unresolved
GCACGGTCATAGTCGT	ambiguous_or_doublet
GCACGGTGTCAGTCGC	neuronal
GCAGCCAAGCAAATCA	unresolved
GCAGCCATCTAGATCG	unresolved
GCAGCTGCAACTCGAT	oligodendrocyte_OPC
GCAGCTGGTTGCGAAG	neuronal
GCAGCTGTCCGAGTGC	neuronal
GCAGGCTAGCGTGAGT	neuronal
GCAGGCTTCCGTGACG	astrocyte
GCAGTTAGTGATTCTG	unresolved
GCATCGGTCAGGACAG	oligodendrocyte_OPC
GCATCTCTCCCGTGTT	vascular
GCATGATAGCAAGGAA	neuronal
GCATGATGTCTACACA	unresolved
GCATGATTCGCACGGT	ambiguous_or_doublet
GCCAACGGTCAACATC	neuronal
GCCAGCAGTACGCGTC	unresolved
GCCAGCAGTGTCCGGT	unresolved
GCCAGGTGTGTTACTG	vascular
GCCAGGTTCTCAGAAC	unresolved
GCCAGTGAGTGCGCTC	unresolved
GCCAGTGCATCATCTT	microglia_immune
GCCAGTGGTATGGGAC	oligodendrocyte_OPC
GCCATGGGTTGGGCCT	microglia_immune
GCCATTCGTGTCCGTG	oligodendrocyte_OPC
GCCCGAAAGATTACCC	vascular
GCCCGAAGTACCTAAC	astrocyte
GCCTGTTAGGAGTCTG	unresolved
GCCTGTTCAACGACTT	oligodendrocyte_OPC
GCCTGTTCACGCTGTG	neuronal
GCCTGTTTCTCATGCC	oligodendrocyte_OPC
GCCTGTTTCTTTCCGG	unresolved
GCGAGAACACAATGCT	neuronal
GCGAGAATCCGCAAAT	ambiguous_or_doublet
GCGGAAATCCGATAGT	unresolved
GCGTGCAAGCTGCGAA	unresolved
GCGTTTCCAGACCTAT	unresolved
GCGTTTCGTATGGTTC	neuronal
GCTACAAAGAGGCTGT	unresolved
GCTACCTTCGCGCTGA	neuronal
GCTCAAATCCTCTCGA	oligodendrocyte_OPC
GCTCAAATCGTAACAC	astrocyte
GCTGCAGCATCTTAGG	unresolved
GCTTCACAGGGATGTC	ambiguous_or_doublet
GCTTCACTCCCAGGAC	oligodendrocyte_OPC
GGAATCTCACTGTGAT	unresolved
GGAATGGAGTTAGAAC	neuronal
GGAATGGGTAGAGGAA	astrocyte
GGACGTCCAACACGTT	unresolved
GGACGTCCACATATCG	oligodendrocyte_OPC
GGAGATGAGGTTTACC	oligodendrocyte_OPC
GGAGATGTCAACTCTT	unresolved
GGAGCAATCATGAGGG	vascular
GGAGGATCAGTCGCAC	unresolved
GGAGGATCAGTTCCAA	unresolved
GGAGGTAAGCCAGAGT	unresolved
GGAGGTACACAAAGTA	unresolved
GGATCTACAAACAGGC	microglia_immune
GGATGTTCAAGCACCC	astrocyte
GGATGTTCAGAGGCAT	oligodendrocyte_OPC
GGATGTTCATTAGGAA	oligodendrocyte_OPC
GGATGTTGTGAACTAA	oligodendrocyte_OPC
GGCAGTCGTCAACATC	astrocyte
GGCAGTCTCCACTGGG	unresolved
GGCGTCAGTATGTCCA	unresolved
GGCTTGGCAGAGGCAT	unresolved
GGCTTGGCAGCTCCTT	unresolved
GGGAAGTAGAGCCGAT	astrocyte
GGGACAATCACCGGTG	neuronal
GGGACCTGTTATTCCT	microglia_immune
GGGAGATCATTATGCG	unresolved
GGGAGATGTCTGCCTT	oligodendrocyte_OPC
GGGAGTAAGAGGGTGG	ambiguous_or_doublet
GGGAGTACAGACCCGT	astrocyte
GGGATCCCACAATGCT	vascular
GGGATCCCAGAAGTGC	oligodendrocyte_OPC
GGGCCATGTAATGATG	ambiguous_or_doublet
GGGCCATGTGAATTAG	unresolved
GGGCCATTCTGTCTCG	astrocyte
GGGCGTTCAATGAGCG	oligodendrocyte_OPC
GGGCGTTCAGGACATG	neuronal
GGGCTCAAGCCATTGT	unresolved
GGGTGAACAATTTCTC	oligodendrocyte_OPC
GGGTGAATCCAGTTCC	unresolved
GGGTTATCAAGCCTGC	unresolved
GGTAACTCAATGCTCA	astrocyte
GGTAATCGTGTCCCTT	microglia_immune
GGTAGAGTCAACACCA	astrocyte
GGTAGAGTCAGCTCTC	oligodendrocyte_OPC
GGTCTGGGTTTACGAC	microglia_immune
GGTCTGGTCCTTGACC	astrocyte
GGTGAAGAGTAGATCA	oligodendrocyte_OPC
GGTGAAGGTTGTGGAG	astrocyte
GGTGATTAGAGTGTTA	astrocyte
GGTGTTAAGCAAGTCG	unresolved
GGTGTTAGTGTCACAT	oligodendrocyte_OPC
GGTTAACTCATCTGTT	unresolved
GGTTCTCGTCGGCACT	oligodendrocyte_OPC
GGTTGTAGTTCGCGTG	unresolved
GTAACACTCAGGTAAA	unresolved
GTAACCAAGCCATCCG	oligodendrocyte_OPC
GTAACCATCACACGAT	unresolved
GTAACCATCCTCACTG	oligodendrocyte_OPC
GTAAGTCCAGTTTCAG	unresolved
GTAATCGTCCGTATAG	oligodendrocyte_OPC
GTAATGCAGAGGCTGT	neuronal
GTAATGCTCTTTACAC	oligodendrocyte_OPC
GTAGAAAAGCAGCCCT	unresolved
GTAGAAAAGGTAAGTT	unresolved
GTAGAAAAGTTCCGTA	neuronal
GTAGAGGAGACAGCTG	unresolved
GTAGAGGCATATGGCT	oligodendrocyte_OPC
GTAGGAGAGACAAGCC	neuronal
GTAGGAGAGTACAGAT	unresolved
GTATTGGCACCTCTAC	neuronal
GTATTGGTCGCTATTT	unresolved
GTCAAGTAGATGTTAG	oligodendrocyte_OPC
GTCAAGTCAGGCGAAT	unresolved
GTCAAGTGTAATACCC	astrocyte
GTCAAGTTCGTTATCT	vascular
GTCACGGGTAACGTTC	oligodendrocyte_OPC
GTCACTCAGGAGAGTA	unresolved
GTCACTCTCCGTGTGG	astrocyte
GTCACTCTCTTCTAAC	astrocyte
GTCAGCGAGAAGCGCT	neuronal
GTCATGAGTTAAACAG	unresolved
GTCATTTAGGTAAGTT	neuronal
GTCATTTGTTGCATCA	microglia_immune
GTCCCATGTTTAAGGA	astrocyte
GTCGTAAGTATTGAGA	astrocyte
GTCGTTCAGGCCACTC	unresolved
GTCTACCAGCGGCTCT	unresolved
GTCTACCCAAAGGCTG	oligodendrocyte_OPC
GTCTACCTCCTATTGT	astrocyte
GTCTACCTCGTTGTGA	neuronal
GTCTAGACATCGCTCT	oligodendrocyte_OPC
GTCTCACAGTATTCCG	oligodendrocyte_OPC
GTCTCACGTATGCTTG	astrocyte
GTCTTTAGTGACCGAA	neuronal
GTGACGCAGTTTCAGC	neuronal
GTGACGCCATGTTCAG	unresolved
GTGAGCCTCGCAAGAG	astrocyte
GTGAGTTCACAAATAG	astrocyte
GTGAGTTTCAGTCAGT	neuronal
GTGATGTAGTCCTGTA	neuronal
GTGCACGAGGTCACTT	astrocyte
GTGCAGCAGAGCGACT	neuronal
GTGCTGGAGTCATCGT	oligodendrocyte_OPC
GTGCTGGCAGCATCTA	unresolved
GTGCTTCCAGTCGCTG	oligodendrocyte_OPC
GTGGGAACAGAGCGTA	oligodendrocyte_OPC
GTGGGAACATCGGAGA	astrocyte
GTGGTTAGTAGGTTTC	oligodendrocyte_OPC
GTGTGATAGCCGAACA	neuronal
GTGTGATTCACAACCA	unresolved
GTGTGGCGTTCGTGCG	unresolved
GTGTTAGAGCGCTTCG	oligodendrocyte_OPC
GTGTTCCCAGTTAAAG	oligodendrocyte_OPC
GTTACGAGTGCCGTTG	microglia_immune
GTTACGATCAAAGCCT	oligodendrocyte_OPC
GTTAGACAGATCGCTT	neuronal
GTTAGACTCTGTCGTC	neuronal
GTTATGGTCTGAGGTT	oligodendrocyte_OPC
GTTCCGTAGCGCTGAA	oligodendrocyte_OPC
GTTCCGTTCACTGCTC	unresolved
GTTCTATAGAGAGGGC	unresolved
GTTCTATCACGTTCGG	microglia_immune
GTTCTATCATGGAGAC	neuronal
GTTCTATGTCTCGGAC	astrocyte
GTTCTATGTTACGATC	neuronal
GTTGCGGTCGGAATTC	neuronal
GTTGCTCAGGCTCTAT	oligodendrocyte_OPC
GTTGCTCCAGGTATGG	neuronal
GTTGCTCGTCTTACAG	neuronal
GTTGCTCTCATTTCCA	unresolved
GTTGCTCTCCGAGTGC	unresolved
GTTGTAGGTGTGCCTG	unresolved
GTTGTGACACCTCAGG	astrocyte
GTTTACTCATCGTGGC	unresolved
GTTTACTGTGTGACCC	oligodendrocyte_OPC
GTTTGGACAGGAACCA	vascular
TAACTTCAGGCTATCT	unresolved
TAACTTCTCGGCATTA	oligodendrocyte_OPC
TAAGCACCAATCTAGC	oligodendrocyte_OPC
TAAGCCAAGGAAACGA	unresolved
TAAGCCAGTAGCACGA	unresolved
TAAGCCAGTCATCGGC	microglia_immune
TAAGCGTCAACAGCCC	unresolved
TAAGTCGCATGGACAG	vascular
TAATCTCAGTATAGAC	oligodendrocyte_OPC
TAATCTCCATTCGGGC	unresolved
TACAACGCAAAGGCGT	neuronal
TACAACGCAAGATTGA	oligodendrocyte_OPC
TACAACGCATGGTGGA	unresolved
TACACCCAGCATCCCG	oligodendrocyte_OPC
TACACCCTCAAGAAAC	astrocyte
TACATTCGTAGCTTTG	unresolved
TACATTCTCATGACAC	unresolved
TACCCACCAACGGGTA	unresolved
TACCCACCAGAGGAAA	unresolved
TACCCGTTCATGAGAA	microglia_immune
TACCTCGAGAGCAACC	vascular
TACCTCGCATGAATAG	ambiguous_or_doublet
TACCTCGTCAGTCACA	unresolved
TACCTGCCACGGCGTT	unresolved
TACCTGCCAGTGGCTC	neuronal
TACGGGCCAGCAGTCC	oligodendrocyte_OPC
TACGTCCCAATAACCC	unresolved
TACGTCCCAGTGTACT	astrocyte
TACTTGTCAGCCCAGT	oligodendrocyte_OPC
TACTTGTCAGGCAATG	neuronal
TAGACCAAGTGTTGAA	unresolved
TAGACTGAGGAAAGTG	neuronal
TAGACTGGTGGTAACG	oligodendrocyte_OPC
TAGAGTCCAGGCAATG	vascular
TAGAGTCTCGTGGCTG	unresolved
TAGCACAAGGGTTAGC	unresolved
TAGGGTTAGTCATTGC	unresolved
TAGGTACAGGTAAGTT	unresolved
TAGGTACGTCCATCTC	oligodendrocyte_OPC
TAGGTACTCCATTGTT	astrocyte
TAGGTTGGTGTCATCA	unresolved
TAGGTTGTCAGGACAG	unresolved
TATATCCGTTACCCAA	astrocyte
TATATCCGTTATTCCT	oligodendrocyte_OPC
TATCAGGAGTTGAATG	neuronal
TATCAGGCAGTAGATA	ambiguous_or_doublet
TATCCTACAACTCGAT	microglia_immune
TATCCTAGTAGTGATA	unresolved
TATCCTATCGGTCTAA	unresolved
TATCTTGTCAGGTAAA	unresolved
TATTCCAGTTTCCAAG	neuronal
TATTGCTAGTAGATCA	astrocyte
TATTGCTAGTCAGAGC	oligodendrocyte_OPC
TATTGCTGTGCCTAAT	astrocyte
TATTTCGAGGTGAGAA	astrocyte
TATTTCGCAGTTCCAA	astrocyte
TCAAGTGCATGTCGTA	unresolved
TCAAGTGTCTCAACCC	oligodendrocyte_OPC
TCAATCTGTCTTACAG	astrocyte
TCACAAGGTGTCACAT	unresolved
TCACACCCAATTGCAC	oligodendrocyte_OPC
TCACATTGTCGCACGT	astrocyte
TCACGCTTCCTCTAGC	oligodendrocyte_OPC
TCACGGGAGTCATGAA	neuronal
TCACGGGGTTCGTAAC	unresolved
TCACTATCAAATACAG	oligodendrocyte_OPC
TCACTATTCTAATTCC	unresolved
TCACTCGAGGTAAGAG	ambiguous_or_doublet
TCACTCGGTCAACATC	neuronal
TCAGCAACACAAAGTA	astrocyte
TCAGCCTGTATCGGTT	neuronal
TCAGTCCGTTAAGCAA	oligodendrocyte_OPC
TCAGTCCGTTGGTACT	oligodendrocyte_OPC
TCAGTCCGTTGGTGTT	unresolved
TCAGTCCTCCGACGGT	astrocyte
TCAGTGACATAAGCGG	oligodendrocyte_OPC
TCATACTCAACGTATC	astrocyte
TCATATCTCAGCTGTA	oligodendrocyte_OPC
TCATGAGGTACAAGTA	microglia_immune
TCATGCCTCCTCATAT	ambiguous_or_doublet
TCATGGAAGCGCCTCA	microglia_immune
TCATGGAGTCCAGCCA	unresolved
TCATGGATCTACTGAG	microglia_immune
TCATGTTGTAATGCGG	neuronal
TCATGTTTCGCCAACG	unresolved
TCATGTTTCTCAACCC	unresolved
TCATTACAGTTTGAGA	unresolved
TCATTCAGTTAGAAAC	unresolved
TCATTTGAGTGTACAA	microglia_immune
TCCACGTAGAGTGTTA	unresolved
TCCAGAACAGCCTATA	neuronal
TCCATCGCATGGAGAC	astrocyte
TCCATCGGTCTAATCG	unresolved
TCCATCGTCTCTAGGA	unresolved
TCCCACAGTTCGGCGT	microglia_immune
TCCCACATCGCATAGT	unresolved
TCCCAGTGTCTCGGAC	oligodendrocyte_OPC
TCCCAGTGTGTAGTGG	unresolved
TCCCATGAGACTTCGT	neuronal
TCCGGGAAGGTTACAA	neuronal
TCCGGGAGTATACGGG	neuronal
TCCGTGTGTACCGGAA	unresolved
TCCTAATAGGTTTACC	vascular
TCCTAATCAGCCGGTT	microglia_immune
TCCTAATGTGATCATC	unresolved
TCCTAATGTTCGGACC	ambiguous_or_doublet
TCCTAATTCGTGGCGT	astrocyte
TCCTCCCGTTAGGCTT	unresolved
TCCTCTTAGATTGAGT	neuronal
TCCTCTTCAGTAGAAT	astrocyte
TCCTGCAAGTATGCAA	neuronal
TCCTGCATCCGAGAAG	ambiguous_or_doublet
TCCTGCATCTCTGGTC	microglia_immune
TCCTTCTCAGTGGTGA	oligodendrocyte_OPC
TCCTTCTCATCGGTTA	unresolved
TCCTTCTGTCGAACAG	unresolved
TCCTTTCGTGTTATCG	astrocyte
TCGAACAAGGGCCCTT	unresolved
TCGAACACATACCATG	oligodendrocyte_OPC
TCGAACAGTATGATCC	unresolved
TCGAAGTAGCAAGGAA	vascular
TCGACGGGTTACCCTC	microglia_immune
TCGCACTCATATCTGG	astrocyte
TCGCAGGAGGTTCAGG	microglia_immune
TCGCAGGCAATTGGTC	astrocyte
TCGCTTGAGGGACCAT	oligodendrocyte_OPC
TCGCTTGAGTTGTAAG	astrocyte
TCGGATAGTAACTTCG	unresolved
TCGGGACTCGTGGAAG	oligodendrocyte_OPC
TCGGGCATCACGGTCG	unresolved
TCGGGTGTCAAGTCGT	oligodendrocyte_OPC
TCGGTCTCATACTTTC	neuronal
TCGTAGAAGGTGCTAG	unresolved
TCGTAGACACGGGCTT	oligodendrocyte_OPC
TCGTAGAGTCTGATAC	astrocyte
TCTAACTAGCTATCCA	microglia_immune
TCTAACTAGGGTAGCT	vascular
TCTAACTCAGCTGAAG	astrocyte
TCTACATTCAACACGT	oligodendrocyte_OPC
TCTACATTCACCCTTG	neuronal
TCTACCGTCTAACGGT	neuronal
TCTACCGTCTTGTTAC	neuronal
TCTATCAGTGCTCGTG	neuronal
TCTCCGATCATCGCAA	astrocyte
TCTCTGGAGCCTTTGA	neuronal
TCTGCCACAGAGATTA	neuronal
TCTGCCAGTCAAGCCC	unresolved
TCTGGCTAGACATCCT	microglia_immune
TCTGGCTAGTCGCCCA	oligodendrocyte_OPC
TCTGTCGAGCACCAGA	unresolved
TCTGTCGTCTCCCTAG	unresolved
TCTTAGTAGAGGCTGT	neuronal
TCTTAGTTCCTCGATC	microglia_immune
TCTTCCTGTAGTGGCA	unresolved
TCTTGCGGTCAGTTTG	astrocyte
TCTTGCGTCAGAATAG	oligodendrocyte_OPC
TCTTTGAGTTCGTAAC	neuronal
TCTTTGATCCTGTTGC	astrocyte
TGAACGTAGCAGTACG	neuronal
TGAACGTCAGGTCAGA	astrocyte
TGAACGTCAGTAGAGC	unresolved
TGAACGTGTAGTGTGG	astrocyte
TGAACGTTCGGTGAAG	oligodendrocyte_OPC
TGAATCGGTGCCTAAT	unresolved
TGAATCGTCCACTGGG	oligodendrocyte_OPC
TGAATGCTCCGTTGAA	oligodendrocyte_OPC
TGAATGCTCTTAGGAC	oligodendrocyte_OPC
TGACCCTGTCCTACGG	oligodendrocyte_OPC
TGACGCGCAAGATGGC	unresolved
TGACGCGTCAGCTGAT	microglia_immune
TGACTCCAGGACTTCT	unresolved
TGACTCCAGTAGGATT	ambiguous_or_doublet
TGAGACTGTAGGCAAC	neuronal
TGAGCATAGTTCTCTT	ambiguous_or_doublet
TGAGGGAAGCACTCGC	vascular
TGAGGGACATGGATCT	neuronal
TGAGGTTGTTCGGACC	unresolved
TGAGTCACATCTATCT	neuronal
TGATCAGTCTTGGGCG	oligodendrocyte_OPC
TGATCTTAGTGGTTGG	microglia_immune
TGATGCAGTACCTAGT	astrocyte
TGATGGTCAATCTCGA	oligodendrocyte_OPC
TGATGGTGTAGGTACG	unresolved
TGATTCTTCATCTACT	unresolved
TGATTCTTCTTACTGT	unresolved
TGATTTCTCGACCTAA	neuronal
TGCAGATAGAGGACTC	astrocyte
TGCAGATCAAATGGAT	neuronal
TGCAGATGTTCGGTCG	oligodendrocyte_OPC
TGCAGGCAGATACTGA	unresolved
TGCAGTAAGATAACAC	unresolved
TGCAGTACACTAAACC	oligodendrocyte_OPC
TGCAGTACAGCGTAGA	microglia_immune
TGCATCCCACGCCACA	neuronal
TGCATCCCAGACACAG	astrocyte
TGCCGAGGTCACGTGC	oligodendrocyte_OPC
TGCGACGGTCGCGGTT	unresolved
TGCGGGTAGTCGGCCT	astrocyte
TGCTGAAAGCATGGGT	unresolved
TGCTGAACAACTTCTT	astrocyte
TGCTGAACACTTTAGG	unresolved
TGCTTGCAGGTTGGAC	neuronal
TGCTTGCGTGATGGCA	unresolved
TGGAACTGTGGTATGG	unresolved
TGGAGAGCAACCGACC	neuronal
TGGAGAGGTACGTACT	astrocyte
TGGAGAGGTGTTCGAT	oligodendrocyte_OPC
TGGATCAGTAGATGTA	oligodendrocyte_OPC
TGGATGTTCTCCAAGA	astrocyte
TGGGAAGAGACTGTTC	oligodendrocyte_OPC
TGGGAAGTCTGTTCAT	neuronal
TGGGAGAAGCATCTTG	unresolved
TGGGAGACATTGAGGG	neuronal
TGGGAGAGTCTTGAGT	neuronal
TGGGAGATCCGTCACT	astrocyte
TGGGATTCAGACAAGC	neuronal
TGGGTTATCTTACGGA	unresolved
TGGTACAAGTCTAACC	vascular
TGGTAGTAGACTCATC	unresolved
TGGTAGTTCATTGTTC	neuronal
TGGTGATAGGCTCACC	unresolved
TGGTGATGTGACTGAG	neuronal
TGGTTAGTCTAACGCA	unresolved
TGTAAGCTCAGCACCG	unresolved
TGTAGACAGGGCTGAT	astrocyte
TGTAGACCAGGTTCCG	microglia_immune
TGTAGACCATGTGGTT	neuronal
TGTAGACTCTACGGGC	oligodendrocyte_OPC
TGTCAGAAGGCATGGT	neuronal
TGTCAGAAGTGCTCAT	astrocyte
TGTCCACAGCCTGAAG	oligodendrocyte_OPC
TGTCCACTCCGTTGGG	microglia_immune
TGTCCCAAGTATCTGC	unresolved
TGTCCCATCAGAATAG	neuronal
TGTCCTGGTACGATGG	unresolved
TGTCCTGGTATGAGAT	oligodendrocyte_OPC
TGTCCTGGTTGGCCTG	unresolved
TGTCCTGTCTTCCAGC	unresolved
TGTGAGTCAATGAGCG	neuronal
TGTGGCGGTGCCTTTC	ambiguous_or_doublet
TGTGTGAGTATCGTTG	oligodendrocyte_OPC
TGTGTGATCATTCGGA	microglia_immune
TGTTCCGCAAGTGGGT	neuronal
TGTTCCGCACGTGTGC	astrocyte
TGTTCTATCTATTTCG	unresolved
TGTTGGATCAGTGCGC	unresolved
TGTTGGATCGCAGAGA	neuronal
TGTTTGTAGTGATAAC	unresolved
TGTTTGTCAGTCTTCC	astrocyte
TGTTTGTTCCCTGGTT	astrocyte
TGTTTGTTCTATTGTC	neuronal
TTAATCCGTGCACATT	unresolved
TTAATCCGTGGTCTTA	neuronal
TTACAGGCAAGGAGTC	unresolved
TTACCATGTTCATCTT	unresolved
TTACCGCCAAATGGTA	neuronal
TTACCGCTCTCGGTAA	microglia_immune
TTACGTTAGGAAGTGA	oligodendrocyte_OPC
TTACTGTGTAATTAGG	astrocyte
TTAGGCACATGGGTCC	ambiguous_or_doublet
TTAGGGTTCATCACCC	neuronal
TTAGGGTTCTCGTTTA	unresolved
TTAGTCTCAAATGATG	unresolved
TTAGTCTCATGACTGT	neuronal
TTAGTCTGTCGTATGT	unresolved
TTCAATCCATATGCGT	unresolved
TTCACGCCACCAAATC	oligodendrocyte_OPC
TTCACGCGTTGTTTGG	unresolved
TTCAGGAGTTACGTAC	neuronal
TTCAGGAGTTAGGGAC	oligodendrocyte_OPC
TTCATGTAGCGCAATG	unresolved
TTCATGTCATCGCTAA	unresolved
TTCATTGAGCGTATGG	unresolved
TTCCAATAGCCTGAAG	neuronal
TTCCGGTTCGCTTACC	neuronal
TTCCTAACACAGTACT	unresolved
TTCGCTGAGACATACA	neuronal
TTCTAACTCAAAGGAT	unresolved
TTCTAGTAGAACTTCC	unresolved
TTCTAGTTCGGATTAC	neuronal
TTCTCTCCAAGGTCTT	unresolved
TTCTGTAAGTCTTCGA	microglia_immune
TTGAACGGTTCAGGTT	astrocyte
TTGAACGTCCCGAAAT	unresolved
TTGCATTGTATATGGA	neuronal
TTGCATTTCCATAGGT	astrocyte
TTGCATTTCTGCTCTG	vascular
TTGCCTGTCGATTGAC	unresolved
TTGCTGCAGATAGTGT	oligodendrocyte_OPC
TTGCTGCCACCCTGAG	astrocyte
TTGCTGCTCGGTGAAG	neuronal
TTGGATGAGCACCTGC	microglia_immune
TTGGATGAGTGGCCTC	unresolved
TTGGATGCACTATCCC	astrocyte
TTGGGATGTAAGTTAG	astrocyte
TTGGGATTCTCGGCTT	vascular
TTGGGTACACAACGCC	unresolved
TTGGGTATCGTTCGCT	oligodendrocyte_OPC
TTGTGGACAATGAACA	neuronal
TTGTGGACAGGAGACT	astrocyte
TTGTGTTTCATAGGCT	microglia_immune
TTGTTCACAGGTGAGT	oligodendrocyte_OPC
TTGTTGTAGCTCGACC	oligodendrocyte_OPC
TTGTTGTCAACTCGTA	neuronal
TTGTTGTTCATCACTT	unresolved
TTGTTTGGTTGCATTG	astrocyte
TTTACCAAGCAGAAAG	oligodendrocyte_OPC
TTTACGTGTCTCAGGC	neuronal
TTTACGTTCAGATGCT	unresolved
TTTACTGAGATGCGAC	unresolved
TTTAGTCTCAGTGGGA	vascular
TTTAGTCTCCATCGTC	ambiguous_or_doublet
TTTAGTCTCTCGCTTG	astrocyte
TTTCACAAGTACCCTA	astrocyte
TTTCAGTAGCCAGACA	unresolved
TTTCAGTGTTCGAACT	neuronal
TTTGATCAGGCTCCCA	neuronal
TTTGATCAGTTGCTCA	unresolved
TTTGGAGAGGTGCCAA	unresolved
TTTGTTGAGTGGATAT	neuronal
TTTGTTGCAACCGCCA	microglia_immune
