AAACGAACATGCCATA	unresolved
AAACGAATCCTGTTGC	neuronal
AAACGCTAGGCTCTCG	unresolved
AAAGAACGTTCTTAGG	unresolved
AAAGGATAGCTTGTTG	unresolved
AAAGGATAGTCGCCCA	unresolved
AAAGGATCAGCTCCTT	neuronal
AAAGGATGTGGTATGG	unresolved
AAAGGTAAGCGTCTGC	unresolved
AAAGTCCAGGGTCACA	neuronal
AAAGTCCCAGTAGTGG	unresolved
AAAGTGAAGGCCGCTT	astrocyte
AAATGGACAGAACCGA	unresolved
AAATGGACAGAGTCTT	unresolved
AACAAAGAGAGTCAAT	oligodendrocyte_OPC
AACAAAGCAATCGCAT	astrocyte
AACAAAGCATTCGATG	unresolved
AACAAAGGTCGTACAT	neuronal
AACAACCAGAGGTCAC	unresolved
AACAACCTCAACCTTT	unresolved
AACACACGTCTGTCCT	unresolved
AACACACTCCTGATAG	oligodendrocyte_OPC
AACACACTCGTTGTGA	neuronal
AACCACAAGAACGCGT	neuronal
AACCCAATCGAGCTGC	oligodendrocyte_OPC
AACCTGACACGAAAGC	unresolved
AACCTTTGTATCCCAA	neuronal
AACCTTTTCGTGGCGT	unresolved
AACGAAATCACGAACT	oligodendrocyte_OPC
AACGGGACATTGGATC	astrocyte
AACGGGAGTACGCTAT	neuronal
AACGTCAAGTATCCTG	oligodendrocyte_OPC
AACGTCACATGTTCGA	neuronal
AACGTCAGTATCGAAA	neuronal
AACGTCAGTGATGTAA	unresolved
AACGTCATCCGTCACT	ambiguous_or_doublet
AACGTCATCGAGAAGC	astrocyte
AACGTCATCGGAGTGA	unresolved
AACTTCTAGCACCAGA	oligodendrocyte_OPC
AACTTCTAGCAGCCCT	microglia_immune
AACTTCTCATCGCTAA	astrocyte
AACTTCTGTGTCTTCC	microglia_immune
AAGACAACAAGTCCCG	astrocyte
AAGACAAGTGTTAACC	oligodendrocyte_OPC
AAGACAATCGTTACCC	unresolved
AAGATAGCACACGGTC	unresolved
AAGATAGCAGCGACAA	unresolved
AAGCATCTCGTAGAGG	oligodendrocyte_OPC
AAGCCATAGACTACCT	astrocyte
AAGCCATGTAGGTAGC	unresolved
AAGCCATTCATCGACA	unresolved
AAGCCATTCCTGTACC	microglia_immune
AAGCGAGAGATCCGAG	neuronal
AAGCGAGAGTGCAAAT	neuronal
AAGCGAGCAGTGGCTC	unresolved
AAGCGAGTCACGTAGT	astrocyte
AAGCGTTCAGTCGCAC	microglia_immune
AAGGTAACAACGTAAA	unresolved
AAGTACCGTATGGAAT	unresolved
AAGTCGTCATCGGTTA	neuronal
AAGTTCGGTCAGTTTG	unresolved
AAGTTCGGTTAGTCGT	unresolved
AATAGAGCAAAGTGTA	unresolved
AATAGAGGTGGTACAG	astrocyte
AATCACGGTATCGGTT	oligodendrocyte_OPC
AATCACGGTCGCCTAG	unresolved
AATCGACGTTAAACCC	unresolved
AATCGACTCTGGACCG	unresolved
AATCGTGAGCTGACTT	vascular
AATCGTGGTAGATTGA	unresolved
AATCGTGGTTAAGCAA	unresolved
AATGAAGCACGCACCA	unresolved
AATGAAGCATCGCTCT	astrocyte
AATGAAGGTTCGTAAC	unresolved
AATGACCAGTCGTTAC	unresolved
AATGACCCATAGGAGC	neuronal
AATGACCTCAGCTTCC	neuronal
AATGCCACACGGAAGT	unresolved
AATGGAATCTGAGGCC	astrocyte
AATGGCTGTTCGAAGG	neuronal
AATGGCTTCATTTCGT	unresolved
AATGGCTTCCATCAGA	neuronal
AATTCCTAGGTATAGT	unresolved
AATTCCTAGTCGAGGT	unresolved
AATTCCTCACAAGCTT	unresolved
AATTTCCTCGATTGAC	unresolved
ACAAAGAAGCCATCCG	neuronal
ACAACCAAGAAGCGCT	astrocyte
ACAAGCTAGGTTGGAC	neuronal
ACAAGCTTCGCTAATG	unresolved
ACACAGTCAAGCTGTT	astrocyte
ACACCAACAATGACCT	oligodendrocyte_OPC
ACACCAATCCCATAGA	unresolved
ACACGCGCATTCAGCA	unresolved
ACACTGACAAGTATCC	neuronal
ACACTGAGTATCGCTA	unresolved
ACAGAAACACCTGTCT	unresolved
ACAGAAACACGTCTCT	neuronal
ACAGCCGCATACCATG	oligodendrocyte_OPC
ACAGCCGGTTCGAACT	oligodendrocyte_OPC
ACAGGGACACCACATA	oligodendrocyte_OPC
ACAGGGAGTCTCTCTG	oligodendrocyte_OPC
ACATCCCTCACGTAGT	astrocyte
ACATGCAGTCACTAGT	microglia_immune
ACATTTCGTCATCCGG	oligodendrocyte_OPC
ACCAAACAGGGCTGAT	unresolved
ACCAAACTCGCCGAAC	unresolved
ACCAACAGTGTTGCCG	neuronal
ACCACAAGTGATCATC	oligodendrocyte_OPC
ACCATTTCAATAACCC	unresolved
ACCATTTTCCGCACTT	astrocyte
ACCCTCATCTCGTCAC	unresolved
ACCCTTGTCCCATACC	unresolved
ACCGTTCCAACCCTCT	microglia_immune
ACCGTTCTCGGCTGTG	unresolved
ACCTACCTCCAACACA	neuronal
ACCTACCTCGCCACTT	oligodendrocyte_OPC
ACCTGAATCTGAGATC	ambiguous_or_doublet
ACCTGTCGTAATACCC	oligodendrocyte_OPC
ACGATGTCAGAAGCGT	neuronal
ACGATGTCATCAGTCA	unresolved
ACGATGTCATTGCTGA	unresolved
ACGCACGGTAGCGCTC	unresolved
ACGGAAGCAGGGATAC	oligodendrocyte_OPC
ACGGAAGGTATCAGGG	astrocyte
ACGGGTCCATCCCACT	unresolved
ACGGTTAGTAACATAG	astrocyte
ACGGTTAGTGAAAGTT	unresolved
ACGGTTATCAAAGAAC	oligodendrocyte_OPC
ACGGTTATCTTTCCGG	unresolved
ACGTAACTCGGAAACG	unresolved
ACGTACAGTCATGACT	astrocyte
ACGTACATCCTCTAGC	unresolved
ACGTAGTCAAACAGGC	unresolved
ACGTAGTCAGGTGACA	unresolved
ACGTAGTTCCAGTGCG	unresolved
ACGTCCTCAGTCGCAC	astrocyte
ACGTCCTCATCTCAAG	unresolved
ACGTCCTTCCCTTGTG	unresolved
ACGTTCCAGGCTCTAT	unresolved
ACGTTCCAGGTACAGC	neuronal
ACGTTCCCAAGATGGC	unresolved
ACGTTCCGTTCCGCTT	unresolved
ACTACGACACAAGTTC	astrocyte
ACTACGACAGTTAAAG	unresolved
ACTACGAGTGTGAGCA	unresolved
ACTACGATCATGTCAG	oligodendrocyte_OPC
ACTATCTAGAAGCGAA	unresolved
ACTATCTCAATCGCAT	unresolved
ACTATCTCACGACGAA	astrocyte
ACTATCTGTCGGTACC	oligodendrocyte_OPC
ACTATGGAGACAGTCG	unresolved
ACTATGGCAGGCATGA	neuronal
ACTATGGGTAAGGAGA	oligodendrocyte_OPC
ACTATTCAGCCTGTCG	astrocyte
ACTATTCCAACCTATG	oligodendrocyte_OPC
ACTATTCTCATAGCAC	oligodendrocyte_OPC
ACTCCCACATCCAATG	neuronal
ACTCTCGAGTCCCTAA	unresolved
ACTCTCGCATACACCA	neuronal
ACTGCAAAGCTCTTCC	unresolved
ACTGCAATCGTAGGGA	astrocyte
ACTGCAATCTGTCCGT	unresolved
ACTGTCCAGCCTGGAA	microglia_immune
ACTGTCCGTTGGATCT	unresolved
ACTGTCCTCGTTACCC	astrocyte
ACTGTGACACCGTCTT	unresolved
ACTGTGATCTCGCTCA	neuronal
ACTTAGGCACAGTGAG	unresolved
ACTTAGGCAGACGGAT	oligodendrocyte_OPC
ACTTAGGTCTAGCCAA	unresolved
ACTTATCAGTTTCGAC	microglia_immune
ACTTATCGTTGCTCGG	unresolved
ACTTCCGTCCAATCCC	unresolved
ACTTCGCAGTGTAGAT	neuronal
ACTTCGCTCTGAGAGG	unresolved
ACTTTCACATGGGAAC	unresolved
ACTTTCAGTTCGGTAT	unresolved
ACTTTGTGTGAATATG	neuronal
AGAAATGAGGTTCACT	unresolved
AGAAATGGTCGTTGGC	unresolved
AGAACCTAGACGCTCC	unresolved
AGAACCTAGTGCTAGG	unresolved
AGAAGCGAGACTCATC	unresolved
AGAAGCGCAATCAGCT	oligodendrocyte_OPC
AGACAAACATTGGGAG	unresolved
AGACAAAGTTTCGACA	neuronal
AGACACTAGTGCTACT	vascular
AGACACTCAATCAAGA	astrocyte
AGACAGGCAGACCTAT	oligodendrocyte_OPC
AGACCATAGGAGGCAG	neuronal
AGACCATAGTGATCGG	unresolved
AGACCATCAACCAGAG	unresolved
AGACCATGTGTCTAAC	unresolved
AGACCCGCAGGACATG	neuronal
AGACTCAAGCGCCGTT	oligodendrocyte_OPC
AGACTCAAGGCCCGTT	oligodendrocyte_OPC
AGACTCACATTGAAGA	unresolved
AGACTCAGTAGCACGA	oligodendrocyte_OPC
AGACTCATCGTCTAAG	neuronal
AGAGAATAGAAACTCA	astrocyte
AGAGAATCAGTGAGCA	unresolved
AGAGAATCATAACCCA	astrocyte
AGAGAATTCCCGTTCA	astrocyte
AGAGAGCTCGCCGAGT	unresolved
AGAGCAGAGACTACGG	unresolved
AGAGCAGTCGAAGCAG	unresolved
AGAGCCCTCACGTAGT	unresolved
AGAGCCCTCGGAACTT	oligodendrocyte_OPC
AGAGCCCTCTTGCAAG	neuronal
AGATAGACAGACCGCT	neuronal
AGATAGAGTAGCTGAG	unresolved
AGATCCAGTGTAACGG	unresolved
AGATCCATCCGACGGT	astrocyte
AGATGAAGTGACCGTC	oligodendrocyte_OPC
AGATGCTCACCCTATC	unresolved
AGCATCAAGCGTTCCG	vascular
AGCATCAGTCGAGTTT	unresolved
AGCATCATCTGCGGAC	oligodendrocyte_OPC
AGCCAATAGGCATCAG	ambiguous_or_doublet
AGCCAATCAAGCCATT	unresolved
AGCCAATTCTTACGGA	neuronal
AGCCACGCAGAGGCAT	astrocyte
AGCCACGGTCCAAATC	unresolved
AGCCACGTCTCTTAAC	unresolved
AGCGATTAGCGTCAGA	oligodendrocyte_OPC
AGCGATTCAGCGTTTA	unresolved
AGCGATTCATCGGATT	unresolved
AGCGCCACAATAACGA	astrocyte
AGCGCCAGTAATGCTC	neuronal
AGCGCCAGTGTGAGCA	oligodendrocyte_OPC
AGCGCCAGTTGTGCCG	oligodendrocyte_OPC
AGCGCTGTCTCGCCTA	unresolved
AGCGTATAGTGTACAA	unresolved
AGCGTATCAATTGAAG	unresolved
AGCGTATGTCTGCGCA	unresolved
AGCGTATTCGACGATT	unresolved
AGCGTCGAGCTGACAG	neuronal
AGCTACACAGAGACTG	unresolved
AGCTACAGTGAAGCGT	unresolved
AGCTCAACAAGCGAAC	oligodendrocyte_OPC
AGCTCAACAATCCTAG	unresolved
AGCTCAAGTTGTGGCC	unresolved
AGCTTCCAGGGACCAT	unresolved
AGCTTCCAGGGTATAT	unresolved
AGCTTCCGTATACGGG	neuronal
AGCTTCCGTGGGTCAA	unresolved
AGGAAATCAAACTGCT	astrocyte
AGGAAATTCATTCACT	unresolved
AGGAAATTCGGCCTTT	ambiguous_or_doublet
AGGAATAGTTCGGACC	unresolved
AGGAATATCTTCTAAC	astrocyte
AGGACGACATACACCA	astrocyte
AGGACGACATCGGTTA	unresolved
AGGACTTGTCATACCA	ambiguous_or_doublet
AGGATAACAGCCGTCA	astrocyte
AGGATAAGTAGAGACC	unresolved
AGGATAATCATCGCTC	neuronal
AGGATCTTCGGTATGT	unresolved
AGGATCTTCTGCTAGA	oligodendrocyte_OPC
AGGCATTGTCGAAACG	oligodendrocyte_OPC
AGGCATTTCGCCGATG	oligodendrocyte_OPC
AGGCCACAGAGTATAC	astrocyte
AGGCCACCAAATGAGT	unresolved
AGGCCACTCGGTCATA	unresolved
AGGCCACTCTCGTGGG	oligodendrocyte_OPC
AGGCTGCCATTCTTCA	astrocyte
AGGCTGCGTGCCCTTT	astrocyte
AGGCTGCGTGTATACC	unresolved
AGGCTGCTCAATCTTC	unresolved
AGGGAGTCAAGTAGTA	vascular
AGGGAGTTCAACGAGG	unresolved
AGGGCCTAGACGGTCA	astrocyte
AGGGCCTAGCTGACTT	astrocyte
AGGGCCTGTCACTTCC	unresolved
AGGGCTCTCGATGCAT	ambiguous_or_doublet
AGGGCTCTCGGAAGGT	astrocyte
AGGGTCCGTAGTTCCA	unresolved
AGGGTCCGTGTTACTG	unresolved
AGGGTGACAAGTTCCA	astrocyte
AGGGTGAGTAACGTTC	unresolved
AGGGTTTGTTTCCATT	neuronal
AGGTAGGGTCAGCTTA	unresolved
AGGTAGGGTTAGTCGT	neuronal
AGGTCATGTGTGTCCG	unresolved
AGGTCTACATCCGTGG	astrocyte
AGGTCTAGTAGATGTA	neuronal
AGGTCTATCGCTCTAC	astrocyte
AGGTGTTGTGTTGATC	neuronal
AGGTGTTTCATGCAGT	unresolved
AGGTGTTTCGTCGCTT	unresolved
AGGTTACAGGCTCTCG	unresolved
AGGTTACCAGGACGAT	unresolved
AGGTTACGTGAACTAA	neuronal
AGGTTACTCACGGTCG	unresolved
AGGTTGTCATGGCACC	oligodendrocyte_OPC
AGTAACCAGAGCAGCT	neuronal
AGTAACCAGCCACCGT	unresolved
AGTAACCCACGACCTG	oligodendrocyte_OPC
AGTAACCCATCCCACT	oligodendrocyte_OPC
AGTAACCCATTGCAAC	oligodendrocyte_OPC
AGTAACCGTGTAGGAC	neuronal
AGTACCAGTAATGCTC	neuronal
AGTACTGCACTTCAAG	astrocyte
AGTAGCTAGGTTATAG	astrocyte
AGTAGCTCAGACCGCT	neuronal
AGTAGCTGTTGAATCC	unresolved
AGTAGCTTCGTCCATC	unresolved
AGTAGTCGTTGGCCTG	oligodendrocyte_OPC
AGTCAACTCAAGCTGT	oligodendrocyte_OPC
AGTCACACAATCAGCT	unresolved
AGTCACACAATTGCAC	neuronal
AGTCACAGTAGTTACC	neuronal
AGTCACAGTCTCAAGT	astrocyte
AGTCACAGTGCGCTCA	neuronal
AGTCATGAGTCTTCCC	neuronal
AGTCTCCCAGAATGTA	unresolved
AGTGACTAGGGCCCTT	oligodendrocyte_OPC
AGTGACTGTACCCAGC	neuronal
AGTGACTGTATGAAAC	ambiguous_or_doublet
AGTGACTGTGTCCCTT	unresolved
AGTGACTTCAGTCTTT	unresolved
AGTGACTTCTGGACCG	unresolved
AGTGATCCAATAGTCC	unresolved
AGTGATCGTGTCACAT	unresolved
AGTGCCGAGCATACTC	neuronal
AGTGCCGAGTTGTCAC	neuronal
AGTGCCGGTCAAATCC	unresolved
AGTGCCGTCGTCGCTT	neuronal
AGTGTTGAGACATGCG	unresolved
AGTGTTGCACGAGGAT	unresolved
AGTGTTGCAGAATCGG	neuronal
AGTTAGCAGACGGTCA	unresolved
AGTTAGCGTCGTTTCC	unresolved
AGTTAGCTCCGAGGCT	neuronal
AGTTCCCTCCAAGAGG	neuronal
AGTTCGAGTGCAAGAC	oligodendrocyte_OPC
ATACCGAGTGTTCGTA	neuronal
ATACCGATCGCAGTCG	neuronal
ATACCTTAGCATTGTC	oligodendrocyte_OPC
ATACCTTCACTTGGCG	unresolved
ATACTTCAGCGACTGA	neuronal
ATACTTCAGCTACAAA	unresolved
ATACTTCAGGTAGATT	astrocyte
ATACTTCAGTAGCCAG	unresolved
ATACTTCAGTCCGCCA	unresolved
ATACTTCAGTGTACAA	oligodendrocyte_OPC
ATACTTCCAACAGAGC	unresolved
ATACTTCCACACGGAA	neuronal
ATACTTCTCTATCGCC	unresolved
ATAGACCCACTGTGAT	unresolved
ATAGAGAGTACGATTC	unresolved
ATAGGCTCACACCGCA	neuronal
ATCACAGGTTATGTGC	unresolved
ATCACGAAGCAGGGAG	unresolved
ATCACGAGTTGTGCCG	microglia_immune
ATCACGATCCATTTGT	neuronal
ATCACTTAGTAAGAGG	unresolved
ATCACTTCACCGAATT	oligodendrocyte_OPC
ATCACTTCATCACAGT	unresolved
ATCACTTGTCCTACAA	neuronal
ATCAGGTAGATAGCTA	oligodendrocyte_OPC
ATCAGGTAGCGCCTTG	unresolved
ATCAGGTAGCGTCGAA	oligodendrocyte_OPC
ATCAGGTTCCAGTACA	oligodendrocyte_OPC
ATCATTCAGCGTGAGT	neuronal
ATCATTCTCGACGATT	unresolved
ATCCACCCAATAGAGT	unresolved
ATCCACCGTGTTGCCG	astrocyte
ATCCATTAGACCATGG	unresolved
ATCCATTGTAGGTTTC	unresolved
ATCCATTTCAGCAGAG	astrocyte
ATCCGTCAGCAAGTCG	astrocyte
ATCCTATCAATAGGAT	unresolved
ATCCTATGTACCTAGT	astrocyte
ATCCTATGTGGTCTGC	unresolved
ATCCTATTCCCGTTCA	unresolved
ATCGATGAGACCAAGC	unresolved
ATCGATGAGATAGTCA	unresolved
ATCGCCTAGCTACTGT	neuronal
ATCGCCTAGTGCCTCG	unresolved
ATCGCCTCAACCACGC	astrocyte
ATCGCCTCAGACCTAT	oligodendrocyte_OPC
ATCGCCTGTGCCGTTG	vascular
ATCGCCTTCAGAGCAG	unresolved
ATCGCCTTCTCCAAGA	astrocyte
ATCGGATCATCTCCCA	astrocyte
ATCGGATCATGAGAAT	astrocyte
ATCGGATGTCGGTGAA	neuronal
ATCGTAGAGGGAGGGT	vascular
ATCGTAGAGTCTGGAG	unresolved
ATCGTAGCAAACTCTG	unresolved
ATCGTAGCAGGAATCG	neuronal
ATCGTGACACCCGTAG	neuronal
ATCGTGATCTGGAGAG	unresolved
ATCTCTACACACACTA	neuronal
ATCTCTAGTATTGGCT	unresolved
ATCTCTAGTCTTCATT	neuronal
ATCTCTAGTGTTCAGT	unresolved
ATCTCTATCCTAAGTG	unresolved
ATCTTCAAGGGTCAAC	unresolved
ATCTTCACAGACCTGC	neuronal
ATGAAAGCACGCTGTG	unresolved
ATGAAAGGTTAAACAG	neuronal
ATGACCAAGCCACTCG	unresolved
ATGACCAAGGCGAACT	oligodendrocyte_OPC
ATGACCATCGCTCTAC	neuronal
ATGAGTCTCGGAGTGA	neuronal
ATGAGTCTCTATGTGG	astrocyte
ATGCATGAGTACAACA	neuronal
ATGCATGAGTACTGTC	oligodendrocyte_OPC
ATGCATGCATGGAATA	unresolved
ATGCATGTCACCGGGT	astrocyte
ATGCATGTCACTGCTC	unresolved
ATGCCTCGTAGACTGG	unresolved
ATGCCTCGTATAGCTC	unresolved
ATGCGATGTCCTTGTC	unresolved
ATGGAGGAGTCAGCCC	unresolved
ATGGATCAGGTTCTTG	neuronal
ATGGATCCACACCTGG	astrocyte
ATGGATCCAGTTAGGG	neuronal
ATGGATCGTATACAGA	neuronal
ATGGATCTCTTGCAGA	ambiguous_or_doublet
ATGGGAGCAATGACCT	neuronal
ATGGGAGGTCGTTCAA	unresolved
ATGGGTTAGTACCCTA	unresolved
ATGGTTGAGTGATAAC	astrocyte
ATGGTTGTCCCATTTA	astrocyte
ATGGTTGTCGATTGGT	unresolved
ATGGTTGTCTTCGGAA	unresolved
ATGTCCCAGCAACAGC	astrocyte
ATGTCCCCAAGTGCAG	unresolved
ATGTCTTAGAAAGCGA	astrocyte
ATGTCTTCATCAGCTA	neuronal
ATGTCTTGTGGGTTGA	unresolved
ATGTCTTGTGGTCCCA	unresolved
ATGTCTTTCACCCATC	unresolved
ATTACCTGTTCTAACG	unresolved
ATTACTCCACGATTCA	unresolved
ATTACTCGTACATTGC	oligodendrocyte_OPC
ATTACTCTCGAGTGGA	unresolved
ATTATCCCACTTTAGG	oligodendrocyte_OPC
ATTATCCGTTGCCATA	astrocyte
ATTCACTAGACATAAC	oligodendrocyte_OPC
ATTCACTCAGACGCTC	astrocyte
ATTCACTCAGCGACCT	oligodendrocyte_OPC
ATTCATCAGCACTCTA	astrocyte
ATTCATCAGCTCGGCT	unresolved
ATTCATCGTCGTTCAA	neuronal
ATTCATCTCTTTCGAT	unresolved
ATTCCATGTTATCCAG	oligodendrocyte_OPC
ATTCCTATCCGAAGGA	oligodendrocyte_OPC
ATTCCTATCCTAGAGT	unresolved
ATTCTACAGTATGATG	unresolved
ATTCTTGAGTACCGGA	unresolved
ATTCTTGCACGCAGTC	unresolved
ATTGTTCTCCGATTAG	astrocyte
ATTGTTCTCGAGTGGA	oligodendrocyte_OPC
ATTGTTCTCTCTAAGG	unresolved
ATTTACCAGCCTCTCT	unresolved
ATTTACCGTTCGGTAT	unresolved
ATTTCACCACGACTAT	neuronal
ATTTCACGTGTGCCTG	unresolved
ATTTCACTCCCATACC	unresolved
ATTTCTGAGTCATGCT	unresolved
ATTTCTGCACTGAGGA	unresolved
CAAAGAATCTTCCCAG	unresolved
CAACAGTAGCCAAGGT	neuronal
CAACAGTGTTAATGAG	oligodendrocyte_OPC
CAACCAATCTATCCAT	unresolved
CAACCTCTCTGAGGCC	astrocyte
CAACGGCCACATGACT	unresolved
CAACGGCCAGGCATGA	oligodendrocyte_OPC
CAACGGCTCTGTTCAT	astrocyte
CAAGAGGTCACCTGTC	neuronal
CAAGCTACATTGACTG	neuronal
CAAGCTAGTCTAACTG	oligodendrocyte_OPC
CAAGCTATCTCTGGTC	oligodendrocyte_OPC
CAAGGGATCTGATGGT	microglia_immune
CAATACGAGTAGCCAG	oligodendrocyte_OPC
CAATACGCAGCGTACC	unresolved
CAATACGGTCGCAACC	astrocyte
CAATCGAAGGGTAATT	astrocyte
CAATCGAGTTTACCTT	astrocyte
CAATGACAGACGACTG	astrocyte
CAATGACAGTCTCGTA	unresolved
CAATTTCAGGCTTAGG	unresolved
CAATTTCAGTGGTTCT	oligodendrocyte_OPC
CAATTTCCAGTTAAAG	neuronal
CAATTTCTCGGCAGTC	neuronal
CACAACACATAATGCC	neuronal
CACACAACAGCGTACC	unresolved
CACAGATCACTCCTGT	unresolved
CACAGATTCAGTGTTG	unresolved
CACAGATTCGAAGGAC	neuronal
CACAGGCAGGTATCTC	unresolved
CACAGGCAGTTTCGAC	unresolved
CACAGGCCATTCACAG	oligodendrocyte_OPC
CACAGGCTCTTCGTGC	neuronal
CACATGAAGCATCCCG	astrocyte
CACCAAAAGACAAGCC	neuronal
CACCAAAAGCTGGAGT	unresolved
CACCAAACACTGTGAT	unresolved
CACCAAACAGGTGTGA	unresolved
CACCAAAGTGTTAGCT	astrocyte
CACCAAATCCTAGCCT	ambiguous_or_doublet
CACCGTTAGCACAAAT	unresolved
CACCGTTAGTGCACTT	unresolved
CACCGTTGTACAGTAA	unresolved
CACGAATGTCATACCA	vascular
CACGAATGTGAACCGA	vascular
CACGGGTCATCTCATT	astrocyte
CACGGGTTCACTACGA	neuronal
CACGTGGCAACTCCAA	unresolved
CACGTGGCATCCTGTC	neuronal
CACGTGGTCGGCTGTG	oligodendrocyte_OPC
CACGTGGTCTCCTGCA	vascular
CACGTTCAGTCATAGA	vascular
CACTGAACATGCTGCG	astrocyte
CACTGAATCCACAGCG	unresolved
CACTGGGAGTATGGAT	unresolved
CACTTCGCAGAGGTTG	unresolved
CAGAGCCCAGAGGTAC	oligodendrocyte_OPC
CAGAGCCTCTTCGATT	neuronal
CAGATCAAGAGTGACC	unresolved
CAGATCACAGTTCCAA	ambiguous_or_doublet
CAGATCAGTCCAGTTA	unresolved
CAGATCAGTTTACTGG	astrocyte
CAGATTGAGAGTCTTC	oligodendrocyte_OPC
CAGATTGAGGGTCACA	unresolved
CAGATTGTCTATCGTT	oligodendrocyte_OPC
CAGCAATAGCATCCTA	unresolved
CAGCAATCAGACCTGC	neuronal
CAGCACGAGCGGGTTA	unresolved
CAGCACGCAATGGCAG	oligodendrocyte_OPC
CAGCACGTCAGTAGGG	unresolved
CAGCAGCCAGAGTGTG	oligodendrocyte_OPC
CAGCAGCCAGGGCTTC	unresolved
CAGCAGCTCTTCCACG	ambiguous_or_doublet
CAGCCAGTCGCCGAAC	oligodendrocyte_OPC
CAGGCCAAGAGCGACT	oligodendrocyte_OPC
CAGGCCACAAAGACTA	unresolved
CAGGGCTCACGAGGAT	neuronal
CAGGTATGTTGCATCA	astrocyte
CAGTGCGAGATCCTAC	oligodendrocyte_OPC
CAGTTCCAGCGTCAAG	neuronal
CATAAGCCATCCGATA	neuronal
CATAAGCTCACCACAA	astrocyte
CATACAGCAACTCGAT	unresolved
CATACCCAGATGCCGA	oligodendrocyte_OPC
CATACCCAGCACTAAA	unresolved
CATACTTAGAGAGTTT	unresolved
CATACTTAGCGAGTAC	unresolved
CATACTTGTCTTACTT	unresolved
CATACTTGTGCCTAAT	unresolved
CATACTTTCGCAATTG	oligodendrocyte_OPC
CATAGACAGATAGGGA	neuronal
CATAGACCACACCAGC	microglia_immune
CATAGACCACCAAAGG	oligodendrocyte_OPC
CATCAAGCAAACCACT	unresolved
CATCCACCACCGGTCA	astrocyte
CATCCACCACGACTAT	astrocyte
CATCCGTGTTGCTGAT	unresolved
CATCGCTCACTTCTCG	oligodendrocyte_OPC
CATCGCTGTGATATAG	astrocyte
CATCGCTTCCTTCTGG	ambiguous_or_doublet
CATCGCTTCGAGATAA	unresolved
CATCGGGGTTCGTGCG	oligodendrocyte_OPC
CATGCAAAGCATCCTA	astrocyte
CATGCAAGTAAGAACT	unresolved
CATGCGGAGTAGACAT	neuronal
CATGCGGGTTGTTGCA	unresolved
CATGCGGTCAACTTTC	unresolved
CATGCTCAGCCTCAGC	oligodendrocyte_OPC
CATGGATCAGGTTCAT	unresolved
CATGGTACAAGTGACG	astrocyte
CATGGTAGTGTTCGTA	astrocyte
CATTCATCAGCGACCT	oligodendrocyte_OPC
CATTCATGTCCAGAAG	neuronal
CATTCCGCAAGAGATT	unresolved
CATTCCGCACTGCGAC	neuronal
CATTCCGGTCTACTGA	astrocyte
CATTCCGGTTTGGAGG	unresolved
CATTCCGTCCACATAG	oligodendrocyte_OPC
CATTCCGTCCTAACAG	oligodendrocyte_OPC
CATTCTAAGTACTCGT	vascular
CATTGAGAGCGGACAT	neuronal
CATTGAGAGGATATAC	unresolved
CATTGAGTCTGCCCTA	unresolved
CATTGCCCATGGATCT	unresolved
CATTGCCGTCTGTGCG	neuronal
CATTGCCGTTTACCTT	unresolved
CATTGTTAGCAGATAT	oligodendrocyte_OPC
CATTGTTCACGTACTA	vascular
CATTGTTCAGAGTGAC	oligodendrocyte_OPC
CATTGTTGTCTCGCGA	unresolved
CATTGTTTCACCACAA	unresolved
CATTGTTTCCTTGGAA	unresolved
CATTGTTTCGCTAAAC	unresolved
CATTGTTTCTCAGAAC	unresolved
CATTTCAAGTCCTACA	unresolved
CATTTCACAAACAGGC	oligodendrocyte_OPC
CATTTCACACATAACC	neuronal
CATTTCAGTCTTCCGT	oligodendrocyte_OPC
CATTTCATCCAAGCTA	oligodendrocyte_OPC
CATTTCATCTATTCGT	neuronal
CCAAGCGGTTTCAGAC	astrocyte
CCAATGATCCGTGGCA	unresolved
CCAATGATCTACTCAT	unresolved
CCAATTTCACTAGGCC	oligodendrocyte_OPC
CCAATTTCACTGCTTC	astrocyte
CCAATTTGTACTGGGA	neuronal
CCAATTTTCGCGCTGA	oligodendrocyte_OPC
CCACAAACAAGTACCT	oligodendrocyte_OPC
CCACAAAGTACCCACG	oligodendrocyte_OPC
CCACAAAGTAGCGCTC	oligodendrocyte_OPC
CCACAAATCATCACCC	neuronal
CCACACTAGGCACGAT	unresolved
CCACACTCAAGGTTGG	unresolved
CCACCATAGGGCTTCC	oligodendrocyte_OPC
CCACCATGTATGTGTC	oligodendrocyte_OPC
CCACCATGTTTGTGGT	neuronal
CCACCATTCGCCATAA	oligodendrocyte_OPC
CCACGAGAGGACAGCT	astrocyte
CCACTTGTCATCACAG	neuronal
CCATAAGAGGTAGCAC	astrocyte
CCATAAGAGGTCGAGT	unresolved
CCATAAGGTCCCTGTT	unresolved
CCATCACCACTTGTCC	unresolved
CCATCACGTCAGTTTG	astrocyte
CCCATTGCATCGAAGG	astrocyte
CCCGAAGGTGCTTCAA	oligodendrocyte_OPC
CCCGAAGTCACTTATC	unresolved
CCCGGAATCGGCTGTG	neuronal
CCCTAACAGAGGCGGA	oligodendrocyte_OPC
CCCTAACTCAGCGGAA	oligodendrocyte_OPC
CCCTCAAAGCGTCAAG	neuronal
CCCTCAAGTTTCAGAC	unresolved
CCCTCAATCTAGCATG	unresolved
CCCTCTCAGCTACTGT	astrocyte
CCCTCTCTCGAAGTGG	unresolved
CCCTCTCTCTAGGCCG	ambiguous_or_doublet
CCCTGATCAGAAATCA	astrocyte
CCCTTAGCACATAACC	oligodendrocyte_OPC
CCCTTAGCATTGGATC	unresolved
CCCTTAGGTCGGCCTA	unresolved
CCCTTAGTCAACGCTA	neuronal
CCGAACGAGGACAAGA	neuronal
CCGAACGCAGCAGGAT	neuronal
CCGAACGGTGTAGCAG	astrocyte
CCGAACGTCTTTGCAT	oligodendrocyte_OPC
CCGATCTGTGCTGCAC	neuronal
CCGCAAGAGGAAAGGT	neuronal
CCGCAAGGTCGCATCG	oligodendrocyte_OPC
CCGCAAGTCGGCATAT	neuronal
CCGGACAAGTTGGGAC	astrocyte
CCGGACATCCATAGAC	unresolved
CCGGGTAAGACTTCCA	unresolved
CCGGGTATCACTGGGC	vascular
CCGGTAGAGGCTATCT	microglia_immune
CCGGTAGCATGATCTG	neuronal
CCGGTAGCATGTCGTA	neuronal
CCGGTAGGTAGCCAGA	unresolved
CCGGTGAGTGATCGTT	astrocyte
CCGGTGATCAAGTAAG	neuronal
CCGTAGGTCGACCACG	unresolved
CCGTGAGAGCCTAGGA	astrocyte
CCGTGAGGTCTCTCTG	unresolved
CCGTTCATCCTACACC	unresolved
CCTAACCAGTGAGGCT	oligodendrocyte_OPC
CCTAACCGTGGCTCTG	neuronal
CCTAACCTCTCAACGA	unresolved
CCTAAGAAGCGACCCT	astrocyte
CCTAAGACATCCGTGG	neuronal
CCTAAGATCGCAATTG	unresolved
CCTACGTAGGTCGCCT	astrocyte
CCTACGTCACTGAGGA	unresolved
CCTATCGTCATGACAC	oligodendrocyte_OPC
CCTATCGTCCAGGACC	neuronal
CCTCAACTCCTTTGAT	microglia_immune
CCTCACACAATAACGA	unresolved
CCTCACAGTCACCGCA	microglia_immune
CCTCACATCCCTATTA	unresolved
CCTCACATCTCCGAAA	neuronal
CCTCAGTGTAGTCGGA	astrocyte
CCTCATGAGGAAGTGA	neuronal
CCTCATGGTTGCTCAA	unresolved
CCTCATGTCAGAGCAG	oligodendrocyte_OPC
CCTCCAAGTTCACGAT	astrocyte
CCTCCTCGTACCAATC	neuronal
CCTCTAGTCCAAAGGG	unresolved
CCTCTCCAGAGCCCAA	neuronal
CCTCTCCCAAGTGGTG	unresolved
CCTCTCCGTTTGCCGG	oligodendrocyte_OPC
CCTGCATGTAGTTACC	oligodendrocyte_OPC
CCTGTTGAGAATGTTG	unresolved
CCTGTTGAGCTGCCTG	oligodendrocyte_OPC
CCTGTTGCACACCTGG	neuronal
CCTGTTGGTAATCAGA	unresolved
CCTGTTGTCAGCTGAT	oligodendrocyte_OPC
CCTGTTGTCCTTGAAG	neuronal
CCTGTTGTCTCCGATC	astrocyte
CCTTCAGTCTCATTAC	oligodendrocyte_OPC
CCTTGTGAGCGATTCT	oligodendrocyte_OPC
CCTTGTGAGCTCGACC	unresolved
CCTTTGGAGCTACAAA	unresolved
CGAAGGACAACCCTAA	neuronal
CGAAGTTTCCCGGTAG	astrocyte
CGAATTGTCTCCGCAT	vascular
CGACAGCAGGCACAAC	unresolved
CGACAGCCAAGTTTGC	unresolved
CGACAGCCACAGCCTG	unresolved
CGAGAAGTCGTTCTGC	unresolved
CGAGGCTTCGCGTGAC	unresolved
CGAGTGCAGGCCACCT	oligodendrocyte_OPC
CGAGTGCCAGGACTTT	unresolved
CGATCGGTCATTGAGC	unresolved
CGATGGCAGCTTTCTT	unresolved
CGATGGCCAAGCACAG	oligodendrocyte_OPC
CGATGGCGTCCAGGTC	oligodendrocyte_OPC
CGCAGGTAGATGGTAT	neuronal
CGCATAAAGAGCCGTA	neuronal
CGCATAAAGCAGTCTT	astrocyte
CGCATGGAGAAGCTGC	neuronal
CGCCAGAAGGCTTCCG	unresolved
CGCCAGAGTACGAAAT	oligodendrocyte_OPC
CGCCAGAGTCCTGGTG	astrocyte
CGCCAGATCGAAACAA	oligodendrocyte_OPC
CGCGTGACAGCACGAA	unresolved
CGCGTGATCGGCTTCT	microglia_immune
CGGAACCAGCATCAGG	unresolved
CGGAACCCAACCGATT	unresolved
CGGAACCGTATACGGG	astrocyte
CGGAACCGTGGATCAG	unresolved
CGGAATTCAAACACGG	microglia_immune
CGGAATTCAAATAGCA	astrocyte
CGGAATTCACGTAGAG	unresolved
CGGACACAGTGGATAT	astrocyte
CGGAGAAAGAGGCTGT	astrocyte
CGGAGAAAGGATTTAG	neuronal
CGGCAGTCAAATCGGG	astrocyte
CGGCAGTCACACCGCA	neuronal
CGGGACTAGAGAGGGC	astrocyte
CGGGACTAGGCCCACT	oligodendrocyte_OPC
CGGGACTAGGTGGGTT	unresolved
CGGGACTGTTCAGCTA	neuronal
CGGGTCAAGGACGCAT	oligodendrocyte_OPC
CGGGTCATCACCTGGG	unresolved
CGGGTGTAGATACTGA	astrocyte
CGGGTGTGTTGCATTG	oligodendrocyte_OPC
CGGGTGTTCCACGTAA	unresolved
CGGGTGTTCCATGAGT	unresolved
CGGGTGTTCTGGACCG	neuronal
CGGTCAGAGGGCAGAG	unresolved
CGGTCAGCACTCGATA	unresolved
CGGTCAGCATGGGAAC	unresolved
CGGTCAGGTGGACCTC	unresolved
CGTAAGTTCGAATCCA	oligodendrocyte_OPC
CGTAATGCAAGAATGT	astrocyte
CGTAGTACAGCACAAG	unresolved
CGTAGTACAGCAGTAG	oligodendrocyte_OPC
CGTCAAAAGATGGTAT	oligodendrocyte_OPC
CGTCAAAGTAGCTAAA	neuronal
CGTCAAAGTGAACGGT	neuronal
CGTCCATAGGACCCAA	oligodendrocyte_OPC
CGTCCATGTATGTCTG	oligodendrocyte_OPC
CGTCCATGTGCTCTCT	oligodendrocyte_OPC
CGTCCATGTTCAAGGG	unresolved
CGTGAATAGCACTAGG	neuronal
CGTGAATAGCCTGAAG	neuronal
CGTGAATGTCGCACAC	unresolved
CGTGAATGTTAAGGAT	unresolved
CGTGAATTCTTTCTAG	unresolved
CGTGATAAGACCATGG	neuronal
CGTGATACACTCCACT	unresolved
CGTGATATCGATGCTA	neuronal
CGTGCTTCACCGAATT	neuronal
CGTGCTTCACTGCACG	astrocyte
CGTGCTTCAGGAGGTT	unresolved
CGTGTCTGTACTGCCG	oligodendrocyte_OPC
CGTTAGAAGATTACCC	unresolved
CGTTAGAAGGCTTAGG	oligodendrocyte_OPC
CGTTAGAAGTAGCATA	unresolved
CGTTCTGAGGTCACTT	unresolved
CGTTGGGAGTGAATAC	unresolved
CGTTGGGCACTATGTG	oligodendrocyte_OPC
CTAACCCAGAATACAC	unresolved
CTAACCCGTCAGTCCG	unresolved
CTAACTTCAATCGCCG	astrocyte
CTAACTTGTTAGAGTA	oligodendrocyte_OPC
CTAAGTGGTCAGGTAG	oligodendrocyte_OPC
CTAAGTGGTGAGATCG	unresolved
CTAAGTGTCGCTAGCG	microglia_immune
CTACATTAGTCATTGC	neuronal
CTACATTGTATTCCTT	neuronal
CTACCCAGTAAGCGGT	unresolved
CTACCCAGTCTACAGT	unresolved
CTACCTGAGGCATGCA	unresolved
CTACCTGGTATCGTTG	vascular
CTACCTGGTCAGACGA	oligodendrocyte_OPC
CTACCTGTCATTTCCA	unresolved
CTACGGGAGCCTCCAG	oligodendrocyte_OPC
CTACGGGCATACATCG	astrocyte
CTACTATAGTTATGGA	unresolved
CTACTATGTAGCGTTT	oligodendrocyte_OPC
CTACTATTCAACCTTT	astrocyte
CTAGACACACAATTCG	oligodendrocyte_OPC
CTAGACAGTTTACGTG	unresolved
CTAGACATCTGGGAGA	unresolved
CTAGGTAAGCCAGAGT	unresolved
CTAGGTACACTGAGGA	unresolved
CTATAGGGTGTCGCTG	unresolved
CTATCTAGTAGTATAG	neuronal
CTATCTATCGAGAGAC	astrocyte
CTCAACCGTCATCCCT	astrocyte
CTCAACCTCCATCTGC	unresolved
CTCAAGACAGGAATAT	unresolved
CTCAATTGTAGACACG	unresolved
CTCAATTTCTTGGAAC	astrocyte
CTCACTGGTAAGATCA	unresolved
CTCACTGGTACGCTAT	unresolved
CTCACTGGTGAATAAC	oligodendrocyte_OPC
CTCACTGGTTGGAGAC	oligodendrocyte_OPC
CTCAGAAGTGCCTACG	astrocyte
CTCAGGGAGTGTGTTC	unresolved
CTCAGGGGTGTCCGGT	neuronal
CTCAGTCCAAGAGTAT	astrocyte
CTCATCGTCGGCTTCT	oligodendrocyte_OPC
CTCATTAAGACCTGGA	unresolved
CTCATTACAAAGGATT	astrocyte
CTCATTATCGTTCCTG	neuronal
CTCCAACCATGCGTGC	unresolved
CTCCAACGTGTTATCG	neuronal
CTCCAACTCACGTAGT	astrocyte
CTCCACAAGTGTAGTA	neuronal
CTCCACAGTGACTGTT	oligodendrocyte_OPC
CTCCATGAGAACTGAT	astrocyte
CTCCCAACACTGGCCA	neuronal
CTCCCTCAGAGAGGGC	oligodendrocyte_OPC
CTCCCTCAGGTACATA	neuronal
CTCCCTCAGGTAGATT	unresolved
CTCCCTCCACAGTCCG	ambiguous_or_doublet
CTCCCTCCACTGCATA	neuronal
CTCCCTCTCAAGCCGC	unresolved
CTCCGATAGCTCACTA	vascular
CTCCGATCACAAAGTA	vascular
CTCCGATGTCCTGAAT	unresolved
CTCCTCCGTCTTTCAT	unresolved
CTCCTTTAGACTAAGT	unresolved
CTCCTTTAGCTTACGT	astrocyte
CTCCTTTAGGAAAGTG	oligodendrocyte_OPC
CTCCTTTTCTTTGATC	astrocyte
CTCGAGGGTCGGTGTC	neuronal
CTCGAGGGTGTAAACA	unresolved
CTCTCAGAGGCTAACG	neuronal
CTCTCGAAGAGCCGTA	neuronal
CTCTCGAGTCCACTCT	neuronal
CTCTCGATCACCGCTT	astrocyte
CTCTCGATCTGGGATT	oligodendrocyte_OPC
CTCTGGTAGTTTGGCT	neuronal
CTCTGGTGTGAGCTCC	neuronal
CTCTGGTTCAGACCCG	unresolved
CTCTGGTTCTTGAACG	vascular
CTGAGCGGTAGTCGTT	unresolved
CTGAGGCCAGCGTGAA	unresolved
CTGAGGCCATGTGTCA	unresolved
CTGCAGGAGATTTGCC	neuronal
CTGCAGGCAGGTTACT	oligodendrocyte_OPC
CTGCCATCAGCTACTA	neuronal
CTGCCTAAGCAGTAAT	neuronal
CTGCCTACAGGTTCGC	neuronal
CTGCCTAGTTCGGGTC	microglia_immune
CTGCGAGAGAAGTCCG	unresolved
CTGCGAGGTCGTCAGC	unresolved
CTGCGAGGTGGAACAC	oligodendrocyte_OPC
CTGCTCAAGCTGGCTC	ambiguous_or_doublet
CTGCTCACAGAGTTCT	neuronal
CTGCTCAGTCAGACGA	neuronal
CTGGACGGTATGAGAT	unresolved
CTGGACGTCGGCATCG	astrocyte
CTGGCAGCACCAAATC	oligodendrocyte_OPC
CTGGCAGGTTGGCTAT	unresolved
CTGGCAGTCCATCGTC	unresolved
CTGGTCTGTGCGTTTA	unresolved
CTGTACCCAGCTGCCA	unresolved
CTGTACCCATTCTGTT	unresolved
CTGTATTAGCGTGCCT	unresolved
CTGTATTGTAATGTGA	neuronal
CTGTATTGTTTCCATT	unresolved
CTGTATTTCAGCGTCG	oligodendrocyte_OPC
CTGTCGTAGAGATGCC	unresolved
CTGTGAACATAGACTC	oligodendrocyte_OPC
CTGTGGGTCCCTCTCC	neuronal
CTTACCGTCAAGGAGC	oligodendrocyte_OPC
CTTAGGACAACAGTGG	astrocyte
CTTAGGATCGGACTGC	unresolved
CTTAGGATCTCCAAGA	neuronal
CTTCAATTCTTACTGT	unresolved
CTTCCGACAAATAAGC	neuronal
CTTCCGATCTTACCAT	unresolved
CTTCCTTCAATCTCTT	unresolved
CTTCCTTGTAGACAGC	vascular
CTTCCTTGTCGCTTAA	neuronal
CTTCCTTTCTCTAGGA	microglia_immune
CTTCGGTCAGGTCAGA	unresolved
CTTCGGTCATACCGTA	unresolved
CTTCGGTGTCATAGTC	astrocyte
CTTCGGTGTTGGAGGT	ambiguous_or_doublet
CTTCGGTGTTTGGGAG	microglia_immune
CTTCTAAGTTTCACAG	unresolved
CTTCTCTAGCAGTCTT	oligodendrocyte_OPC
CTTGAGAAGGGTTAGC	astrocyte
CTTGAGAAGTTCTCTT	neuronal
CTTGAGACAGTTAAAG	microglia_immune
CTTGAGATCGCTCATC	unresolved
CTTGATTTCCCATTTA	oligodendrocyte_OPC
CTTTCAAAGGCGCTTC	neuronal
CTTTCAAGTTATAGAG	oligodendrocyte_OPC
CTTTCAATCCCAAGCG	astrocyte
CTTTCAATCGTGCTCT	neuronal
CTTTCGGTCGAGCACC	vascular
CTTTCGGTCTTGCAGA	unresolved
GAAACCTAGCTTAGTC	neuronal
GAAACCTCAGGAGGAG	neuronal
GAACACTCAATAGTAG	neuronal
GAACTGTCAATTTCCT	unresolved
GAACTGTGTCCCGCAA	unresolved
GAACTGTGTCGCAACC	unresolved
GAAGAATAGCAATTCC	unresolved
GAAGAATGTGCGTGCT	vascular
GAAGCCCAGCATGCGA	astrocyte
GAAGCCCAGCCATCCG	astrocyte
GAAGCCCAGGATCACG	unresolved
GAAGCGAAGGGCTTCC	neuronal
GAAGCGAAGGTCGTGA	unresolved
GAAGCGACACACGTGC	unresolved
GAAGCGATCACGGACC	unresolved
GAAGGACGTACGATGG	neuronal
GAAGGACTCAAATGCC	neuronal
GAAGGACTCCGATCTC	unresolved
GAAGGGTAGTCCGCGT	oligodendrocyte_OPC
GAAGGGTCAACGAGGT	unresolved
GAAGGGTCATAGATGA	oligodendrocyte_OPC
GAAGGGTGTCTCGACG	oligodendrocyte_OPC
GAATAGAGTAAGGCCA	unresolved
GAATCACAGTATGTAG	unresolved
GAATCGTAGTCAGAGC	oligodendrocyte_OPC
GAATCGTGTACAAACA	oligodendrocyte_OPC
GACACGCAGCTTGTTG	neuronal
GACACGCGTTGCATAC	unresolved
GACAGCCGTCCCTAAA	neuronal
GACATCAAGAATCCCT	oligodendrocyte_OPC
GACATCAGTCGTGGTC	unresolved
GACCAATCACAAATCC	vascular
GACCAATCAGAACTAA	ambiguous_or_doublet
GACCAATGTCAAAGTA	astrocyte
GACCAATTCCGGTAAT	oligodendrocyte_OPC
GACCCAGAGGCTCTAT	neuronal
GACCCAGAGTGGAAGA	oligodendrocyte_OPC
GACCCAGCACAGAGAC	neuronal
GACCCAGGTAACAAGT	unresolved
GACCCAGGTAACTGCT	oligodendrocyte_OPC
GACCCTTGTGCGGATA	unresolved
GACCCTTTCCTGGGTG	astrocyte
GACCTTCTCCACGGAC	unresolved
GACGCTGGTTGTGTAC	unresolved
GACGTTAAGACCATGG	unresolved
GACGTTAAGAGCTTTC	oligodendrocyte_OPC
GACGTTAAGGTCGAGT	astrocyte
GACGTTAAGTGCAACG	astrocyte
GACGTTAGTACCACGC	unresolved
GACGTTATCCACACAA	neuronal
GACTATGAGGGTGGGA	neuronal
GACTCAAAGAATACAC	unresolved
GACTCTCAGATGCGAC	neuronal
GACTCTCAGTATGACA	astrocyte
GACTCTCGTCCTGTTC	neuronal
GACTGATAGGTGCCTC	astrocyte
GACTGATCACGACAAG	unresolved
GACTGATTCCTGGGAC	unresolved
GACTTCCCAGGACATG	oligodendrocyte_OPC
GACTTCCCATAGAATG	unresolved
GACTTCCGTAACGGTG	oligodendrocyte_OPC
GACTTCCGTTCGGCCA	unresolved
GACTTCCTCATCACCC	microglia_immune
GAGAAATAGAGGATGA	oligodendrocyte_OPC
GAGAAATAGGAAGTGA	unresolved
GAGAAATCAACTCCAA	neuronal
GAGAAATTCTCGAGTA	unresolved
GAGACCCAGAAACTGT	unresolved
GAGAGGTGTCCCGGTA	unresolved
GAGATGGAGACCCGCT	neuronal
GAGATGGAGCAAGGAA	unresolved
GAGATGGAGGTACAGC	unresolved
GAGATGGCACGGAAGT	oligodendrocyte_OPC
GAGATGGCATGGGTTT	vascular
GAGATGGCATTCATCT	unresolved
GAGATGGGTGCCAAGA	oligodendrocyte_OPC
GAGCCTGAGATTAGAC	unresolved
GAGCTGCCAGGTGTGA	neuronal
GAGCTGCGTGCGACAA	neuronal
GAGGCAATCGAACTCA	astrocyte
GAGGCAATCTCTCAAT	unresolved
GAGGCCTGTACGGATG	neuronal
GAGGGATAGTGGAAAG	astrocyte
GAGGGATTCTCGAGTA	ambiguous_or_doublet
GAGGGTAGTCGTCTCT	unresolved
GAGGGTAGTTCCGGTG	unresolved
GAGTCATAGTGCTACT	unresolved
GAGTCATCATACGCAT	unresolved
GAGTCATGTCCATAGT	vascular
GAGTCTAAGCAATTCC	astrocyte
GAGTCTACACTTGTCC	neuronal
GAGTCTAGTTGGTACT	neuronal
GAGTCTATCTCAGAAC	unresolved
GAGTTACCACTACCGG	unresolved
GAGTTACGTTACCTGA	neuronal
GAGTTACTCGTGGACC	unresolved
GAGTTGTTCGAGAGCA	oligodendrocyte_OPC
GAGTTTGAGGGATCAC	unresolved
GATAGAACAAGACCGA	astrocyte
GATAGAATCAGCAATC	astrocyte
GATAGAATCAGTGTCA	neuronal
GATCACAAGTGCAGCA	unresolved
GATCACACACATTGTG	unresolved
GATCACATCATCGCTC	unresolved
GATCAGTAGTGCCAGA	astrocyte
GATCAGTTCAAACTGC	unresolved
GATCAGTTCCTTGGAA	unresolved
GATCCCTAGCTGACTT	vascular
GATCCCTGTATAGGAT	unresolved
GATCCCTGTCAAGCCC	oligodendrocyte_OPC
GATCCCTTCTGGTGGC	oligodendrocyte_OPC
GATCGTAAGGCAGGTT	unresolved
GATCGTACACCTGTCT	astrocyte
GATCGTACACTACAGT	unresolved
GATGACTAGCCAACCC	unresolved
GATGACTAGGTGCTGA	neuronal
GATGAGGGTTCTAACG	neuronal
GATGATCGTAGTCGGA	ambiguous_or_doublet
GATGATCTCAAAGACA	unresolved
GATGCTAAGAAGGATG	neuronal
GATGCTAAGCACACAG	neuronal
GATGCTACAGAGGTTG	astrocyte
GATGCTATCGCCAATA	oligodendrocyte_OPC
GATGCTATCGGAGTGA	unresolved
GATGGAGGTGTTTACG	oligodendrocyte_OPC
GATGTTGAGGTGGGTT	astrocyte
GATGTTGCAACTCCCT	neuronal
GATTCGAAGCATGGGT	unresolved
GATTCGACAAGCAGGT	oligodendrocyte_OPC
GATTCGAGTCTCGCGA	unresolved
GATTCGATCACAAGAA	oligodendrocyte_OPC
GATTCGATCTGTCCCA	unresolved
GATTCTTAGATACAGT	astrocyte
GATTCTTCACCGCTGA	neuronal
GATTGGTTCTGGCTGG	neuronal
GCAACATAGAAACTAC	microglia_immune
GCAACATCATACACCA	neuronal
GCAACATGTCGCAACC	neuronal
GCAACCGGTCGGTGAA	neuronal
GCAACCGGTGTTACAC	unresolved
GCACATACAGACCTAT	unresolved
GCACATACATGTGCCG	oligodendrocyte_OPC
GCACGGTAGGTGCGAT	neuronal
GCACGGTAGTCTTCCC	astrocyte
GCACGGTTCTATTGTC	unresolved
GCACGTGGTACAGAAT	astrocyte
GCACTAAAGGCCTTCG	unresolved
GCACTAAAGGTTGAGC	unresolved
GCACTAATCGCCTTGT	ambiguous_or_doublet
GCAGCCAGTTGCATGT	unresolved
GCAGCCATCTTGCAGA	unresolved
GCAGCTGCACTAGTAC	neuronal
GCAGGCTCACTCCTTG	unresolved
GCAGGCTGTGACTGAG	astrocyte
GCAGGCTTCCCAGGAC	neuronal
GCAGGCTTCCTTATGT	neuronal
GCAGTTAAGGCCTGCT	neuronal
GCAGTTAAGGTAAGGA	vascular
GCATCGGAGGCCTAGA	vascular
GCATCTCGTAGTGCGA	unresolved
GCATGATCACGTACTA	unresolved
GCATGATCAGGGTCTC	astrocyte
GCATTAGCATCGTCCT	neuronal
GCCAACGAGTGCACAG	neuronal
GCCAACGCATACTGTG	unresolved
GCCAGCACACTGCGTG	oligodendrocyte_OPC
GCCAGCAGTCTGCGCA	neuronal
GCCAGCATCGGTCACG	oligodendrocyte_OPC
GCCAGGTGTCTGTGAT	unresolved
GCCAGGTTCAAGTGTC	astrocyte
GCCAGGTTCTCCTGTG	neuronal
GCCAGTGCAGAGGCTA	unresolved
GCCATGGAGTTAACAG	unresolved
GCCATGGGTAGGTACG	neuronal
GCCATGGTCAAGCTGT	neuronal
GCCATTCCACCCTTAC	neuronal
GCCATTCCAGTGAGCA	neuronal
GCCATTCCATTGTACG	unresolved
GCCCAGAGTATGGAAT	unresolved
GCCCAGATCCTCTGCA	neuronal
GCCCGAAGTATCCCTC	unresolved
GCCCGAAGTCTACAGT	neuronal
GCCGATGAGATGGTCG	neuronal
GCCGATGAGGAAACGA	vascular
GCCGTGAGTTCCGTTC	astrocyte
GCCGTGATCTTCGTGC	unresolved
GCCTGTTCAGCTATTG	oligodendrocyte_OPC
GCCTGTTTCCCGATCT	oligodendrocyte_OPC
GCGAGAAAGGTCTTTG	unresolved
GCGAGAAAGGTGCCTC	ambiguous_or_doublet
GCGAGAAGTGCATGTT	oligodendrocyte_OPC
GCGAGAAGTTTCTATC	neuronal
GCGAGAATCGTTAGTG	neuronal
GCGAGAATCTGCATGA	astrocyte
GCGATCGCATGACGTT	astrocyte
GCGATCGGTATCGCAT	unresolved
GCGGAAAAGAGAGGTA	unresolved
GCGGAAACAACGGCCT	astrocyte
GCGGAAAGTCCGCAGT	neuronal
GCGGATCGTATTTCGG	vascular
GCGGATCGTTCTGAGT	oligodendrocyte_OPC
GCGGATCTCTCATTTG	microglia_immune
GCGTGCATCACTTGGA	unresolved
GCGTGCATCAGAATAG	neuronal
GCGTTTCCATATGGCT	microglia_immune
GCGTTTCCATGACGTT	astrocyte
GCGTTTCGTAGCACAG	unresolved
GCTACCTCAAGGTTGG	unresolved
GCTACCTGTGTCATGT	vascular
GCTCAAAGTCCTTTGC	unresolved
GCTCAAATCCATGATG	oligodendrocyte_OPC
GCTGAATGTACAGAAT	unresolved
GCTTCACTCAGCGGAA	astrocyte
GCTTGGGCAACTGATC	unresolved
GCTTGGGTCATACAGC	unresolved
GCTTTCGAGCAATTCC	astrocyte
GCTTTCGCAAGGCTTT	ambiguous_or_doublet
GCTTTCGCACCACTGG	ambiguous_or_doublet
GGAACCCGTACTCGCG	unresolved
GGAACCCGTGGACAGT	neuronal
GGAACCCTCTGTGCGG	neuronal
GGAAGTGCATCCAACA	unresolved
GGAAGTGGTCAAAGAT	astrocyte
GGAATGGCACAAAGTA	unresolved
GGAGAACAGAAGCCAC	unresolved
GGAGAACAGCCTCAAT	unresolved
GGAGAACAGGCAGTCA	oligodendrocyte_OPC
GGAGAACGTGGCCACT	neuronal
GGAGAACTCCGTCAAA	microglia_immune
GGAGAACTCTTCGTAT	unresolved
GGAGATGTCATTTCGT	unresolved
GGAGATGTCCTTTGAT	neuronal
GGAGCAACAGTTGCGC	neuronal
GGAGCAAGTGACTAAA	neuronal
GGAGGATAGAAATTGC	oligodendrocyte_OPC
GGAGGATCAGATACCT	neuronal
GGAGGATTCACTACTT	unresolved
GGAGGATTCATGTCAG	unresolved
GGAGGTAAGTAGACCG	neuronal
GGAGGTAAGTGGAATT	neuronal
GGATCTACACGATAGG	neuronal
GGATCTAGTCCTGGTG	ambiguous_or_doublet
GGATGTTAGCCTGCCA	astrocyte
GGATGTTGTCAGTTTG	unresolved
GGATGTTTCGCCTTGT	unresolved
GGCACGTAGTAGGATT	ambiguous_or_doublet
GGCACGTCAAAGTGTA	unresolved
GGCAGTCAGGGTCTTT	microglia_immune
GGCAGTCCAATCAGCT	neuronal
GGCAGTCTCAGCATTG	unresolved
GGCGTCAGTGTTGAGG	unresolved
GGCTGTGAGCCTCATA	neuronal
GGCTGTGCACTTGTCC	neuronal
GGCTGTGGTAGCCAGA	unresolved
GGCTGTGGTGTCTCCT	oligodendrocyte_OPC
GGCTTGGTCACTGGTA	oligodendrocyte_OPC
GGCTTTCCAGGCACTC	neuronal
GGCTTTCGTTGTAAAG	neuronal
GGGAAGTGTTATAGCC	oligodendrocyte_OPC
GGGACAACACAGTGTT	unresolved
GGGACAATCGAGTCTA	unresolved
GGGACTCAGTGCAAAT	neuronal
GGGACTCGTGAATTAG	neuronal
GGGATCCAGTGTAGAT	neuronal
GGGATCCCAACATCGT	neuronal
GGGATCCCACAAGCCC	astrocyte
GGGCCATAGCCGATCC	unresolved
GGGCCATCAACACACT	ambiguous_or_doublet
GGGCCATCACATTCTT	astrocyte
GGGCTACGTAGCGAGT	unresolved
GGGCTACGTAGCGATG	astrocyte
GGGCTACGTTGCAAGG	astrocyte
GGGCTCAAGAAAGCGA	astrocyte
GGGCTCACAAATTGGA	unresolved
GGGCTCACACAGCCTG	neuronal
GGGCTCACACTGCGTG	ambiguous_or_doublet
GGGCTCAGTCAATCTG	neuronal
GGGTATTCATTACTCT	unresolved
GGGTATTGTACGTGTT	astrocyte
GGGTATTTCCGACGGT	astrocyte
GGGTCTGTCATTCCTA	oligodendrocyte_OPC
GGGTGAAGTAACAAGT	unresolved
GGGTGAAGTTCTGAGT	unresolved
GGGTGAATCATGAAAG	neuronal
GGGTGTCAGTGTGTTC	unresolved
GGGTGTCCAATGCAGG	unresolved
GGGTGTCCACAACGTT	unresolved
GGGTGTCCAGAGTCTT	astrocyte
GGGTGTCCAGGATTCT	vascular
GGGTTTAGTATACGGG	oligodendrocyte_OPC
GGGTTTAGTTCAGTAC	oligodendrocyte_OPC
GGGTTTATCGGATACT	astrocyte
GGGTTTATCTTTACAC	neuronal
GGTAACTAGTTACGAA	neuronal
GGTAACTCACAAAGTA	oligodendrocyte_OPC
GGTAACTCAGACACAG	oligodendrocyte_OPC
GGTAATCAGCGCTGCT	unresolved
GGTAATCTCGTCCTCA	oligodendrocyte_OPC
GGTAGAGCATGACGAG	neuronal
GGTCACGCAAAGCGTG	unresolved
GGTCACGCATACCACA	astrocyte
GGTCTGGGTCCAGCCA	unresolved
GGTCTGGTCCATACTT	unresolved
GGTGAAGGTACCGGCT	unresolved
GGTGATTAGAACAGGA	astrocyte
GGTGGCTCAAGAATGT	neuronal
GGTGGCTCACCGTACG	unresolved
GGTGGCTGTGGAAATT	unresolved
GGTGTCGCAAGCGATG	neuronal
GGTGTCGGTACTTCCC	oligodendrocyte_OPC
GGTGTTAAGTATGCAA	unresolved
GGTGTTACATCTCGTC	oligodendrocyte_OPC
GGTGTTACATGAAAGT	unresolved
GGTGTTATCTGAGGTT	neuronal
GGTTAACTCGTCCATC	neuronal
GGTTCTCGTATGCTTG	neuronal
GGTTCTCGTCACTCAA	unresolved
GGTTCTCTCACCACAA	vascular
GGTTGTACAAGACAAT	unresolved
GGTTGTACACAACCGC	unresolved
GGTTGTATCCTTCGAC	unresolved
GTAACACCACAACGCC	astrocyte
GTAACCAAGAGGGTCT	unresolved
GTAACCATCTTAGTTC	unresolved
GTAAGTCCAGGGCTTC	unresolved
GTAAGTCGTCATACCA	unresolved
GTAAGTCGTGACTATC	unresolved
GTAATCGTCCTCACTG	unresolved
GTACAACAGTTGTAGA	unresolved
GTACAACCACTTGGGC	neuronal
GTACAACGTCGTGGAA	unresolved
GTACAACTCAAGATAG	neuronal
GTACAGTAGCCTCAAT	vascular
GTACAGTCAGGTCCGT	unresolved
GTACAGTGTTGGTGTT	oligodendrocyte_OPC
GTAGAAACATAGGTTC	oligodendrocyte_OPC
GTAGAAACATGTTACG	oligodendrocyte_OPC
GTAGAGGTCATTACGG	oligodendrocyte_OPC
GTAGAGGTCTGCTTTA	neuronal
GTAGCTAAGCTACGTT	oligodendrocyte_OPC
GTAGCTAGTGTTTGCA	unresolved
GTAGCTATCAAGCCCG	neuronal
GTAGCTATCTCAATCT	astrocyte
GTAGCTATCTTGCGCT	unresolved
GTAGGTTAGCAATAGT	astrocyte
GTAGGTTCAATGGGTG	unresolved
GTAGTACAGAGTTGTA	unresolved
GTAGTACAGATACCAA	unresolved
GTAGTACTCACCCTGT	unresolved
GTAGTACTCTACGGTA	unresolved
GTATTGGAGCTGACAG	oligodendrocyte_OPC
GTATTGGTCGATTGGT	oligodendrocyte_OPC
GTATTTCCACTCAAGT	unresolved
GTATTTCTCACTGTTT	astrocyte
GTCAAGTAGCATTTCG	unresolved
GTCAAGTCAGGTTCCG	neuronal
GTCAAGTGTAGCTCGC	unresolved
GTCAAGTTCATCCTAT	oligodendrocyte_OPC
GTCACGGCACGACGTC	neuronal
GTCACGGTCCGGCTTT	astrocyte
GTCACTCAGGCGTTAG	astrocyte
GTCACTCAGTGCCGAA	unresolved
GTCACTCGTTGCATTG	oligodendrocyte_OPC
GTCACTCTCCGCACGA	neuronal
GTCAGCGAGTGCGACA	neuronal
GTCAGCGAGTGGTGGT	astrocyte
GTCAGCGCAAATGCTC	astrocyte
GTCAGCGGTATACCTG	unresolved
GTCAGCGGTGCAACAG	oligodendrocyte_OPC
GTCATCCCAGATACTC	unresolved
GTCATCCTCATCGCTC	astrocyte
GTCATCCTCTAGTTCT	oligodendrocyte_OPC
GTCATGATCCGTGGGT	unresolved
GTCATTTAGGATTCCT	unresolved
GTCATTTAGTCCCGAC	unresolved
GTCATTTCAGCTTTCC	ambiguous_or_doublet
GTCATTTGTTACCCTC	astrocyte
GTCATTTGTTGGGTAG	microglia_immune
GTCATTTTCGCCGTGA	neuronal
GTCATTTTCGGCCAAC	unresolved
GTCCACTCAGCTACCG	oligodendrocyte_OPC
GTCCACTGTTGTGGAG	neuronal
GTCCCATAGATTGAGT	neuronal
GTCCCATCATGTGGTT	unresolved
GTCCTCAAGGCATTTC	unresolved
GTCCTCACACTGTGAT	unresolved
GTCGAATGTCCAGCCA	neuronal
GTCGTAACATCCGGTG	astrocyte
GTCGTAAGTCGTTCAA	unresolved
GTCGTTCCACAACCGC	unresolved
GTCGTTCGTCTTTCTA	astrocyte
GTCGTTCGTTGTCAGT	oligodendrocyte_OPC
GTCTACCAGGACACTG	neuronal
GTCTCACCACATACTG	microglia_immune
GTCTTTAAGTCGCCCA	neuronal
GTCTTTATCCGATCGG	neuronal
GTGACGCAGCAGTCTT	neuronal
GTGACGCAGCGTTGTT	oligodendrocyte_OPC
GTGAGCCAGGCCTGCT	astrocyte
GTGAGCCGTCTCACGG	neuronal
GTGAGGAAGTACCGGA	oligodendrocyte_OPC
GTGAGGATCAGAGTGG	oligodendrocyte_OPC
GTGAGTTCAACCAACT	unresolved
GTGAGTTGTCGAGTGA	oligodendrocyte_OPC
GTGAGTTGTGACGTCC	unresolved
GTGAGTTTCAACACGT	ambiguous_or_doublet
GTGATGTGTCAGGCAA	unresolved
GTGCACGAGATGCCGA	neuronal
GTGCACGGTTCTGAGT	unresolved
GTGCAGCGTTCCTAAG	astrocyte
GTGCGTGCAGGTCCCA	unresolved
GTGCTGGAGGTTGCCC	unresolved
GTGCTGGTCATCGTAG	oligodendrocyte_OPC
GTGCTGGTCCTAGCTC	unresolved
GTGCTGGTCTCTCGAC	unresolved
GTGCTTCTCAGGACGA	neuronal
GTGGAAGTCGCCTTTG	astrocyte
GTGGAAGTCTGATTCT	neuronal
GTGGAGACAATAGTCC	unresolved
GTGGAGAGTAGATGTA	unresolved
GTGGAGAGTCGCATGC	unresolved
GTGGAGAGTTAAACAG	unresolved
GTGGCGTAGACGCATG	unresolved
GTGGGAAAGTCGAATA	unresolved
GTGGGAATCTCTCAAT	oligodendrocyte_OPC
GTGGTTACAAGTACCT	oligodendrocyte_OPC
GTGTAACCAAAGGGCT	unresolved
GTGTAACGTAACAGTA	astrocyte
GTGTAACTCCACACAA	oligodendrocyte_OPC
GTGTCCTGTGTACATC	unresolved
GTGTGATAGGCGAAGG	astrocyte
GTGTGATGTAATCAAG	unresolved
GTGTGGCAGATCCCAT	unresolved
GTGTGGCCATCGAACT	astrocyte
GTGTGGCGTAACCCTA	unresolved
GTGTGGCGTACCTAAC	astrocyte
GTGTTAGCAAAGGCTG	unresolved
GTGTTAGCAGAGGTTG	astrocyte
GTGTTAGGTACCTAAC	astrocyte
GTGTTCCAGTGATGGC	microglia_immune
GTGTTCCGTACGGTTT	neuronal
GTTACAGAGTGCTACT	unresolved
GTTACAGCAGATCACT	astrocyte
GTTACAGTCCGCACTT	unresolved
GTTACCCAGGGAACAA	unresolved
GTTACCCCAACTCGAT	astrocyte
GTTACCCGTTCAGCGC	unresolved
GTTACGACACGATAGG	neuronal
GTTACGAGTGGGTCAA	neuronal
GTTAGACGTTGCTCAA	astrocyte
GTTAGTGTCGAAATCC	astrocyte
GTTATGGAGTTGGACG	astrocyte
GTTATGGGTCAACCAT	oligodendrocyte_OPC
GTTATGGTCGCTACGG	neuronal
GTTCCGTAGCCAAGGT	unresolved
GTTCCGTCAATGTCTG	unresolved
GTTCCGTGTCCTGTTC	neuronal
GTTCCGTGTCGCAACC	unresolved
GTTCCGTTCGCGGACT	ambiguous_or_doublet
GTTCGCTGTTCCTTGC	unresolved
GTTCGCTTCGCCGTGA	neuronal
GTTGAACTCGGCTGTG	unresolved
GTTGCGGCATACAGGG	neuronal
GTTGCGGGTTTACGAC	unresolved
GTTGCTCAGATCCAAA	neuronal
GTTGCTCAGTAGCTCT	unresolved
GTTGCTCCACCAATTG	neuronal
GTTGCTCTCAACTACG	oligodendrocyte_OPC
GTTGTAGTCTCAACGA	unresolved
GTTGTCCAGACTTCAC	unresolved
GTTGTCCGTGGCTGCT	unresolved
GTTGTCCTCAGACCGC	unresolved
GTTTACTAGGTTGTTC	astrocyte
GTTTACTTCTTTCTAG	oligodendrocyte_OPC
GTTTGGAAGAAGGATG	neuronal
GTTTGGAGTACCTAGT	unresolved
TAACACGAGCTTACGT	neuronal
TAACACGCAGTCCGTG	oligodendrocyte_OPC
TAACACGGTGCCGAAA	unresolved
TAACCAGAGACATGCG	neuronal
TAACCAGTCATTGCTT	astrocyte
TAACGACCATAATGCC	unresolved
TAACGACGTGGTGATG	unresolved
TAACGACGTGTCATTG	unresolved
TAACGACGTTTCTATC	unresolved
TAACTTCGTAGAGATT	neuronal
TAAGCACAGGTTCAGG	unresolved
TAAGCACGTTTACCTT	neuronal
TAAGCCACACGTGAGA	oligodendrocyte_OPC
TAAGCCACAGCTCATA	unresolved
TAAGCCAGTATGCGGA	unresolved
TAAGCCATCTATGTGG	neuronal
TAAGCGTCATCAACCA	unresolved
TAAGTCGGTTGCCGCA	unresolved
TAATCTCAGCACGATG	astrocyte
TAATCTCAGTGCGCTC	unresolved
TAATCTCCATCAGTGT	oligodendrocyte_OPC
TAATCTCGTTAGGCTT	oligodendrocyte_OPC
TACAACGCAGGATCTT	oligodendrocyte_OPC
TACAACGGTGGGAGAG	neuronal
TACACCCCACTCCGAG	ambiguous_or_doublet
TACAGGTAGCGACTTT	unresolved
TACAGGTTCCCTCATG	unresolved
TACATTCAGACATAAC	unresolved
TACATTCAGTTCCGGC	astrocyte
TACCCACAGCTAAGTA	astrocyte
TACCCACCACAAGTTC	unresolved
TACCCGTCATCACAGT	unresolved
TACCGAAAGGTTTGAA	neuronal
TACCGAAAGTAATCCC	neuronal
TACCGAAAGTCCCAAT	unresolved
TACCGAACATATCTGG	oligodendrocyte_OPC
TACCGGGGTTATCTTC	unresolved
TACCGGGTCGGCTCTT	unresolved
TACCTCGAGCGTCAGA	neuronal
TACCTGCCACTAACCA	neuronal
TACGCTCAGGGAGGCA	unresolved
TACGCTCGTAATTGGA	oligodendrocyte_OPC
TACGCTCGTGGAACAC	neuronal
TACGGGCAGCTGTTCA	unresolved
TACGGGCCACACACGC	neuronal
TACGGGCCATTCTCTA	astrocyte
TACGTCCTCCGTAATG	oligodendrocyte_OPC
TACTTACAGCTAATGA	neuronal
TACTTACGTACTAAGA	vascular
TACTTGTAGGATCACG	neuronal
TACTTGTGTTTCACAG	unresolved
TAGACTGCAACGCCCA	neuronal
TAGACTGGTAAGGCCA	unresolved
TAGACTGTCCGAGAAG	unresolved
TAGACTGTCTCGTTTA	vascular
TAGAGTCCACGGCCAT	astrocyte
TAGAGTCTCGGAGTGA	neuronal
TAGATCGCACATGGTT	neuronal
TAGATCGTCGATTGGT	oligodendrocyte_OPC
TAGCACAGTGCCTGCA	unresolved
TAGCACATCATGCAGT	unresolved
TAGGTTGGTACGGTTT	oligodendrocyte_OPC
TAGGTTGTCTGCGGCA	ambiguous_or_doublet
TAGTGCACATGACACT	unresolved
TAGTGCATCGCTAGCG	unresolved
TATACCTAGTACAACA	neuronal
TATATCCAGCGACTGA	astrocyte
TATATCCAGCTCATAC	neuronal
TATATCCGTGACGTCC	astrocyte
TATATCCGTTAAAGTG	unresolved
TATATCCTCTGCGGCA	unresolved
TATCAGGCAACGGCTC	unresolved
TATCAGGGTTAGGAGC	unresolved
TATCCTAAGCCTGTGC	unresolved
TATCCTAAGTGGAATT	oligodendrocyte_OPC
TATCCTACACTGAATC	unresolved
TATCCTATCGGCTGTG	neuronal
TATCTGTTCTGTCGTC	neuronal
TATGTTCAGATCCCAT	oligodendrocyte_OPC
TATGTTCCACCTGATA	unresolved
TATGTTCTCCCGTGTT	unresolved
TATTGCTCAAATCGTC	astrocyte
TATTGCTGTGAGGATC	unresolved
TATTGGGAGTTTCGGT	microglia_immune
TATTGGGTCATGGTAC	unresolved
TATTTCGGTAACGATA	unresolved
TATTTCGGTTCTGAGT	neuronal
TATTTCGTCTTCGCTG	unresolved
TCAAGACCATGACGTT	astrocyte
TCAAGCACAGACCAAG	oligodendrocyte_OPC
TCAAGCAGTCAGGCAA	astrocyte
TCAAGCAGTTGTACGT	astrocyte
TCAAGTGGTCAGTCTA	neuronal
TCAAGTGTCTCGTGGG	unresolved
TCAATCTGTTGTGGCC	unresolved
TCACAAGGTCAACACT	unresolved
TCACAAGTCCGCATAA	unresolved
TCACACCAGCACTCTA	oligodendrocyte_OPC
TCACACCTCCACGTAA	neuronal
TCACATTCAGAGTAAT	neuronal
TCACATTGTAGCTTAC	neuronal
TCACATTGTCTACAGT	unresolved
TCACGCTAGCGAAACC	unresolved
TCACGCTAGCGGTAGT	neuronal
TCACGCTCAAACGTGG	unresolved
TCACGCTCAGCAGTAG	unresolved
TCACTATCAATAGAGT	neuronal
TCACTCGCAGTCGCTG	neuronal
TCAGCCTAGACGAGCT	neuronal
TCAGCCTAGCAAATCA	oligodendrocyte_OPC
TCAGCCTCAGTGTGGA	unresolved
TCAGGGCAGAATCGCG	unresolved
TCAGGGCGTCTCGGGT	oligodendrocyte_OPC
TCAGGGCGTGCGCTCA	neuronal
TCAGGGCTCCTGATAG	astrocyte
TCAGGTAAGCGTATGG	neuronal
TCAGGTAAGGCCTAAG	astrocyte
TCAGGTAAGGGAACAA	unresolved
TCAGTCCGTGAACGGT	unresolved
TCAGTGATCGCTTGAA	neuronal
TCAGTTTCACTGTTCC	unresolved
TCAGTTTTCGAGCACC	neuronal
TCATACTAGACGATAT	oligodendrocyte_OPC
TCATACTAGAGCAGCT	oligodendrocyte_OPC
TCATACTTCCACCTGT	ambiguous_or_doublet
TCATATCCATGAAAGT	unresolved
TCATATCTCAGGAAGC	unresolved
TCATCCGGTTCCTTGC	neuronal
TCATCCGTCGTAACTG	astrocyte
TCATGAGGTGATACAA	unresolved
TCATGCCCATCTAGAC	oligodendrocyte_OPC
TCATGCCTCGTTCAGA	unresolved
TCATGCCTCTTCCCGA	neuronal
TCATGGAGTAGTATAG	oligodendrocyte_OPC
TCATGTTCATTGTACG	oligodendrocyte_OPC
TCATTACCAGCAATTC	astrocyte
TCATTACCATGACACT	unresolved
TCATTCAAGCTTAGTC	neuronal
TCATTCATCAGCAATC	neuronal
TCATTGTGTCTTCTAT	neuronal
TCATTGTGTTCCGCTT	oligodendrocyte_OPC
TCATTGTTCTTCCCAG	unresolved
TCATTTGAGCGATCGA	unresolved
TCCACCAAGCCGCACT	unresolved
TCCACCAGTGCTAGCC	unresolved
TCCACCATCTGTCCCA	neuronal
TCCACGTCAATCTAGC	unresolved
TCCACGTTCCCGGTAG	oligodendrocyte_OPC
TCCAGAAAGCGGGTAT	unresolved
TCCAGAAGTGTCGATT	astrocyte
TCCATCGAGCATGGGT	vascular
TCCCACACACATAACC	oligodendrocyte_OPC
TCCCACACACGGGCTT	astrocyte
TCCCAGTAGCAATAAC	neuronal
TCCCAGTTCCGTGGCA	unresolved
TCCCATGGTGCTTATG	astrocyte
TCCCATGGTTCACCGG	oligodendrocyte_OPC
TCCGAAATCGCGAAGA	unresolved
TCCGATCCAATGTCTG	unresolved
TCCGGGAAGGTTACCT	neuronal
TCCGGGATCGGCGATC	oligodendrocyte_OPC
TCCTAATAGGTTTGAA	ambiguous_or_doublet
TCCTAATAGTCGAATA	ambiguous_or_doublet
TCCTAATAGTGACACG	astrocyte
TCCTAATGTAGTGCGA	oligodendrocyte_OPC
TCCTAATGTGCCTGCA	neuronal
TCCTAATGTGTCCACG	unresolved
TCCTCCCAGGAAGAAC	oligodendrocyte_OPC
TCCTCCCAGGGTGGGA	unresolved
TCCTCCCAGTCTTGGT	vascular
TCCTCCCGTGTTTCTT	oligodendrocyte_OPC
TCCTCCCTCCACCCTA	oligodendrocyte_OPC
TCCTCGACAGCAGACA	unresolved
TCCTCTTAGTCATTGC	astrocyte
TCCTGCACAACGACAG	unresolved
TCCTGCAGTAAGACCG	unresolved
TCCTGCATCCAGTACA	astrocyte
TCCTGCATCTTTCCAA	neuronal
TCCTTCTAGCACCGTC	unresolved
TCCTTCTTCGATGGAG	unresolved
TCCTTTCCACAACGAG	oligodendrocyte_OPC
TCGAAGTAGCCAGTAG	oligodendrocyte_OPC
TCGAAGTAGCTAAATG	unresolved
TCGAAGTCAGCGCGTT	oligodendrocyte_OPC
TCGAAGTGTCCGTTTC	unresolved
TCGAAGTGTTCTCACC	neuronal
TCGACCTAGAGGCTGT	unresolved
TCGACGGCAGTCCCGA	astrocyte
TCGATTTCATATGCGT	unresolved
TCGATTTGTTCAACGT	astrocyte
TCGATTTTCACTGAAC	astrocyte
TCGCACTAGCCACTCG	oligodendrocyte_OPC
TCGCACTGTGAACCGA	unresolved
TCGCAGGAGGTCCAGA	neuronal
TCGCAGGAGTCACACT	neuronal
TCGCAGGTCCGGTTCT	unresolved
TCGCTCAGTAGCTCGC	ambiguous_or_doublet
TCGCTCAGTGTCGCTG	ambiguous_or_doublet
TCGCTTGCAGCGCGTT	ambiguous_or_doublet
TCGCTTGGTCAAGCCC	unresolved
TCGGATAAGGCCTAGA	unresolved
TCGGATAAGTCACTAC	ambiguous_or_doublet
TCGGATATCAAGCTGT	unresolved
TCGGATATCTGCCTGT	unresolved
TCGGGACGTTATGACC	unresolved
TCGGGACTCGCGCTGA	oligodendrocyte_OPC
TCGGGCAAGACCATGG	unresolved
TCGGGCAGTGTTGACT	neuronal
TCGGGCATCCTGGCTT	unresolved
TCGGGTGCATCGATGT	neuronal
TCGGGTGTCACCTACC	vascular
TCGGTCTAGAGGGTAA	ambiguous_or_doublet
TCGGTCTTCAATCTCT	oligodendrocyte_OPC
TCGTAGAAGAGTACCG	unresolved
TCGTAGACAACCCTCT	unresolved
TCGTAGACATGGCACC	ambiguous_or_doublet
TCGTGCTTCCTTCTTC	unresolved
TCTAACTAGCCTATTG	unresolved
TCTAACTTCGATAACC	astrocyte
TCTACATGTAGTTAGA	neuronal
TCTACATGTATAATGG	unresolved
TCTACATGTTCGGTCG	unresolved
TCTACCGAGAGTGTTA	unresolved
TCTACCGAGCCACTCG	neuronal
TCTACCGAGGCAGTCA	oligodendrocyte_OPC
TCTACCGAGTTGGCTT	microglia_immune
TCTACCGGTAGATTGA	unresolved
TCTACCGTCTCATGGA	unresolved
TCTATCAAGCATGCAG	unresolved
TCTATCAAGTCTCCTC	unresolved
TCTCACGGTGCGACAA	oligodendrocyte_OPC
TCTCAGCTCTTCCGTG	unresolved
TCTCCGAAGACATGCG	oligodendrocyte_OPC
TCTCCGACACTTGTCC	neuronal
TCTCCGACAGGATTCT	neuronal
TCTCCGATCCAACACA	neuronal
TCTCCGATCCCAATAG	neuronal
TCTCCGATCCGGTAAT	neuronal
TCTCTGGGTCCTACAA	microglia_immune
TCTGCCATCCTTCTAA	unresolved
TCTGGCTAGCTACTGT	unresolved
TCTGGCTAGCTGTACT	astrocyte
TCTGGCTCAGCCTTCT	unresolved
TCTGTCGGTAGCTGCC	astrocyte
TCTGTCGGTCCGCAGT	unresolved
TCTGTCGTCCATAGGT	unresolved
TCTGTCGTCGCGAAGA	unresolved
TCTTAGTAGACAGCGT	microglia_immune
TCTTAGTCAAGAATAC	unresolved
TCTTAGTCAGCCGTCA	unresolved
TCTTAGTTCGATTGAC	oligodendrocyte_OPC
TCTTCCTCAATGACCT	astrocyte
TCTTCCTGTGTCATGT	unresolved
TCTTGCGTCACTACTT	unresolved
TCTTTGAAGCCTCAGC	oligodendrocyte_OPC
TGAATCGTCGATGGAG	astrocyte
TGAATGCAGCAGCACA	unresolved
TGAATGCAGGCAATGC	oligodendrocyte_OPC
TGAATGCAGGCATCTT	unresolved
TGACAGTAGAATCGCG	neuronal
TGACAGTAGTATCTGC	neuronal
TGACGCGAGGCTCTAT	unresolved
TGACGCGTCACTCTTA	oligodendrocyte_OPC
TGACGCGTCTCAGAAC	oligodendrocyte_OPC
TGACTCCAGTCATAGA	astrocyte
TGACTCCCAAACTCGT	unresolved
TGACTCCCAGTTTCGA	unresolved
TGACTCCTCTCAACGA	neuronal
TGAGACTCATCGCTCT	oligodendrocyte_OPC
TGAGCATAGAGAACCC	astrocyte
TGAGCATGTACAGTAA	unresolved
TGAGCATGTGCTCGTG	unresolved
TGAGCGCAGCCGATAG	unresolved
TGAGCGCAGTCAACAA	ambiguous_or_doublet
TGAGCGCCACATCCCT	unresolved
TGAGGAGGTTGGGACA	astrocyte
TGAGGGACAAGTACCT	astrocyte
TGAGGGACAATTGCCA	oligodendrocyte_OPC
TGAGGGATCCGATAGT	unresolved
TGAGTCAAGCTGTACT	unresolved
TGAGTCACACAACGCC	unresolved
TGAGTCAGTTCCACAA	unresolved
TGAGTCAGTTCTCACC	unresolved
TGATCAGAGAGGTTAT	unresolved
TGATCTTCAAGTGACG	neuronal
TGATGCAAGCTACGTT	oligodendrocyte_OPC
TGATGCATCGAGTCTA	unresolved
TGATGCATCTGTCCGT	neuronal
TGATGGTAGACATAAC	unresolved
TGATGGTCAAGATTGA	ambiguous_or_doublet
TGATGGTGTTAGAGTA	neuronal
TGATGGTTCATCGTAG	unresolved
TGATTCTGTCGGAAAC	neuronal
TGATTTCGTACGTGAG	astrocyte
TGCACGGGTTACACTG	unresolved
TGCACGGGTTTCGATG	unresolved
TGCAGATCACACGGAA	unresolved
TGCAGATGTTATCTTC	astrocyte
TGCAGATTCCTCTCTT	oligodendrocyte_OPC
TGCAGATTCTCCATAT	neuronal
TGCAGGCCACATGAAA	unresolved
TGCAGTATCTTCTGTA	neuronal
TGCATCCAGACAACAT	ambiguous_or_doublet
TGCATGAGTGTCGATT	astrocyte
TGCATGATCCTGTTAT	astrocyte
TGCCGAGAGAGTTGTA	unresolved
TGCCGAGGTAGATTGA	astrocyte
TGCGACGAGTAACCGG	oligodendrocyte_OPC
TGCGACGGTGATAGTA	astrocyte
TGCGATAAGTGTTGAA	unresolved
TGCGATATCCTAACAG	unresolved
TGCGGCAAGATGCTTC	astrocyte
TGCGGCAGTAAGTTAG	oligodendrocyte_OPC
TGCGGCAGTCGATTCA	unresolved
TGCGGCAGTGGTCTGC	oligodendrocyte_OPC
TGCGGCATCTGGTTGA	unresolved
TGCGGGTCACACCGAC	microglia_immune
TGCGGGTGTGACGCCT	oligodendrocyte_OPC
TGCTCCAAGGTGTGAC	unresolved
TGCTCGTAGGCACGAT	unresolved
TGCTCGTCAGGCCCTA	oligodendrocyte_OPC
TGCTTCGGTGTATACC	neuronal
TGCTTGCAGCCACTCG	oligodendrocyte_OPC
TGCTTGCCAACAAGTA	oligodendrocyte_OPC
TGCTTGCGTGAATAAC	unresolved
TGCTTGCTCTGACGCG	astrocyte
TGGAACTCATGACAGG	microglia_immune
TGGAGAGAGGGAGTTC	unresolved
TGGAGGACAGTTTGGT	unresolved
TGGAGGAGTACGGTTT	unresolved
TGGAGGAGTATCCTTT	astrocyte
TGGAGGAGTTCTCGCT	unresolved
TGGATCAGTACGCGTC	microglia_immune
TGGATCAGTGATAGAT	unresolved
TGGATGTAGAAGTATC	unresolved
TGGATGTAGTGGGAAA	unresolved
TGGATGTCACAGACGA	vascular
TGGATGTGTGAGGCAT	neuronal
TGGCGTGAGTCGCGAA	neuronal
TGGGAAGAGAATCGAT	unresolved
TGGGAAGAGCCTCTTC	neuronal
TGGGAAGAGCTGAGTG	unresolved
TGGGAAGCATAGGTTC	astrocyte
TGGGAAGGTAGACGGT	unresolved
TGGGAGAAGAATAGTC	astrocyte
TGGGAGAAGGACGCTA	neuronal
TGGGAGAAGTAGGGTC	oligodendrocyte_OPC
TGGGAGACAGCAGTAG	neuronal
TGGGATTAGTGGTGAC	vascular
TGGGATTGTGTGTCGC	unresolved
TGGGATTTCCCTCAAC	neuronal
TGGGCGTAGCGAAACC	unresolved
TGGGCTGAGTAACAGT	unresolved
TGGGCTGAGTTTAGGA	oligodendrocyte_OPC
TGGGCTGCATGGAACG	unresolved
TGGGCTGCATTCATCT	unresolved
TGGGCTGGTACGACAG	unresolved
TGGGTTACATGTGACT	unresolved
TGGGTTAGTTCCTACC	oligodendrocyte_OPC
TGGTACACACACACGC	unresolved
TGGTAGTAGCGACAGT	oligodendrocyte_OPC
TGGTAGTCACACCGAC	neuronal
TGGTAGTGTAACGGTG	neuronal
TGGTAGTGTTCGGGTC	unresolved
TGGTGATCACCTCGTT	unresolved
TGGTGATCATTGCAAC	astrocyte
TGGTTAGAGCTTTCTT	unresolved
TGGTTAGCATGGACAG	astrocyte
TGGTTAGGTTGCGAAG	unresolved
TGGTTAGTCAATCGGT	oligodendrocyte_OPC
TGGTTAGTCAGCTCTC	astrocyte
TGGTTAGTCTCATAGG	unresolved
TGTAACGAGGTAAGTT	unresolved
TGTAACGAGTGCAGGT	neuronal
TGTAAGCTCCTGGTCT	neuronal
TGTACAGAGGTTAGTA	unresolved
TGTACAGGTTATCTTC	unresolved
TGTACAGTCCTACCAC	unresolved
TGTAGACAGCGACCCT	neuronal
TGTAGACAGGATACAT	neuronal
TGTAGACGTTCAGTAC	unresolved
TGTAGACTCATACGAC	unresolved
TGTCAGACAACCTATG	neuronal
TGTCAGATCCTGTTGC	unresolved
TGTCCACCAGTCAGAG	unresolved
TGTCCACCAGTCAGCC	unresolved
TGTCCACTCGTTCTCG	ambiguous_or_doublet
TGTCCTGAGCTTTGTG	oligodendrocyte_OPC
TGTCCTGAGTCATCCA	vascular
TGTCCTGCACGTCGGT	neuronal
TGTCCTGCAGCATCTA	unresolved
TGTCCTGGTTCGTTCC	unresolved
TGTCCTGTCTGCCTCA	unresolved
TGTGAGTCAAGAAATC	unresolved
TGTGAGTCACTAGGTT	neuronal
TGTGCGGCAACATCGT	neuronal
TGTGCGGGTACGCTTA	astrocyte
TGTGGCGAGCATACTC	unresolved
TGTGGCGGTGAGTAGC	astrocyte
TGTGTGAAGACTACGG	unresolved
TGTGTGACAACCCTCT	unresolved
TGTGTGAGTCCACATA	oligodendrocyte_OPC
TGTTACTTCTGGCCTT	neuronal
TGTTCATAGAGGCTGT	neuronal
TGTTCATCAGTTTCAG	astrocyte
TGTTCATTCTTAATCC	vascular
TGTTCCGCACATCATG	neuronal
TGTTCTACACACCTGG	neuronal
TGTTCTAGTCCGGTCA	unresolved
TGTTGAGTCATTGTTC	neuronal
TGTTGAGTCGGAGTGA	microglia_immune
TGTTGAGTCTCCATAT	unresolved
TGTTGGACAGGGATAC	astrocyte
TGTTGGAGTCATTGCA	unresolved
TGTTGGAGTTAGCTAC	neuronal
TGTTGGATCCAATGCA	unresolved
TGTTGGATCCATTGCC	neuronal
TGTTGGATCCTTTGAT	unresolved
TGTTTGTAGACATAGT	neuronal
TGTTTGTTCTTCCAGC	astrocyte
TTACAGGAGTTGTAAG	ambiguous_or_doublet
TTACAGGGTAACACGG	neuronal
TTACCATCACCACTGG	neuronal
TTACCGCCATACGCAT	astrocyte
TTACCGCTCAAGTGTC	astrocyte
TTACCGCTCTGGTGGC	oligodendrocyte_OPC
TTACGCCCATCATGAC	astrocyte
TTACGCCGTAGCCCTG	neuronal
TTACGCCGTCGGTAAG	oligodendrocyte_OPC
TTACGCCGTGAAAGTT	unresolved
TTACGTTGTCGCAACC	unresolved
TTACGTTTCATGACAC	astrocyte
TTACGTTTCGCCGTGA	neuronal
TTACTGTAGAATCGCG	oligodendrocyte_OPC
TTACTGTGTGAGTTTC	unresolved
TTACTGTTCCGCACTT	neuronal
TTACTGTTCTAGATCG	astrocyte
TTAGTCTAGCGATGGT	unresolved
TTAGTCTCATTCTTCA	unresolved
TTATTGCTCTGAGATC	astrocyte
TTCAATCGTGCAACAG	vascular
TTCACCGAGAAATCCA	unresolved
TTCACCGAGATCACCT	neuronal
TTCACCGCAAAGACGC	unresolved
TTCACCGCACCGTGGT	oligodendrocyte_OPC
TTCACCGTCAGTGGGA	unresolved
TTCACCGTCTGGACCG	neuronal
TTCACGCCAGTAACGG	astrocyte
TTCACGCCAGTCTTCC	neuronal
TTCACGCGTCTGCCTT	microglia_immune
TTCATGTCAGCAGTTT	astrocyte
TTCATGTGTGACAGGT	ambiguous_or_doublet
TTCATGTTCATTACTC	unresolved
TTCATGTTCGGCCAAC	neuronal
TTCATTGCATACAGGG	unresolved
TTCATTGTCCGTGTCT	ambiguous_or_doublet
TTCATTGTCTTGGATG	microglia_immune
TTCCAATAGTAAGACT	unresolved
TTCCAATCATGACTGT	neuronal
TTCCAATTCGTGTCAA	unresolved
TTCCACGAGTATTAGG	neuronal
TTCCACGTCTAGTGTG	neuronal
TTCCGTGAGACATGCG	neuronal
TTCCGTGCACCTTCCA	neuronal
TTCCGTGCAGCGAGTA	neuronal
TTCCGTGGTAGCGATG	unresolved
TTCCGTGTCAATCCGA	astrocyte
TTCCGTGTCCGGTAGC	unresolved
TTCCTAATCCGCACGA	unresolved
TTCCTCTAGGACATCG	unresolved
TTCCTTCAGTTACGAA	unresolved
TTCGATTAGCGTTCAT	unresolved
TTCGATTCAGACCCGT	unresolved
TTCGATTTCCTCTGCA	neuronal
TTCGATTTCTGCGAGC	astrocyte
TTCGCTGCAACAGAGC	unresolved
TTCGCTGCAGACGCTC	unresolved
TTCGCTGCATACAGGG	unresolved
TTCGCTGTCAAGCGTT	astrocyte
TTCTAACAGAAGCCAC	oligodendrocyte_OPC
TTCTAACAGACCTCCG	neuronal
TTCTAACTCAAGCCGC	astrocyte
TTCTAACTCGAGAATA	oligodendrocyte_OPC
TTCTAGTAGATCCAAA	neuronal
TTCTAGTAGGTCGTGA	oligodendrocyte_OPC
TTCTAGTCACTGCATA	unresolved
TTCTCTCAGAAGCTCG	unresolved
TTCTCTCAGGATCATA	oligodendrocyte_OPC
TTCTCTCTCGGTCGAC	unresolved
TTCTGTAGTGGAATGC	unresolved
TTCTGTATCCTCATAT	neuronal
TTCTGTATCGAACGGA	unresolved
TTCTTCCAGTGATTCC	unresolved
TTCTTCCGTAACCCTA	unresolved
TTCTTCCTCCCAGTGG	ambiguous_or_doublet
TTCTTGAAGTTATGGA	unresolved
TTCTTGACAGACTGCC	unresolved
TTCTTGAGTCATAGTC	unresolved
TTCTTGATCCCTCTCC	astrocyte
TTCTTGATCGGCCCAA	oligodendrocyte_OPC
TTGAACGCAGCGAGTA	unresolved
TTGAACGCATCAGCTA	neuronal
TTGAACGTCCGCACGA	neuronal
TTGACCCCAGCGCGTT	oligodendrocyte_OPC
TTGACCCTCAATCGGT	unresolved
TTGACCCTCGTAGTCA	unresolved
TTGAGTGCACTGGATT	microglia_immune
TTGAGTGCATGCAGCC	astrocyte
TTGATGGAGTGGTTCT	astrocyte
TTGCATTAGCTCCCTT	neuronal
TTGCCTGAGCAATTCC	neuronal
TTGCCTGGTCTACGAT	unresolved
TTGCGTCCAGTGCCTG	unresolved
TTGCGTCCATATCTGG	unresolved
TTGCGTCGTCGACGCT	unresolved
TTGCGTCTCACTTCTA	unresolved
TTGGATGCACCCAATA	neuronal
TTGGATGTCTGTGCGG	unresolved
TTGGGATCATGCACTA	oligodendrocyte_OPC
TTGGGATCATGGAATA	astrocyte
TTGGGATGTACCCGAC	unresolved
TTGGGTAAGCAACTCT	unresolved
TTGGGTAAGTCGAATA	astrocyte
TTGGGTACACTCTAGA	unresolved
TTGGGTAGTTTAGTCG	neuronal
TTGGGTATCACTCGAA	astrocyte
TTGGTTTAGATGGTAT	neuronal
TTGGTTTCACTGCACG	unresolved
TTGTGGAAGTGATAGT	microglia_immune
TTGTGGACACATAACC	neuronal
TTGTGGAGTGAGAGGG	neuronal
TTGTGTTAGGAACGCT	unresolved
TTGTGTTGTCTGTCCT	oligodendrocyte_OPC
TTGTGTTTCCCGGTAG	unresolved
TTGTGTTTCCGTAATG	neuronal
TTGTTCATCGCCGAAC	unresolved
TTGTTGTCATACCATG	astrocyte
TTGTTGTCATGACTTG	unresolved
TTGTTGTGTAGTCGGA	oligodendrocyte_OPC
TTGTTGTGTTACCCTC	unresolved
TTGTTGTTCGATGGAG	unresolved
TTGTTTGTCGCCAATA	astrocyte
TTTACCACACTTCCTG	unresolved
TTTACGTCAAGTGTCT	oligodendrocyte_OPC
TTTACTGGTATCTCTT	unresolved
TTTAGTCGTGGTAATA	astrocyte
TTTATGCAGCACAAAT	neuronal
TTTATGCTCACCTACC	unresolved
TTTATGCTCTCGGCTT	neuronal
TTTCACAGTCCTACAA	unresolved
TTTCAGTAGCTCGGCT	neuronal
TTTCAGTAGGAGAGTA	unresolved
TTTCAGTCACGTCGGT	astrocyte
TTTCAGTCAGTTGGTT	oligodendrocyte_OPC
TTTCAGTTCTCTCTTC	neuronal
TTTCCTCCAAATCGGG	vascular
TTTCCTCGTTGTTTGG	unresolved
TTTCCTCTCACACGAT	unresolved
TTTCGATAGATCCGAG	neuronal
TTTGACTCATCGAGCC	unresolved
TTTGATCAGAGATTCA	unresolved
TTTGATCAGGGCATGT	unresolved
TTTGATCCACTACTTT	astrocyte
TTTGATCGTGTCACAT	unresolved
TTTGGAGAGACAAGCC	unresolved
TTTGGAGCAAAGCGTG	vascular
TTTGGAGCACTCGATA	neuronal
TTTGGAGTCAGTCACA	ambiguous_or_doublet
TTTGGAGTCGGCTTCT	oligodendrocyte_OPC
TTTGGTTGTGACTCTA	unresolved
TTTGTTGAGGATGCGT	astrocyte
TTTGTTGAGTCTCCTC	oligodendrocyte_OPC
TTTGTTGAGTGAGGTC	oligodendrocyte_OPC
TTTGTTGCAACCCGCA	unresolved
TTTGTTGGTCGGATTT	astrocyte
TTTGTTGGTGGCTACC	unresolved
