gene_id	gene_name	gene_type	chrom	start	end	strand	d0_gene_umis	d1_gene_umis	stratum	matched	matched_candidate	candidate_umis	permissive_any_overlap	d1_expression	d1_discovery	polyasite	star_splice
ENSG00000308579	ENSG00000308579	lncRNA	chr1	134913	136246	-	92	313	same_strand	1	D0_003359	174	1	1	1	0	0
ENSG00000310527	WASH9P	lncRNA	chr1	182145	201244	-	358	1929	same_strand	1	D0_016193	57	1	1	1	1	1
ENSG00000293188	ENSG00000293188	lncRNA	chr1	1724193	1736519	+	57	288	same_strand	0		0	0	1	1	1	1
ENSG00000293478	GFOD3P	lncRNA	chr1	3735510	3747373	-	57	274	same_strand	0		0	0	1	0	1	0
ENSG00000310107	ENSG00000310107	lncRNA	chr1	8893870	8926885	-	52	265	same_strand	1	D0_017968	31	1	1	1	1	1
ENSG00000290109	ENSG00000290109	lncRNA	chr1	8970489	8971246	-	65	799	antisense_only	1	D0_013826	80	1	1	1	0	0
ENSG00000289380	ENSG00000289380	lncRNA	chr1	13757777	13758465	+	220	1298	same_strand	1	D0_001694	252	1	1	1	0	0
ENSG00000291072	ENSG00000291072	lncRNA	chr1	16618252	16680618	-	215	910	same_strand	1	D0_006891	119	1	1	1	1	1
ENSG00000290122	ENSG00000290122	lncRNA	chr1	16904952	16905828	+	222	943	same_strand	1	D0_001624	258	1	1	1	1	0
ENSG00000294734	ENSG00000294734	lncRNA	chr1	27666072	27666312	+	52	228	antisense_only	1	D0_015383	75	1	1	1	1	0
ENSG00000291129	PPIEL	lncRNA	chr1	39522279	39559698	-	57	290	same_strand	0		0	0	1	1	1	1
ENSG00000296912	ENSG00000296912	lncRNA	chr1	40388737	40390662	+	135	435	same_strand	1	D0_004531	150	1	1	1	1	0
ENSG00000288826	ENSG00000288826	lncRNA	chr1	99912909	100038042	-	102	538	same_strand	1	D0_021168	17	1	1	1	1	0
ENSG00000290569	ENSG00000290569	lncRNA	chr1	120230345	120354593	-	62	347	same_strand	1	D0_005293	138	1	1	1	1	0
ENSG00000291135	FCGR1BP	lncRNA	chr1	121042601	121103109	+	62	283	same_strand	0		0	0	1	0	1	1
ENSG00000294260	ENSG00000294260	lncRNA	chr1	143975122	144047409	+	103	297	same_strand	1	D0_007940	110	1	1	1	0	0
ENSG00000290867	LINC01145	lncRNA	chr1	145116452	145217352	-	148	763	same_strand	1	D0_010505	94	1	1	1	1	1
ENSG00000291233	ENSG00000291233	lncRNA	chr1	149168219	149322183	-	74	361	same_strand	1	D0_022584	14	1	1	1	1	1
ENSG00000291158	LINC00869	lncRNA	chr1	149558214	149705722	+	394	1434	same_strand	1	D0_018584	27	1	1	1	1	1
ENSG00000301565	ENSG00000301565	lncRNA	chr1	149607347	149608640	-	239	1116	antisense_only	1	D0_001495	270	1	1	1	0	1
ENSG00000290791	ENSG00000290791	lncRNA	chr1	149842157	149846719	+	206	958	same_strand	0		0	0	1	1	1	1
ENSG00000290792	ENSG00000290792	lncRNA	chr1	149844497	149850937	-	84	378	same_strand	0		0	0	1	0	1	0
ENSG00000288859	H2AC19	protein_coding	chr1	149851060	149851652	+	326	1485	same_strand	1	D0_006722	121	1	1	1	1	0
ENSG00000294841	ENSG00000294841	lncRNA	chr1	151946019	151946965	+	233	1401	same_strand	1	D0_001335	288	1	1	1	0	0
ENSG00000298630	ENSG00000298630	lncRNA	chr1	160317287	160318508	+	73	229	same_strand	0		0	0	1	1	1	0
ENSG00000310471	ENSG00000310471	lncRNA	chr1	161606167	161609140	+	98	183	same_strand	1	D0_004838	145	1	1	1	1	0
ENSG00000293109	ANKRD36BP1	lncRNA	chr1	168245564	168247343	-	147	821	same_strand	0		0	0	1	0	0	0
ENSG00000303114	ENSG00000303114	lncRNA	chr1	194157781	194289708	-	57	261	antisense_only	1	D0_017542	35	1	1	1	1	1
ENSG00000288925	ENSG00000288925	lncRNA	chr1	203288316	203290686	-	149	984	antisense_only	1	D0_003063	183	1	1	1	1	0
ENSG00000293455	ENSG00000293455	lncRNA	chr1	206035246	206062257	+	55	151	same_strand	1	D0_002878	189	1	1	1	1	1
ENSG00000296425	ENSG00000296425	lncRNA	chr1	206207735	206214435	-	94	417	antisense_only	0		0	0	1	1	0	0
ENSG00000288999	ENSG00000288999	lncRNA	chr1	223846048	223849257	+	51	182	clean	1	D0_013851	80	1	1	1	1	0
ENSG00000290989	SEPTIN7P13	lncRNA	chr1	223992688	224034952	+	71	403	same_strand	1	D0_003123	181	1	1	1	1	0
ENSG00000289341	ENSG00000289341	lncRNA	chr1	225999460	226001134	+	1571	11106	clean	1	D0_000098	1894	1	1	1	0	0
ENSG00000303740	ENSG00000303740	lncRNA	chr1	234610482	234610878	-	313	2132	clean	1	D0_000650	428	1	1	1	1	0
ENSG00000289055	ENSG00000289055	lncRNA	chr1	244026466	244048286	-	165	691	antisense_only	1	D0_003789	164	1	1	1	1	0
ENSG00000305299	ENSG00000305299	lncRNA	chr1	244970846	244971596	+	63	414	same_strand	1	D0_007444	114	1	1	1	1	0
ENSG00000290683	ENSG00000290683	lncRNA	chr1	247189320	247210904	-	108	462	same_strand	1	D0_015102	76	1	1	1	1	1
ENSG00000298309	ENSG00000298309	lncRNA	chr10	3783643	3784023	-	159	382	same_strand	1	D0_001577	264	1	1	1	1	0
ENSG00000298322	ENSG00000298322	lncRNA	chr10	3784150	3784494	+	182	769	antisense_only	1	D0_001590	262	1	1	1	0	0
ENSG00000288915	ENSG00000288915	lncRNA	chr10	6492438	6493380	+	59	309	antisense_only	0		0	0	1	1	1	1
ENSG00000310009	ENSG00000310009	lncRNA	chr10	11208549	11210948	+	84	286	same_strand	1	D0_002010	231	1	1	1	1	0
ENSG00000306852	ENSG00000306852	lncRNA	chr10	13302179	13302968	+	110	1252	antisense_only	1	D0_002701	196	1	1	1	1	0
ENSG00000289528	ENSG00000289528	lncRNA	chr10	21695950	21697122	+	77	283	same_strand	1	D0_010191	96	1	1	1	0	0
ENSG00000291093	SVIL-AS1	lncRNA	chr10	29409401	29561881	+	111	579	same_strand	0		0	0	1	1	1	1
ENSG00000291056	SEPTIN7P9	lncRNA	chr10	38383021	38402940	-	61	299	same_strand	0		0	0	1	1	1	0
ENSG00000293313	ZNF37BP	lncRNA	chr10	42513509	42552900	-	195	1044	same_strand	1	D0_014013	80	1	1	1	1	0
ENSG00000291069	BMS1P1	lncRNA	chr10	46786673	46815125	+	118	644	same_strand	1	D0_020615	19	1	1	1	1	0
ENSG00000290898	AGAP12P	lncRNA	chr10	48006763	48031969	-	52	216	same_strand	1	D0_016358	53	1	1	1	1	0
ENSG00000289444	ENSG00000289444	lncRNA	chr10	48035879	48140480	-	124	527	same_strand	1	D0_015820	70	1	1	1	1	0
ENSG00000291043	ENSG00000291043	lncRNA	chr10	73729430	73744195	+	73	288	same_strand	1	D0_016284	55	1	1	1	1	1
ENSG00000297649	ENSG00000297649	lncRNA	chr10	96737493	96751051	+	173	911	same_strand	1	D0_017055	41	1	1	1	1	0
ENSG00000307215	ENSG00000307215	lncRNA	chr10	124083487	124092745	-	87	304	same_strand	1	D0_012891	84	1	1	1	1	0
ENSG00000291144	ENSG00000291144	lncRNA	chr11	4393736	4520905	+	76	260	same_strand	1	D0_020982	18	1	1	1	1	1
ENSG00000291143	ENSG00000291143	lncRNA	chr11	6700309	6746524	-	273	1454	same_strand	1	D0_001411	279	1	1	1	1	1
ENSG00000309351	ENSG00000309351	lncRNA	chr11	58575938	58578949	-	123	692	same_strand	1	D0_020986	18	1	1	1	1	1
ENSG00000293352	RPLP0P2	lncRNA	chr11	61614986	61639449	+	105	345	same_strand	0		0	0	1	0	1	0
ENSG00000305830	ENSG00000305830	lncRNA	chr11	65413310	65422893	-	276	2271	antisense_only	1	D0_000553	472	1	1	1	1	0
ENSG00000290057	ENSG00000290057	lncRNA	chr11	65416553	65422273	+	259	1723	clean	1	D0_000906	361	1	1	1	1	1
ENSG00000291174	FAUP4	lncRNA	chr11	65455191	65472515	+	144	676	same_strand	1	D0_008744	105	1	1	1	1	1
ENSG00000289259	ENSG00000289259	lncRNA	chr11	65471171	65472267	-	66	346	clean	1	D0_003854	163	1	1	1	0	0
ENSG00000289740	TALAM1	lncRNA	chr11	65499044	65507432	-	1657	12487	antisense_only	1	D0_000222	844	1	1	1	1	0
ENSG00000289339	ENSG00000289339	lncRNA	chr11	65575329	65575964	-	86	383	clean	1	D0_007502	114	1	1	1	1	0
ENSG00000305207	ENSG00000305207	lncRNA	chr11	65890075	65890525	-	50	179	clean	1	D0_011244	91	1	1	1	1	0
ENSG00000309414	ENSG00000309414	lncRNA	chr11	68002867	68007028	+	59	210	antisense_only	1	D0_014339	79	1	1	1	1	1
ENSG00000288528	ENSG00000288528	lncRNA	chr11	102315894	102328586	-	128	883	antisense_only	1	D0_003323	176	1	1	1	1	0
ENSG00000288833	ENSG00000288833	lncRNA	chr11	102345145	102347609	-	51	505	antisense_only	1	D0_016105	60	1	1	1	1	0
ENSG00000291173	CASP4LP	lncRNA	chr11	104901547	104919073	-	188	733	same_strand	0		0	0	1	0	1	1
ENSG00000290285	ENSG00000290285	lncRNA	chr12	274820	276722	+	82	537	antisense_only	1	D0_011676	89	1	1	1	0	0
ENSG00000294711	ENSG00000294711	lncRNA	chr12	7963613	7970751	-	86	396	antisense_only	1	D0_005688	133	1	1	1	1	0
ENSG00000294692	ENSG00000294692	lncRNA	chr12	8018747	8027755	+	56	567	antisense_only	1	D0_016062	61	1	1	1	1	1
ENSG00000293488	ENSG00000293488	lncRNA	chr12	9702181	9740383	-	103	203	same_strand	1	D0_021000	18	1	1	1	1	1
ENSG00000309675	ENSG00000309675	lncRNA	chr12	10212649	10213506	-	51	166	antisense_only	0		0	0	1	1	1	0
ENSG00000290048	ENSG00000290048	lncRNA	chr12	12482467	12484149	+	105	552	antisense_only	1	D0_003286	177	1	1	1	1	1
ENSG00000289928	ENSG00000289928	lncRNA	chr12	25385655	25387554	+	109	593	antisense_only	1	D0_003713	166	1	1	1	0	0
ENSG00000288710	ENSG00000288710	protein_coding	chr12	49002273	49024075	-	95	305	same_strand	1	D0_014951	77	1	1	1	1	1
ENSG00000293248	ENSG00000293248	lncRNA	chr12	51124098	51125385	-	70	340	same_strand	0		0	0	1	1	1	0
ENSG00000293491	TMEM198B	lncRNA	chr12	55829607	55836258	+	73	389	same_strand	0		0	0	1	0	1	1
ENSG00000297826	ENSG00000297826	lncRNA	chr12	64663936	64680369	-	99	629	antisense_only	1	D0_001264	298	1	1	1	1	0
ENSG00000289319	ENSG00000289319	lncRNA	chr12	65122766	65169558	-	133	743	antisense_only	1	D0_003428	173	1	1	1	1	0
ENSG00000289283	ENSG00000289283	lncRNA	chr12	70317611	70318920	+	51	124	same_strand	0		0	0	1	1	0	0
ENSG00000289437	ENSG00000289437	lncRNA	chr12	95260098	95261021	+	58	180	same_strand	0		0	0	1	1	1	0
ENSG00000297173	ENSG00000297173	lncRNA	chr12	101876710	101877492	-	66	322	clean	1	D0_005848	131	1	1	1	0	0
ENSG00000288744	ENSG00000288744	lncRNA	chr12	103965892	103966794	+	51	394	same_strand	0		0	0	1	1	1	0
ENSG00000291171	ENSG00000291171	lncRNA	chr12	132084253	132131639	+	102	573	same_strand	0		0	0	1	1	1	1
ENSG00000290476	SUGT1P3	lncRNA	chr13	40798367	40921891	-	274	1272	same_strand	1	D0_006586	123	1	1	1	1	1
ENSG00000295871	ENSG00000295871	lncRNA	chr13	50123325	50124196	-	115	688	same_strand	1	D0_001412	279	1	1	1	1	0
ENSG00000304722	ENSG00000304722	lncRNA	chr13	114055489	114058392	-	66	352	same_strand	1	D0_013175	83	1	1	1	0	0
ENSG00000304656	ENSG00000304656	lncRNA	chr13	114076938	114134664	-	59	334	same_strand	1	D0_001778	247	1	1	1	1	1
ENSG00000290292	HOMEZ	protein_coding	chr14	23272421	23299796	-	56	255	same_strand	0		0	0	1	1	1	0
ENSG00000293497	ENSG00000293497	lncRNA	chr14	34911285	34983340	-	139	689	same_strand	1	D0_021026	18	1	1	1	1	1
ENSG00000289424	ENSG00000289424	lncRNA	chr14	52269178	52315491	-	193	707	antisense_only	1	D0_015849	69	1	1	1	1	1
ENSG00000288928	ENSG00000288928	lncRNA	chr14	61711206	61712972	+	268	682	same_strand	1	D0_001376	283	1	1	1	1	0
ENSG00000289340	ENSG00000289340	lncRNA	chr14	75257264	75259078	-	814	7404	same_strand	1	D0_000214	865	1	1	1	1	0
ENSG00000294598	ENSG00000294598	lncRNA	chr14	98860208	99076177	-	513	1937	same_strand	1	D0_020047	21	1	1	1	1	1
ENSG00000289137	ENSG00000289137	lncRNA	chr14	99281300	99296742	-	85	461	clean	1	D0_009551	100	1	1	1	1	1
ENSG00000290376	HERC2P3	lncRNA	chr15	20370221	20506198	-	56	266	same_strand	1	D0_023661	13	1	1	1	1	0
ENSG00000291003	ENSG00000291003	lncRNA	chr15	22494863	22590832	+	131	485	same_strand	0		0	0	1	1	1	1
ENSG00000290912	ENSG00000290912	lncRNA	chr15	23303720	23314566	+	157	287	same_strand	1	D0_022981	14	1	1	1	1	1
ENSG00000291082	HERC2P9	lncRNA	chr15	28589457	28685272	+	77	246	same_strand	0		0	0	1	1	1	1
ENSG00000290879	ENSG00000290879	lncRNA	chr15	28727675	28764647	+	73	380	same_strand	0		0	0	1	1	1	1
ENSG00000290876	WHAMMP4	lncRNA	chr15	30423658	30514548	+	99	340	same_strand	0		0	0	1	1	1	1
ENSG00000293141	ENSG00000293141	lncRNA	chr15	32492706	32533741	-	153	497	same_strand	1	D0_000990	343	1	1	1	1	1
ENSG00000291053	CATSPER2P1	lncRNA	chr15	43726740	43747104	-	50	223	same_strand	0		0	0	1	1	1	0
ENSG00000289948	ENSG00000289948	lncRNA	chr15	58146495	58146831	-	56	213	same_strand	0		0	0	1	1	0	0
ENSG00000293320	ENSG00000293320	lncRNA	chr15	82372195	82372916	-	600	1884	same_strand	0		0	0	1	1	1	1
ENSG00000291027	UBE2Q2P1	lncRNA	chr15	84507884	84571310	-	54	253	same_strand	0		0	0	1	1	1	1
ENSG00000291159	ENSG00000291159	lncRNA	chr15	84631439	84660091	+	128	712	same_strand	1	D0_012683	85	1	1	1	1	0
ENSG00000289017	ENSG00000289017	lncRNA	chr15	92908003	92909131	+	359	2694	same_strand	1	D0_000691	416	1	1	1	0	0
ENSG00000304654	ENSG00000304654	lncRNA	chr16	2556364	2557687	-	57	333	antisense_only	0		0	0	1	1	1	0
ENSG00000291228	ENSG00000291228	lncRNA	chr16	2603325	2635788	+	95	667	same_strand	0		0	0	1	1	1	1
ENSG00000290192	ENSG00000290192	lncRNA	chr16	21385800	21471843	+	147	720	same_strand	1	D0_010862	93	1	1	1	1	1
ENSG00000291073	ENSG00000291073	lncRNA	chr16	21446682	21520458	-	224	1290	same_strand	1	D0_003111	182	1	1	1	1	1
ENSG00000291066	ENSG00000291066	lncRNA	chr16	21796003	21820656	-	280	2114	same_strand	0		0	0	1	1	1	1
ENSG00000290865	RRN3P3	lncRNA	chr16	22418671	22437715	-	116	428	same_strand	0		0	0	1	1	1	1
ENSG00000291060	ENSG00000291060	lncRNA	chr16	22436737	22492220	+	162	739	same_strand	1	D0_007408	115	1	1	1	1	1
ENSG00000293550	ENSG00000293550	lncRNA	chr16	28605590	28614279	-	75	392	same_strand	0		0	0	1	0	1	1
ENSG00000293832	ENSG00000293832	lncRNA	chr16	29746232	29746465	+	166	638	same_strand	1	D0_002706	196	1	1	1	0	0
ENSG00000291266	SMG1P5	lncRNA	chr16	30285017	30335427	-	201	861	same_strand	0		0	0	1	1	1	0
ENSG00000288983	ENSG00000288983	lncRNA	chr16	30634486	30635572	+	69	481	clean	1	D0_010062	97	1	1	1	1	0
ENSG00000290927	ENSG00000290927	lncRNA	chr16	31700535	31711986	+	123	887	same_strand	0		0	0	1	1	1	0
ENSG00000289119	ENSG00000289119	lncRNA	chr16	48610288	48611254	+	80	921	antisense_only	1	D0_008334	108	1	1	1	1	0
ENSG00000291103	ENSG00000291103	lncRNA	chr16	53351432	53373387	-	152	638	same_strand	1	D0_003583	169	1	1	1	1	1
ENSG00000293016	ENSG00000293016	lncRNA	chr16	61055398	61055964	-	171	821	same_strand	1	D0_000379	593	1	1	1	1	0
ENSG00000289353	ENSG00000289353	lncRNA	chr16	66567155	66568898	+	59	224	same_strand	0		0	0	1	1	1	0
ENSG00000289618	ENSG00000289618	lncRNA	chr16	67999039	67999758	+	52	347	same_strand	0		0	0	1	1	1	0
ENSG00000291263	SMG1P7	lncRNA	chr16	70219481	70226033	-	66	187	same_strand	1	D0_010659	94	1	1	1	1	1
ENSG00000290890	PDPR2P	lncRNA	chr16	74305125	74368276	-	144	663	same_strand	1	D0_012200	87	1	1	1	1	1
ENSG00000293510	AFG3L1P	lncRNA	chr16	89972580	90002161	+	97	513	same_strand	0		0	0	1	1	1	1
ENSG00000289977	ENSG00000289977	lncRNA	chr17	7131201	7167201	+	170	675	same_strand	1	D0_000782	388	1	1	1	1	1
ENSG00000288748	ENSG00000288748	lncRNA	chr17	7835807	7838096	+	68	486	clean	1	D0_006498	124	1	1	1	0	0
ENSG00000301902	ENSG00000301902	lncRNA	chr17	8153424	8154246	-	718	3660	same_strand	1	D0_000236	826	1	1	1	1	0
ENSG00000290928	ENSG00000290928	lncRNA	chr17	30666960	30804079	+	129	601	same_strand	1	D0_015334	76	1	1	1	1	1
ENSG00000291063	ENSG00000291063	lncRNA	chr17	31008243	31093127	+	113	509	same_strand	0		0	0	1	1	1	1
ENSG00000295967	ENSG00000295967	lncRNA	chr17	41108230	41111781	+	126	133	clean	1	D0_003057	184	1	1	1	1	0
ENSG00000304661	ENSG00000304661	lncRNA	chr17	43315144	43318133	+	248	1234	clean	1	D0_000663	425	1	1	1	1	0
ENSG00000291175	ENSG00000291175	lncRNA	chr17	45501317	45586340	-	160	457	same_strand	1	D0_000770	391	1	1	1	1	1
ENSG00000304996	ENSG00000304996	lncRNA	chr17	45584285	45588624	+	68	238	same_strand	1	D0_000498	509	1	1	1	1	0
ENSG00000293460	LINC02210	lncRNA	chr17	45620327	45655156	+	60	394	same_strand	0		0	0	1	1	1	1
ENSG00000291209	ENSG00000291209	lncRNA	chr17	46978480	47056124	+	65	181	same_strand	0		0	0	1	1	1	0
ENSG00000293025	ENSG00000293025	lncRNA	chr17	48820588	48909017	-	53	205	same_strand	1	D0_002547	203	1	1	1	1	1
ENSG00000297935	ENSG00000297935	lncRNA	chr17	50148713	50160365	+	52	190	antisense_only	0		0	0	1	1	1	1
ENSG00000308112	ENSG00000308112	lncRNA	chr17	51120946	51122643	+	122	1082	clean	1	D0_004128	158	1	1	1	1	0
ENSG00000290039	ENSG00000290039	lncRNA	chr17	58658900	58659313	-	3365	16915	same_strand	1	D0_000231	834	1	1	1	1	0
ENSG00000293669	ENSG00000293669	lncRNA	chr17	64781483	64837207	-	348	1446	same_strand	1	D0_011726	89	1	1	1	1	1
ENSG00000291140	AMZ2P1	lncRNA	chr17	64966424	64975683	-	107	616	same_strand	1	D0_020696	19	1	1	1	1	1
ENSG00000291214	ENSG00000291214	lncRNA	chr17	68101870	68161227	+	350	1684	same_strand	1	D0_000827	379	1	1	1	1	1
ENSG00000290793	ENSG00000290793	lncRNA	chr17	68205488	68207493	+	85	404	same_strand	0		0	0	1	0	1	0
ENSG00000289070	ENSG00000289070	lncRNA	chr17	74521025	74544846	+	56	327	antisense_only	1	D0_006871	120	1	1	1	1	1
ENSG00000293751	ENSG00000293751	lncRNA	chr17	81861101	81865086	+	105	761	same_strand	1	D0_003544	170	1	1	1	1	0
ENSG00000288839	ENSG00000288839	lncRNA	chr18	13744158	13745777	+	77	395	same_strand	1	D0_011987	88	1	1	1	1	0
ENSG00000293516	ZNF271P	lncRNA	chr18	35267591	35328390	+	148	723	same_strand	0		0	0	1	1	1	1
ENSG00000301129	ENSG00000301129	lncRNA	chr19	12793196	12793572	-	82	432	same_strand	1	D0_003914	162	1	1	1	1	0
ENSG00000304130	ENSG00000304130	lncRNA	chr19	13839188	13841282	+	367	3113	antisense_only	1	D0_000727	403	1	1	1	0	0
ENSG00000308616	ENSG00000308616	lncRNA	chr19	13843045	13845136	+	56	563	clean	1	D0_000377	596	1	1	1	1	0
ENSG00000296918	ENSG00000296918	lncRNA	chr19	13846495	13847883	-	61	471	clean	1	D0_004774	147	1	1	1	1	0
ENSG00000296943	ENSG00000296943	lncRNA	chr19	13846897	13848036	+	230	3177	clean	0		0	1	1	1	0	0
ENSG00000294667	ENSG00000294667	lncRNA	chr19	14006920	14007496	+	61	478	antisense_only	1	D0_001916	237	1	1	1	1	0
ENSG00000302647	ENSG00000302647	lncRNA	chr19	14374933	14375191	-	65	414	clean	1	D0_000830	378	1	1	1	0	0
ENSG00000290008	ENSG00000290008	lncRNA	chr19	15332593	15344642	+	56	355	same_strand	1	D0_001472	273	1	1	1	1	1
ENSG00000299858	ENSG00000299858	lncRNA	chr19	18279731	18280083	+	91	546	antisense_only	1	D0_005093	142	1	1	1	1	1
ENSG00000297373	ENSG00000297373	lncRNA	chr19	18281790	18285933	+	400	11798	same_strand	1	D0_000220	850	1	1	1	1	1
ENSG00000297388	ENSG00000297388	lncRNA	chr19	18282091	18282968	+	83	2281	same_strand	0		0	1	1	1	1	0
ENSG00000293959	ENSG00000293959	lncRNA	chr19	18292906	18321999	+	67	432	antisense_only	1	D0_008932	104	1	1	1	1	1
ENSG00000291177	ZNF56P	lncRNA	chr19	19775999	19836200	+	125	740	same_strand	0		0	0	1	1	1	1
ENSG00000288920	RPSA2	protein_coding	chr19	23762943	23871162	+	485	1701	same_strand	1	D0_000301	683	1	1	1	1	1
ENSG00000288942	ENSG00000288942	lncRNA	chr19	35267861	35268131	-	88	549	antisense_only	1	D0_009576	100	1	1	1	1	0
ENSG00000304370	ENSG00000304370	lncRNA	chr19	35908620	35909370	-	51	195	clean	1	D0_016369	53	1	1	1	0	0
ENSG00000288919	ENSG00000288919	lncRNA	chr19	39402777	39404506	+	199	1662	clean	1	D0_000801	384	1	1	1	1	0
ENSG00000289298	ENSG00000289298	lncRNA	chr19	41530215	41531859	-	225	2315	antisense_only	1	D0_001462	274	1	1	1	1	0
ENSG00000288827	ENSG00000288827	lncRNA	chr19	47349354	47350224	+	88	423	same_strand	1	D0_004132	158	1	1	1	1	0
ENSG00000295248	ENSG00000295248	lncRNA	chr19	49817617	49817959	+	115	989	clean	1	D0_005551	135	1	1	1	0	0
ENSG00000291230	NAPSB	lncRNA	chr19	50333791	50344806	-	302	2650	same_strand	1	D0_006393	125	1	1	1	1	1
ENSG00000293495	C19orf48P	lncRNA	chr19	50797686	50804931	-	101	753	same_strand	0		0	0	1	1	1	1
ENSG00000293246	ZNF321P	lncRNA	chr19	52927134	52942601	-	82	460	same_strand	0		0	0	1	1	1	1
ENSG00000291131	ENSG00000291131	lncRNA	chr19	53197050	53257684	+	75	148	same_strand	1	D0_017717	34	1	1	1	1	1
ENSG00000293185	TPM3P9	lncRNA	chr19	53431983	53444670	+	55	167	same_strand	1	D0_005482	136	1	1	1	1	0
ENSG00000295857	ENSG00000295857	lncRNA	chr19	54295997	54299359	-	127	894	same_strand	1	D0_006217	127	1	1	1	1	0
ENSG00000288899	ENSG00000288899	lncRNA	chr19	57297510	57298391	+	244	864	clean	1	D0_001239	302	1	1	1	1	0
ENSG00000289191	ENSG00000289191	lncRNA	chr2	8281457	8282797	-	52	216	same_strand	0		0	0	1	1	1	0
ENSG00000300218	ENSG00000300218	lncRNA	chr2	30164683	30169389	+	138	1454	clean	1	D0_000192	916	1	1	1	1	0
ENSG00000289013	ENSG00000289013	lncRNA	chr2	40394672	40396777	-	99	340	same_strand	1	D0_008957	103	1	1	1	0	0
ENSG00000289272	ENSG00000289272	lncRNA	chr2	44228187	44229195	+	86	346	same_strand	1	D0_008513	106	1	1	1	0	0
ENSG00000289627	ENSG00000289627	lncRNA	chr2	54581576	54582580	+	65	250	same_strand	0		0	0	1	1	0	0
ENSG00000293434	AHSA2P	lncRNA	chr2	61177417	61191203	+	299	1482	same_strand	0		0	0	1	1	1	1
ENSG00000289410	ENSG00000289410	lncRNA	chr2	61678548	61764699	-	61	349	same_strand	1	D0_004475	151	1	1	1	1	0
ENSG00000289855	ENSG00000289855	lncRNA	chr2	61763892	61766653	+	62	955	clean	1	D0_010113	96	1	1	1	1	0
ENSG00000293616	PCBP1-AS1	lncRNA	chr2	69962262	70089206	-	224	947	same_strand	0		0	0	1	1	1	1
ENSG00000289463	ENSG00000289463	lncRNA	chr2	71419973	71422314	+	103	315	same_strand	1	D0_008674	105	1	1	1	0	0
ENSG00000290110	ENSG00000290110	lncRNA	chr2	85328083	85328945	+	62	414	antisense_only	1	D0_004962	143	1	1	1	1	0
ENSG00000307645	ENSG00000307645	lncRNA	chr2	88002586	88016780	-	155	438	same_strand	1	D0_005030	142	1	1	1	1	0
ENSG00000291127	ANKRD36BP2	lncRNA	chr2	88765738	88806619	+	63	135	same_strand	0		0	0	1	0	1	1
ENSG00000290846	ENSG00000290846	lncRNA	chr2	89539627	89585714	-	50	181	same_strand	0		0	0	1	1	1	0
ENSG00000288948	ENSG00000288948	lncRNA	chr2	101797889	101800135	+	61	313	same_strand	0		0	0	1	1	0	0
ENSG00000302152	ENSG00000302152	lncRNA	chr2	127700092	127700595	-	61	347	clean	1	D0_014796	77	1	1	1	0	0
ENSG00000293311	SMPD4BP	lncRNA	chr2	131492812	131521576	+	69	269	same_strand	1	D0_012045	87	1	1	1	1	1
ENSG00000289974	ENSG00000289974	lncRNA	chr2	136119267	136120289	+	97	631	clean	1	D0_005890	130	1	1	1	1	0
ENSG00000303865	ENSG00000303865	lncRNA	chr2	142873581	142874209	+	95	402	clean	1	D0_004599	149	1	1	1	0	0
ENSG00000307107	ENSG00000307107	lncRNA	chr2	144490972	144501960	+	95	356	antisense_only	1	D0_007450	114	1	1	1	1	0
ENSG00000309294	ENSG00000309294	lncRNA	chr2	156341812	156367486	+	183	1244	antisense_only	1	D0_009951	97	1	1	1	1	0
ENSG00000290018	ENSG00000290018	lncRNA	chr2	174719820	174720853	+	150	470	same_strand	1	D0_000381	591	1	1	1	1	0
ENSG00000288900	ENSG00000288900	lncRNA	chr2	191673766	191677869	-	119	424	clean	1	D0_001783	246	1	1	1	1	0
ENSG00000293913	ENSG00000293913	lncRNA	chr2	196210953	196211385	-	96	322	same_strand	1	D0_003180	179	1	1	1	0	0
ENSG00000289698	ENSG00000289698	lncRNA	chr2	201273052	201277529	+	67	444	same_strand	0		0	0	1	1	1	1
ENSG00000289294	ENSG00000289294	lncRNA	chr2	203237260	203239307	-	144	732	antisense_only	1	D0_003651	167	1	1	1	1	0
ENSG00000291236	ENSG00000291236	lncRNA	chr2	218059153	218065732	-	77	348	same_strand	0		0	0	1	0	1	0
ENSG00000291147	ENSG00000291147	lncRNA	chr2	242086098	242176052	+	59	237	same_strand	1	D0_020192	20	1	1	1	1	1
ENSG00000291100	ENSG00000291100	lncRNA	chr20	28559375	28603092	-	281	1408	same_strand	0		0	0	1	1	1	1
ENSG00000289872	ENSG00000289872	lncRNA	chr20	35742410	35745031	+	573	2569	clean	1	D0_000336	637	1	1	1	1	1
ENSG00000294546	ENSG00000294546	lncRNA	chr20	48921056	48921642	-	63	271	clean	1	D0_005014	143	1	1	1	1	0
ENSG00000291067	ENSG00000291067	lncRNA	chr20	58228924	58310190	-	108	484	same_strand	0		0	0	1	1	1	1
ENSG00000291050	TEKT4P2	lncRNA	chr21	8995097	9129773	-	140	597	same_strand	1	D0_011755	89	1	1	1	1	1
ENSG00000308554	ENSG00000308554	lncRNA	chr21	28995234	29003544	-	106	481	same_strand	1	D0_005097	142	1	1	1	1	0
ENSG00000308572	ENSG00000308572	lncRNA	chr21	29002846	29003401	+	78	433	clean	1	D0_002844	191	1	1	1	1	0
ENSG00000290418	TPTEP1	lncRNA	chr22	16601306	16698742	+	124	274	same_strand	0		0	0	1	0	1	1
ENSG00000293427	ENSG00000293427	lncRNA	chr22	21472997	21518463	-	74	487	same_strand	0		0	0	1	1	1	0
ENSG00000291087	CRYBB2P1	lncRNA	chr22	25448052	25540803	+	87	446	same_strand	1	D0_021501	17	1	1	1	1	1
ENSG00000307561	ENSG00000307561	lncRNA	chr22	30269688	30284363	-	115	716	same_strand	1	D0_005285	139	1	1	1	1	0
ENSG00000294512	ENSG00000294512	lncRNA	chr22	35838258	35839935	-	1137	4885	same_strand	1	D0_000069	2589	1	1	1	0	0
ENSG00000291015	ENSG00000291015	lncRNA	chr22	38335299	38398929	-	134	592	same_strand	0		0	0	1	1	1	1
ENSG00000289963	ENSG00000289963	lncRNA	chr22	39066255	39069975	+	193	685	clean	1	D0_000909	361	1	1	1	1	0
ENSG00000293428	C22orf46P	lncRNA	chr22	41688876	41698136	+	159	1064	same_strand	1	D0_013813	81	1	1	1	1	0
ENSG00000291035	RRP7BP	lncRNA	chr22	42555211	42582039	-	139	851	same_strand	0		0	0	1	1	1	1
ENSG00000289947	ENSG00000289947	lncRNA	chr22	50541490	50541847	-	76	256	antisense_only	1	D0_005639	134	1	1	1	0	0
ENSG00000291224	ENSG00000291224	lncRNA	chr3	9986881	10007004	+	98	495	same_strand	0		0	0	1	1	1	1
ENSG00000291078	ENSG00000291078	lncRNA	chr3	10000605	10026755	-	63	536	same_strand	0		0	0	1	1	1	0
ENSG00000289138	ENSG00000289138	lncRNA	chr3	19951701	19953352	+	57	606	same_strand	0		0	0	1	1	1	0
ENSG00000293339	ENSG00000293339	lncRNA	chr3	22381719	22382929	+	56	174	same_strand	1	D0_016637	47	1	1	1	1	0
ENSG00000308157	ENSG00000308157	lncRNA	chr3	30607320	30607815	+	335	1100	same_strand	1	D0_000696	414	1	1	1	0	0
ENSG00000294831	ENSG00000294831	lncRNA	chr3	40907885	40972391	+	56	379	antisense_only	1	D0_015829	69	1	1	1	1	0
ENSG00000307241	ENSG00000307241	lncRNA	chr3	51539663	51541057	+	222	782	clean	1	D0_001651	256	1	1	1	0	0
ENSG00000295591	ENSG00000295591	lncRNA	chr3	101561233	101561815	-	94	847	clean	1	D0_007809	111	1	1	1	1	0
ENSG00000293268	ENSG00000293268	protein_coding	chr3	101686826	101713301	+	236	1173	same_strand	1	D0_018131	30	1	1	1	1	1
ENSG00000289469	ENSG00000289469	lncRNA	chr3	129183766	129225602	+	79	424	antisense_only	1	D0_005572	134	1	1	1	1	0
ENSG00000290993	ENSG00000290993	lncRNA	chr3	129333722	129399699	-	275	1190	same_strand	1	D0_012058	87	1	1	1	1	1
ENSG00000302206	ENSG00000302206	lncRNA	chr3	169483182	169510351	-	60	269	same_strand	1	D0_005174	140	1	1	1	1	0
ENSG00000300864	ENSG00000300864	lncRNA	chr3	169772470	169773371	-	145	920	antisense_only	1	D0_003228	178	1	1	1	1	0
ENSG00000289574	ENSG00000289574	lncRNA	chr3	179370391	179371971	+	96	399	same_strand	1	D0_012061	87	1	1	1	1	0
ENSG00000288794	ENSG00000288794	lncRNA	chr3	188300454	188301990	+	68	216	same_strand	1	D0_015450	75	1	1	1	0	0
ENSG00000290763	SDHAP1	lncRNA	chr3	195959280	195990325	-	104	526	same_strand	1	D0_021247	17	1	1	1	1	1
ENSG00000288990	ENSG00000288990	lncRNA	chr3	196636179	196639664	-	80	319	clean	1	D0_012065	87	1	1	1	1	0
ENSG00000290054	ENSG00000290054	lncRNA	chr3	196690176	196693827	+	54	201	same_strand	0		0	0	1	1	0	1
ENSG00000289396	ENSG00000289396	lncRNA	chr3	197073878	197075341	-	79	369	same_strand	1	D0_011616	89	1	1	1	1	0
ENSG00000291091	ENSG00000291091	lncRNA	chr3	197556723	197627930	-	129	643	same_strand	0		0	0	1	1	1	1
ENSG00000289865	ENSG00000289865	lncRNA	chr4	10117009	10119479	+	194	1826	clean	1	D0_001957	234	1	1	1	1	0
ENSG00000305512	ENSG00000305512	lncRNA	chr4	15667559	15700387	-	123	156	same_strand	1	D0_004436	152	1	1	1	1	0
ENSG00000299967	ENSG00000299967	lncRNA	chr4	73069850	73071828	+	56	235	clean	1	D0_015938	65	1	1	1	1	0
ENSG00000289496	ENSG00000289496	lncRNA	chr4	77076034	77151502	+	63	318	antisense_only	1	D0_005176	140	1	1	1	1	0
ENSG00000291201	ENSG00000291201	lncRNA	chr4	118591711	118679860	+	87	397	same_strand	1	D0_016347	53	1	1	1	1	0
ENSG00000291202	ENSG00000291202	lncRNA	chr4	119405522	119455220	-	54	305	same_strand	0		0	0	1	1	1	0
ENSG00000291203	ENSG00000291203	lncRNA	chr4	119454683	119555535	+	95	598	same_strand	1	D0_013609	81	1	1	1	1	1
ENSG00000296549	ENSG00000296549	lncRNA	chr4	139178105	139179801	+	54	423	clean	1	D0_013910	80	1	1	1	1	0
ENSG00000306779	ENSG00000306779	lncRNA	chr4	141333561	141427968	+	72	231	same_strand	1	D0_013074	83	1	1	1	1	1
ENSG00000303860	ENSG00000303860	lncRNA	chr4	169641558	169660155	-	93	424	antisense_only	1	D0_003472	171	1	1	1	1	0
ENSG00000291079	SDHAP3	lncRNA	chr5	1541606	1634036	-	173	1090	same_strand	0		0	0	1	1	1	1
ENSG00000293060	ENSG00000293060	lncRNA	chr5	17353694	17354624	-	315	839	same_strand	0		0	0	1	0	1	0
ENSG00000291102	GUSBP1	lncRNA	chr5	21341810	21779522	+	213	1048	same_strand	1	D0_007820	111	1	1	1	1	1
ENSG00000290548	ENSG00000290548	lncRNA	chr5	34051308	34244861	-	130	582	same_strand	1	D0_017173	39	1	1	1	1	1
ENSG00000300760	ENSG00000300760	lncRNA	chr5	42949979	42950403	+	51	583	clean	1	D0_003271	177	1	1	1	0	0
ENSG00000289152	ENSG00000289152	lncRNA	chr5	57172295	57173794	-	209	2042	clean	1	D0_001225	303	1	1	1	1	0
ENSG00000307181	ENSG00000307181	lncRNA	chr5	61375056	61377037	+	75	1003	same_strand	0		0	0	1	1	0	0
ENSG00000290560	GUSBP3	lncRNA	chr5	69544382	69710607	-	242	587	same_strand	1	D0_002438	207	1	1	1	1	1
ENSG00000290556	ENSG00000290556	lncRNA	chr5	69607037	69649935	+	195	754	same_strand	1	D0_000509	495	1	1	1	1	0
ENSG00000300022	ENSG00000300022	lncRNA	chr5	70094642	70290341	-	90	443	same_strand	1	D0_000418	567	1	1	1	1	0
ENSG00000291220	ENSG00000291220	lncRNA	chr5	70401442	70454164	+	77	150	same_strand	1	D0_020224	20	1	1	1	1	0
ENSG00000300109	ENSG00000300109	lncRNA	chr5	70441164	70585881	-	1053	2051	same_strand	1	D0_000225	841	1	1	1	1	0
ENSG00000291221	ENSG00000291221	lncRNA	chr5	70462224	70537636	+	672	2268	same_strand	1	D0_000982	345	1	1	1	0	0
ENSG00000297805	ENSG00000297805	lncRNA	chr5	70719774	70884452	+	193	676	same_strand	1	D0_001039	332	1	1	1	1	0
ENSG00000296329	ENSG00000296329	lncRNA	chr5	71121282	71289825	-	330	1534	same_strand	1	D0_003131	181	1	1	1	1	0
ENSG00000303913	ENSG00000303913	lncRNA	chr5	87413130	87413849	+	51	750	same_strand	0		0	0	1	1	0	0
ENSG00000310517	CAST	protein_coding	chr5	96247755	96779595	+	1953	7032	same_strand	1	D0_010555	94	1	1	1	1	1
ENSG00000288965	ENSG00000288965	lncRNA	chr5	111238809	111240319	+	113	738	same_strand	1	D0_005976	129	1	1	1	1	0
ENSG00000289155	ENSG00000289155	lncRNA	chr5	138543434	138544244	+	80	673	clean	1	D0_000636	433	1	1	1	1	0
ENSG00000293441	ENSG00000293441	lncRNA	chr5	140571198	140595069	-	60	285	same_strand	0		0	0	1	1	1	1
ENSG00000289306	ENSG00000289306	lncRNA	chr5	142149434	142150200	+	76	380	same_strand	1	D0_004196	156	1	1	1	0	0
ENSG00000288764	ENSG00000288764	lncRNA	chr5	159237935	159263268	-	53	428	antisense_only	1	D0_015789	71	1	1	1	1	0
ENSG00000295914	ENSG00000295914	lncRNA	chr5	172762032	172765464	-	91	722	same_strand	1	D0_005383	137	1	1	1	1	0
ENSG00000288737	ENSG00000288737	lncRNA	chr5	172807435	172808088	+	175	498	clean	1	D0_002263	216	1	1	1	1	0
ENSG00000289085	ENSG00000289085	lncRNA	chr5	173911681	173912938	+	72	367	same_strand	0		0	0	1	1	1	0
ENSG00000289731	ENSG00000289731	protein_coding	chr5	176058716	176159271	+	65	596	same_strand	0		0	0	1	1	1	0
ENSG00000291113	ENSG00000291113	lncRNA	chr5	177807680	177983054	+	352	1945	same_strand	1	D0_011630	89	1	1	1	1	0
ENSG00000307289	ENSG00000307289	lncRNA	chr6	3069026	3070065	+	55	473	same_strand	0		0	0	1	1	1	0
ENSG00000288851	ENSG00000288851	lncRNA	chr6	24719832	24720644	+	56	249	antisense_only	1	D0_015734	73	1	1	1	1	0
ENSG00000293489	CMAHP	lncRNA	chr6	25061610	25452263	-	119	398	same_strand	0		0	0	1	1	1	1
ENSG00000289117	ENSG00000289117	lncRNA	chr6	26157144	26157938	-	66	383	clean	1	D0_011404	90	1	1	1	1	0
ENSG00000304009	ENSG00000304009	lncRNA	chr6	26232714	26233817	-	63	200	antisense_only	1	D0_005315	138	1	1	1	1	0
ENSG00000290474	ENSG00000290474	lncRNA	chr6	26813825	26964603	-	191	1152	same_strand	1	D0_016236	56	1	1	1	1	0
ENSG00000290051	ENSG00000290051	lncRNA	chr6	28335661	28337219	+	99	473	antisense_only	1	D0_015187	76	1	1	1	1	0
ENSG00000309476	ENSG00000309476	lncRNA	chr6	29628870	29629828	+	67	282	antisense_only	1	D0_013360	82	1	1	1	1	0
ENSG00000290710	HLA-V	lncRNA	chr6	29790953	29805501	+	326	231	same_strand	1	D0_020882	18	1	1	1	1	1
ENSG00000293508	POLR1HASP	lncRNA	chr6	29862623	30067051	-	81	458	same_strand	1	D0_019656	22	1	1	1	1	1
ENSG00000310496	ENSG00000310496	lncRNA	chr6	29925917	29930754	+	65	269	same_strand	1	D0_013087	83	1	1	1	1	1
ENSG00000290574	ENSG00000290574	lncRNA	chr6	30005970	30009970	+	125	463	same_strand	0		0	0	1	1	1	1
ENSG00000289375	ENSG00000289375	lncRNA	chr6	31610852	31620998	-	96	461	same_strand	1	D0_006650	122	1	1	1	1	1
ENSG00000290878	HLA-DRB6	lncRNA	chr6	32551854	32560022	-	2642	4757	same_strand	1	D0_000056	3428	1	1	1	1	1
ENSG00000289047	ENSG00000289047	lncRNA	chr6	32894143	32903758	+	92	339	same_strand	1	D0_009821	98	1	1	1	1	1
ENSG00000289100	ENSG00000289100	lncRNA	chr6	33299465	33301090	+	330	2756	antisense_only	1	D0_011855	88	1	1	1	1	0
ENSG00000288879	ENSG00000288879	lncRNA	chr6	34235829	34236794	-	104	586	clean	1	D0_004851	145	1	1	1	1	0
ENSG00000290555	LINC00680	lncRNA	chr6	57855889	57961501	-	261	1439	same_strand	1	D0_018016	31	1	1	1	1	1
ENSG00000309777	ENSG00000309777	lncRNA	chr6	89721144	89721831	+	82	281	antisense_only	1	D0_000326	649	1	1	1	0	0
ENSG00000293493	VNN3P	lncRNA	chr6	132722783	132736935	-	96	95	same_strand	1	D0_019420	23	1	1	1	1	1
ENSG00000289312	ENSG00000289312	lncRNA	chr6	136288894	136305818	+	75	548	antisense_only	1	D0_001370	285	1	1	1	1	0
ENSG00000288910	ENSG00000288910	lncRNA	chr6	157060631	157061587	+	75	291	same_strand	1	D0_012112	87	1	1	1	0	0
ENSG00000291237	SOD2	protein_coding	chr6	159669068	159762529	-	1853	9703	same_strand	1	D0_002174	221	1	1	1	1	1
ENSG00000308813	ENSG00000308813	lncRNA	chr6	166331775	166342883	-	90	342	same_strand	1	D0_005590	134	1	1	1	1	1
ENSG00000288792	ENSG00000288792	lncRNA	chr7	2642736	2643373	+	75	235	same_strand	1	D0_013961	80	1	1	1	0	0
ENSG00000291099	ENSG00000291099	lncRNA	chr7	5823100	5854444	+	120	642	same_strand	1	D0_014575	78	1	1	1	1	1
ENSG00000289269	ENSG00000289269	lncRNA	chr7	40064966	40065478	+	67	257	same_strand	1	D0_007244	116	1	1	1	1	0
ENSG00000290758	POLR2J4	lncRNA	chr7	43940894	44040670	-	652	3329	same_strand	1	D0_004442	152	1	1	1	1	1
ENSG00000307669	ENSG00000307669	lncRNA	chr7	44606951	44607700	+	112	370	same_strand	1	D0_005125	141	1	1	1	1	0
ENSG00000291207	ENSG00000291207	lncRNA	chr7	45723771	45769247	-	156	942	same_strand	0		0	0	1	1	1	1
ENSG00000290926	LINC03006	lncRNA	chr7	65647009	65773803	-	240	1227	same_strand	1	D0_004921	144	1	1	1	1	1
ENSG00000291136	RABGEF1P1	lncRNA	chr7	66512392	66592448	-	381	1899	same_strand	1	D0_014276	79	1	1	1	1	1
ENSG00000289015	ENSG00000289015	lncRNA	chr7	66681257	66682067	-	209	1104	antisense_only	1	D0_002228	218	1	1	1	1	0
ENSG00000289177	ENSG00000289177	lncRNA	chr7	66844969	66899203	+	52	345	same_strand	1	D0_022790	14	1	1	1	1	1
ENSG00000291154	ENSG00000291154	lncRNA	chr7	67100904	67335336	-	367	2067	same_strand	1	D0_000858	371	1	1	1	1	1
ENSG00000291153	STAG3L4	lncRNA	chr7	67302595	67363094	+	91	442	same_strand	1	D0_012859	84	1	1	1	1	1
ENSG00000291152	SBDSP1	lncRNA	chr7	72829373	72837399	+	191	1160	same_strand	1	D0_001226	303	1	1	1	1	1
ENSG00000290831	NSUN5P2	lncRNA	chr7	72947580	72954790	-	118	465	same_strand	0		0	0	1	0	1	1
ENSG00000290832	ENSG00000290832	lncRNA	chr7	72968169	73005985	-	499	2252	same_strand	1	D0_009659	99	1	1	1	1	1
ENSG00000290838	NCF1B	lncRNA	chr7	73220582	73236006	+	200	2544	same_strand	1	D0_007582	113	1	1	1	0	1
ENSG00000290833	ENSG00000290833	lncRNA	chr7	74843753	74890610	-	129	1017	same_strand	1	D0_005595	134	1	1	1	1	1
ENSG00000290871	GTF2IP1	lncRNA	chr7	75185382	75237696	-	151	577	same_strand	0		0	0	1	1	1	0
ENSG00000291151	NSUN5P1	lncRNA	chr7	75410321	75416794	+	134	538	same_strand	0		0	0	1	0	1	0
ENSG00000291092	PMS2P3	lncRNA	chr7	75490412	75528172	-	56	247	same_strand	1	D0_008415	107	1	1	1	1	1
ENSG00000290873	LINC03009	lncRNA	chr7	76549359	76689386	+	82	535	same_strand	1	D0_019670	22	1	1	1	1	1
ENSG00000291178	ENSG00000291178	lncRNA	chr7	100275440	100336384	-	227	1329	same_strand	1	D0_006754	121	1	1	1	1	1
ENSG00000302574	ENSG00000302574	lncRNA	chr7	105012804	105013863	+	62	363	antisense_only	1	D0_021309	17	1	1	1	1	0
ENSG00000303921	ENSG00000303921	lncRNA	chr7	139227440	139230307	-	51	259	same_strand	1	D0_004155	157	1	1	1	1	0
ENSG00000288882	ENSG00000288882	lncRNA	chr7	142716830	142719234	+	67	139	clean	1	D0_012865	84	1	1	1	1	0
ENSG00000291149	ENSG00000291149	lncRNA	chr7	143721658	143837377	-	110	405	same_strand	1	D0_021732	16	1	1	1	1	0
ENSG00000291118	ZNF767P	lncRNA	chr7	149547153	149624752	-	144	666	same_strand	1	D0_013977	80	1	1	1	1	0
ENSG00000289470	ENSG00000289470	lncRNA	chr7	150760803	150782279	-	62	199	clean	1	D0_002059	228	1	1	1	1	1
ENSG00000289334	ENSG00000289334	lncRNA	chr8	30094323	30095370	-	61	523	clean	1	D0_007590	113	1	1	1	1	0
ENSG00000300552	ENSG00000300552	lncRNA	chr8	33513465	33513589	+	74	203	same_strand	1	D0_007249	116	1	1	1	1	0
ENSG00000289603	ENSG00000289603	lncRNA	chr8	42140198	42143630	+	58	663	clean	1	D0_015737	73	1	1	1	1	0
ENSG00000292997	ENSG00000292997	lncRNA	chr8	56588384	56588787	+	103	445	same_strand	0		0	0	1	0	1	0
ENSG00000288596	C8orf44	lncRNA	chr8	66667474	66685564	+	80	351	same_strand	1	D0_003527	170	1	1	1	1	1
ENSG00000310415	ENSG00000310415	lncRNA	chr8	100721499	100721983	+	62	306	antisense_only	1	D0_012129	87	1	1	1	1	0
ENSG00000293064	ENSG00000293064	lncRNA	chr8	101333101	101373191	+	138	527	same_strand	0		0	0	1	0	1	0
ENSG00000289161	ENSG00000289161	lncRNA	chr8	143556815	143558386	-	55	249	antisense_only	0		0	0	1	1	1	0
ENSG00000291317	TMEM276	protein_coding	chr8	144463816	144466890	-	121	638	same_strand	0		0	0	1	0	1	0
ENSG00000291080	ZNF252P	lncRNA	chr8	144973588	145003445	-	70	261	same_strand	0		0	0	1	0	1	1
ENSG00000301759	ENSG00000301759	lncRNA	chr9	6622817	6623631	+	65	203	antisense_only	0		0	0	1	0	1	1
ENSG00000290923	PGM5P2	lncRNA	chr9	40900522	41074965	-	136	529	same_strand	1	D0_003477	171	1	1	1	1	0
ENSG00000291075	FRG1HP	lncRNA	chr9	40992064	41090006	+	405	2073	same_strand	0		0	0	1	1	1	1
ENSG00000288838	ENSG00000288838	lncRNA	chr9	62798832	62802715	-	57	256	same_strand	1	D0_016715	46	1	1	1	1	0
ENSG00000309428	ENSG00000309428	lncRNA	chr9	63813641	63819300	+	73	384	antisense_only	1	D0_000719	404	1	1	1	1	0
ENSG00000302601	ENSG00000302601	lncRNA	chr9	65287848	65312629	-	57	118	same_strand	0		0	0	1	1	1	1
ENSG00000288771	ENSG00000288771	lncRNA	chr9	68954527	68975932	-	135	544	antisense_only	0		0	0	1	1	1	1
ENSG00000289159	ENSG00000289159	lncRNA	chr9	70419208	70420950	-	148	475	clean	1	D0_001391	281	1	1	1	1	1
ENSG00000288865	ENSG00000288865	lncRNA	chr9	72365345	72366412	+	58	419	clean	1	D0_009523	100	1	1	1	0	0
ENSG00000290770	MFSD14CP	lncRNA	chr9	96885845	97013790	-	366	1894	same_strand	1	D0_009854	98	1	1	1	1	1
ENSG00000293514	CUTALP	lncRNA	chr9	120824827	120854385	+	1032	1631	same_strand	1	D0_000803	383	1	1	1	1	1
ENSG00000288995	ENSG00000288995	lncRNA	chr9	126819281	126820987	+	61	233	same_strand	0		0	0	1	1	0	0
ENSG00000288924	ENSG00000288924	lncRNA	chr9	129891880	129893638	-	184	736	same_strand	1	D0_002593	200	1	1	1	1	0
ENSG00000288701	PRRC2B	protein_coding	chr9	131373635	131500197	+	416	2175	same_strand	1	D0_007262	116	1	1	1	1	1
ENSG00000310560	PAXX	protein_coding	chr9	136992402	136994074	+	799	4293	same_strand	0		0	0	1	1	1	1
ENSG00000299654	ENSG00000299654	lncRNA	chr9	137118344	137130044	-	61	249	clean	1	D0_014620	78	1	1	1	1	0
ENSG00000290746	CA5BP1	lncRNA	chrX	15674931	15703724	+	55	285	same_strand	1	D0_012996	84	1	1	1	1	0
ENSG00000307891	ENSG00000307891	lncRNA	chrX	15854901	15856418	+	75	486	antisense_only	1	D0_009588	100	1	1	1	1	0
ENSG00000289472	ENSG00000289472	lncRNA	chrX	24168658	24169609	+	51	106	same_strand	0		0	0	1	1	1	0
ENSG00000309836	ENSG00000309836	lncRNA	chrX	107711278	107712051	+	96	457	clean	1	D0_006889	120	1	1	1	0	0
ENSG00000288722	F8A1	protein_coding	chrX	154886354	154888061	+	263	1648	same_strand	0		0	0	1	0	0	0
ENSG00000293442	PRKY	lncRNA	chrY	7273971	7381548	+	452	2309	same_strand	1	D0_013000	84	1	1	1	1	1
ENSG00000291032	ENSG00000291032	lncRNA	chrY	11116285	11215207	-	123	791	same_strand	0		0	0	1	1	1	1
ENSG00000291033	TXLNGY	lncRNA	chrY	19567312	19606274	+	618	2436	same_strand	0		0	0	1	1	1	1
